transaction_id,transaction_date,description,category,transaction_type,amount,payment_method
1,2026-04-15,Bensin,Transportasi,Pengeluaran,6024.0,Tunai
2,2024-11-24,THR,Gaji,Pemasukan,6755121.0,E-Wallet
3,2025-05-24,Restoran,Makanan & Minuman,Pengeluaran,40610.0,Kartu Debit
4,2025-06-08,Wifi rumah,Pulsa & Internet,Pengeluaran,274540.0,Kartu Debit
5,2024-11-26,Subscription,Pembayaran Langganan,Pengeluaran,16504.0,E-Wallet
6,2024-11-26,Bensin,Transportasi,Pengeluaran,15615.0,Kartu Debit
7,2025-03-27,Netflix,Pulsa & Internet,Pengeluaran,63536.0,Kartu Kredit
8,2024-12-14,Cloud storage,Pembayaran Langganan,Pengeluaran,155863.0,Tunai
9,2024-07-26,Iuran lingkungan,Tempat Tinggal,Pengeluaran,699936.0,Tunai
10,2025-12-20,Netflix,Pulsa & Internet,Pengeluaran,191608.0,Kartu Debit
11,2024-06-22,Bayar teman,Transfer Teman/Keluarga,Pengeluaran,169952.0,Transfer Bank
12,2025-01-08,Grab,Transportasi,Pengeluaran,48816.0,Kartu Debit
13,2025-08-13,Patungan,Transfer Teman/Keluarga,Pengeluaran,50772.0,Transfer Bank
14,2025-10-24,Tagihan internet,Pulsa & Internet,Pengeluaran,107874.0,Transfer Bank
15,2025-02-03,Bonus,Gaji,Pemasukan,7090773.0,Tunai
16,2026-03-05,Tempat Tinggal,Tempat Tinggal,Pengeluaran,892842.0,Tunai
17,2024-08-09,Kirim uang,Transfer Teman/Keluarga,Pengeluaran,28221.0,E-Wallet
18,2026-04-21,Game online,Hiburan,Pengeluaran,59641.0,Kartu Debit
19,2025-05-30,Paket data,Pulsa & Internet,Pengeluaran,68867.0,Tunai
20,2025-03-08,THR,Gaji,Pemasukan,6191934.0,E-Wallet
21,2024-10-28,Bayar teman,Transfer Teman/Keluarga,Pengeluaran,493963.0,E-Wallet
22,2024-08-08,Game online,Hiburan,Pengeluaran,189452.0,Lainnya
23,2025-06-15,GoFood,Makanan & Minuman,Pengeluaran,56625.0,Kartu Debit
24,2025-05-20,MRT,Transportasi,Pengeluaran,49049.0,Kartu Debit
25,2025-02-28,Paket data,Pulsa & Internet,Pengeluaran,133391.0,Kartu Kredit
26,2025-06-08,GrabbFood,Makanan & Minuman,Pengeluaran,55931.0,E-Wallet
27,2025-03-01,Trf,Hiburan,Pengeluaran,493072.0,Kartu Kredit
28,2025-05-25,MRT,Transportasi,Pengeluaran,32137.0,Tunai
29,2025-03-13,Lazada,Belanja Bulanan,Pengeluaran,391309.0,Kartu Debit
30,2025-03-24,Tagihan internet,Pulsa & Internet,Pengeluaran,88039.0,Transfer Bank
31,2025-06-29,Trf,Transfer Teman/Keluarga,Pengeluaran,497117.0,Kartu Debit
32,2024-09-05,Transfer,Pulsa & Internet,Pengeluaran,79269.0,Kartu Debit
33,2024-08-15,Bayar kos,Tempat Tinggal,Pengeluaran,2403699.0,E-Wallet
34,2026-01-03,Beli pakaian,Belanja Bulanan,Pengeluaran,191832.0,Transfer Bank
35,2024-09-12,Patungan,Transfer Teman/Keluarga,Pengeluaran,144692.0,Kartu Debit
36,2024-11-12,Membership,Pembayaran Langganan,Pengeluaran,100340.0,E-Wallet
37,2025-11-24,Gaji bulanan,Gaji,Pemasukan,6504090.0,Kartu Debit
38,2026-01-28,Paket data,Pulsa & Internet,Pengeluaran,90616.0,Tunai
39,2026-03-14,Konser,Hiburan,Pengeluaran,88176.0,Kartu Kredit
40,2025-10-27,Bensin,Transportasi,Pengeluaran,19675.0,Transfer Bank
41,2024-06-07,Gaji bulanan,Gaji,Pemasukan,6485159.0,Kartu Debit
5001,2024-10-21,Ngopi,Makanan & Minuman,Pengeluaran,16529.0,Tunai
43,2024-12-01,Bayar teman,Transfer Teman/Keluarga,Pengeluaran,151122.0,Kartu Debit
44,2025-07-24,Kirim uang,Transfer Teman/Keluarga,Pemasukan,309663.0,Kartu Debit
45,2026-05-11,Tagihan,Makanan & Minuman,Pengeluaran,56796.0,Kartu Debit
46,2024-10-13,Shopee,Belanja Bulanan,Pengeluaran,162155.0,E-Wallet
47,2024-12-11,KRL,Transportasi,Pengeluaran,16452.0,E-Wallet
48,2025-04-08,Pulsa,Pulsa & Internet,Pengeluaran,155360.0,Tunai
49,2026-04-15,Air,Tempat Tinggal,Pengeluaran,602365.0,Tunai
50,2025-10-24,Gym membership,Pembayaran Langganan,Pengeluaran,86022.0,E-Wallet
51,2025-10-01,Bensin,Transportasi,Pengeluaran,10000.0,Kartu Debit
52,2025-10-16,Grab,Transportasi,Pengeluaran,26351.0,Transfer Bank
53,2026-05-23,Tol,Transportasi,Pengeluaran,12693.0,Transfer Bank
54,2026-05-07,Liburan,Hiburan,Pengeluaran,78791.0,E-Wallet
55,2025-09-02,Game online,Hiburan,Pengeluaran,240455.0,Kartu Debit
56,2025-05-29,KRL,Transportasi,Pengeluaran,30377.0,Kartu Debit
57,2026-02-02,Listrik,Tempat Tinggal,Pengeluaran,1608424.0,Transfer Bank
58,2025-09-08,Tagihan,Transfer Teman/Keluarga,Pemasukan,285614.0,Tunai
59,2025-10-08,Beli pakaian,Belanja Bulanan,Pengeluaran,299100.0,Transfer Bank
5002,2025-11-29,Cloud storage,Pembayaran Langganan,Pengeluaran,130489.0,E-Wallet
61,2025-01-27,Marketplace,Belanja Bulanan,Pengeluaran,55574.0,Kartu Debit
62,2025-03-02,Bioskop,Hiburan,Pengeluaran,58347.0,E-Wallet
63,2025-03-13,Listrik,Tempat Tinggal,Pengeluaran,567392.0,E-Wallet
64,2026-03-26,Gym membership,Pembayaran Langganan,Pengeluaran,67941.0,Kartu Debit
65,2024-09-27,Marketplace,Belanja Bulanan,Pengeluaran,175068.0,Lainnya
66,2026-03-20,Bonus,Gaji,Pemasukan,7202938.0,Lainnya
67,2024-06-28,Cafe,Makanan & Minuman,Pengeluaran,98760.0,Kartu Kredit
68,2026-05-07,Spotify,Hiburan,Pengeluaran,36883.0,E-Wallet
69,2024-06-25,Netflix,Pulsa & Internet,Pengeluaran,96358.0,Tunai
70,2025-07-21,Subscription,Hiburan,Pengeluaran,112552.0,Transfer Bank
71,2024-09-04,THR,Gaji,Pemasukan,6628180.0,Transfer Bank
72,2024-09-09,Service AC,Tempat Tinggal,Pengeluaran,1111392.0,Kartu Debit
73,2024-07-20,Tagihan,Pulsa & Internet,Pengeluaran,86314.0,Kartu Kredit
74,2025-08-17,Bonus,Gaji,Pemasukan,7004059.0,Tunai
75,2024-06-24,Bayar kos,Tempat Tinggal,Pengeluaran,1290734.0,Transfer Bank
76,2024-06-04,Subscription,Pembayaran Langganan,Pengeluaran,168851.0,E-Wallet
77,2024-09-30,Gym membership,Pembayaran Langganan,Pengeluaran,123081.0,E-Wallet
78,2025-03-16,GoFood,Makanan & Minuman,Pengeluaran,68102.0,E-Wallet
79,2024-09-11,Patungan,Transfer Teman/Keluarga,Pemasukan,159414.0,Transfer Bank
80,2025-03-15,Marketplace,Belanja Bulanan,Pengeluaran,333927.0,E-Wallet
81,2025-07-09,Tagihan internet,Pulsa & Internet,Pengeluaran,74701.0,E-Wallet
82,2025-03-19,Transfer,Transfer Teman/Keluarga,Pemasukan,77115.0,Tunai
83,2025-11-18,Membership,Pembayaran Langganan,Pengeluaran,29953.0,Tunai
84,2026-04-03,MRT,Transportasi,Pengeluaran,10000.0,Tunai
85,2025-01-13,Transfer,Transfer Teman/Keluarga,Pengeluaran,192278.0,E-Wallet
86,2024-09-27,Bayar teman,Transfer Teman/Keluarga,Pengeluaran,259642.0,E-Wallet
87,2025-08-15,Membership,Pembayaran Langganan,Pengeluaran,55335.0,E-Wallet
88,2024-10-08,Spotify,Hiburan,Pengeluaran,101915.0,Kartu Kredit
89,2025-01-25,Kirim uang,Transfer Teman/Keluarga,Pengeluaran,152259.0,E-Wallet
90,2024-08-06,Bayar teman,Transfer Teman/Keluarga,Pemasukan,7312.0,E-Wallet
91,2025-02-06,Beli pakaian,Belanja Bulanan,Pengeluaran,178657.0,Kartu Debit
92,2025-06-29,Tagihan,Transfer Teman/Keluarga,Pengeluaran,325748.0,Kartu Debit
93,2025-12-15,Minimarket,Makanan & Minuman,Pengeluaran,67315.0,Kartu Debit
94,2025-05-31,Membership,Pembayaran Langganan,Pengeluaran,225927.0,E-Wallet
95,2024-12-09,Wifi rumah,Pulsa & Internet,Pengeluaran,97157.0,Transfer Bank
96,2026-05-11,Gym membership,Pembayaran Langganan,Pengeluaran,247329.0,Kartu Debit
97,2025-09-20,Minimarket,Makanan & Minuman,Pengeluaran,65605.0,Kartu Debit
98,2024-12-23,Tagihan,Transfer Teman/Keluarga,Pengeluaran,316572.0,Kartu Kredit
99,2024-11-04,Service AC,Tempat Tinggal,Pengeluaran,1043658.0,Kartu Kredit
100,2025-04-18,Transfer,Transportasi,Pengeluaran,20421.0,E-Wallet
101,2025-02-14,MRT,Transportasi,Pengeluaran,7472.0,Kartu Debit
102,2024-11-04,Ngopi,Makanan & Minuman,Pengeluaran,66250.0,E-Wallet
103,2025-11-08,Bayar teman,Transfer Teman/Keluarga,Pengeluaran,251534.0,Tunai
104,2024-12-21,MRT,Transportasi,Pengeluaran,13865.0,Kartu Kredit
105,2025-07-22,Liburan,Hiburan,Pengeluaran,75378.0,E-Wallet
106,2024-12-16,Pulsa,Pulsa & Internet,Pengeluaran,127473.0,Kartu Debit
107,2025-08-22,Transfer,Transfer Teman/Keluarga,Pemasukan,269179.0,Transfer Bank
108,2025-12-06,Bayar kos,Tempat Tinggal,Pengeluaran,728391.0,Kartu Debit
109,2025-08-05,Transfer,Transfer Teman/Keluarga,Pengeluaran,281139.0,Tunai
110,2026-02-25,Kirim uang,Transfer Teman/Keluarga,Pengeluaran,156664.0,E-Wallet
111,2024-09-08,Liburan,Hiburan,Pengeluaran,76968.0,Transfer Bank
112,2024-05-31,Subscription,Pembayaran Langganan,Pengeluaran,82217.0,Kartu Debit
113,2026-05-12,Konser,Hiburan,Pengeluaran,182358.0,E-Wallet
114,2024-08-29,Marketplace,Transfer Teman/Keluarga,Pemasukan,10000.0,E-Wallet
115,2026-05-09,Bioskop,Hiburan,Pengeluaran,42007.0,Transfer Bank
116,2025-09-22,THR,Gaji,Pemasukan,7742287.0,E-Wallet
117,2025-12-23,Kirim uang,Transfer Teman/Keluarga,Pengeluaran,184072.0,Transfer Bank
118,2024-11-02,Makan malam,Makanan & Minuman,Pengeluaran,39536.0,Transfer Bank
119,2026-01-02,Service AC,Tempat Tinggal,Pengeluaran,1087285.0,Tunai
120,2026-01-25,Bayar teman,Transfer Teman/Keluarga,Pemasukan,209343.0,Transfer Bank
121,2025-11-07,THR,Gaji,Pemasukan,6009524.0,Kartu Kredit
122,2024-09-01,Tokopedia,Belanja Bulanan,Pengeluaran,66434.0,Kartu Debit
123,2024-10-07,Netflix,Hiburan,Pengeluaran,72204.0,E-Wallet
124,2026-03-18,Netfliix,Hiburan,Pengeluaran,33555.0,Kartu Kredit
125,2024-07-09,Game online,Hiburan,Pengeluaran,98108.0,Transfer Bank
126,2025-10-28,Marketplace,Transportasi,Pengeluaran,38870.0,Tunai
128,2024-05-27,Transfer,Belanja Bulanan,Pengeluaran,179344.0,Tunai
129,2025-04-03,Trf,Transfer Teman/Keluarga,Pemasukan,232319.0,Kartu Debit
130,2025-05-16,Wifi rumah,Pulsa & Internet,Pengeluaran,71262.0,E-Wallet
131,2024-10-17,Subscription,Pembayaran Langganan,Pengeluaran,107193.0,Kartu Debit
132,2026-02-27,Gaji bulanan,Gaji,Pemasukan,4797868.0,Tunai
133,2025-04-11,Tagihan,Transportasi,Pengeluaran,10177.0,Tunai
134,2024-06-24,Jajan,Makanan & Minuman,Pengeluaran,75422.0,Kartu Kredit
135,2025-01-21,THR,Gaji,Pemasukan,7116690.0,Kartu Debit
136,2024-07-09,Wifi rumah,Pulsa & Internet,Pengeluaran,64198.0,Transfer Bank
137,2025-08-12,Marketplace,Belanja Bulanan,Pengeluaran,843249.0,Transfer Bank
138,2026-05-03,Konser,Hiburan,Pengeluaran,103648.0,Transfer Bank
139,2026-03-28,Liburan,Hiburan,Pengeluaran,196506.0,Kartu Kredit
140,2024-07-16,Bayar teman,Transfer Teman/Keluarga,Pemasukan,591364.0,E-Wallet
141,2024-11-20,GoFood,Makanan & Minuman,Pengeluaran,58124.0,E-Wallet
142,2024-10-27,Bayar teman,Transfer Teman/Keluarga,Pengeluaran,233360.0,E-Wallet
143,2026-03-03,Transfer,Transfer Teman/Keluarga,Pengeluaran,396446.0,Kartu Debit
144,2025-11-24,MRT,Transportasi,Pengeluaran,50801.0,Transfer Bank
145,2024-11-23,Transfer,Transfer Teman/Keluarga,Pemasukan,10000.0,Lainnya
146,2024-10-24,Cloud storage,Pembayaran Langganan,Pengeluaran,177025.0,E-Wallet
147,2025-01-28,Tagihan internet,Pulsa & Internet,Pengeluaran,76923.0,Transfer Bank
148,2025-03-27,Jajan,Makanan & Minuman,Pengeluaran,23595.0,Transfer Bank
149,2024-07-27,Pembayaran digital,Transfer Teman/Keluarga,Pemasukan,524718.0,Tunai
150,2025-05-28,Restoran,Makanan & Minuman,Pengeluaran,73588.0,Transfer Bank
151,2024-11-26,Gojek,Transportasi,Pengeluaran,16970.0,Kartu Debit
152,2025-08-24,Bayar teman,Transfer Teman/Keluarga,Pengeluaran,291345.0,Kartu Kredit
153,2025-01-30,Kirim uang,Transfer Teman/Keluarga,Pengeluaran,291808.0,Kartu Debit
154,2025-01-14,Belanja Bulanan,Belanja Bulanan,Pengeluaran,185293.0,Transfer Bank
155,2025-10-05,Transfer,Transfer Teman/Keluarga,Pemasukan,295352.0,Kartu Kredit
156,2025-07-21,Kirim uang,Transfer Teman/Keluarga,Pengeluaran,203046.0,Tunai
157,2024-08-15,Patungan,Transfer Teman/Keluarga,Pemasukan,10131.0,E-Wallet
158,2025-09-11,Wifi rumah,Pulsa & Internet,Pengeluaran,177267.0,Kartu Debit
5003,2026-01-29,Membership,Pembayaran Langganan,Pengeluaran,212482.0,E-Wallet
160,2026-03-25,Minimarket,Belanja Bulanan,Pengeluaran,172375.0,Transfer Bank
162,2026-02-24,Transfer,Transfer Teman/Keluarga,Pemasukan,96942.0,Tunai
163,2024-11-22,Shopee,Belanja Bulanan,Pengeluaran,142265.0,E-Wallet
164,2026-05-18,Cloud storage,Pembayaran Langganan,Pengeluaran,92482.0,Tunai
165,2025-08-15,Subscription,Hiburan,Pengeluaran,99461.0,Kartu Kredit
166,2025-03-11,Makan malam,Makanan & Minuman,Pengeluaran,67721.0,Kartu Debit
167,2025-06-26,Pulsa,Pulsa & Internet,Pengeluaran,94516.0,E-Wallet
168,2025-09-08,Gojek,Transportasi,Pengeluaran,40584.0,Tunai
169,2025-08-23,Bonus,Gaji,Pemasukan,6764560.0,Kartu Kredit
170,2024-12-20,Gym membership,Pembayaran Langganan,Pengeluaran,143043.0,Kartu Kredit
171,2024-07-14,Wifi rumah,Pulsa & Internet,Pengeluaran,98692.0,E-Wallet
172,2026-03-01,Konser,Hiburan,Pengeluaran,127595.0,Kartu Debit
173,2026-02-09,Game online,Hiburan,Pengeluaran,51127.0,Transfer Bank
174,2025-04-28,Game online,Hiburan,Pengeluaran,49513.0,Kartu Debit
175,2025-09-24,Spotify,Hiburan,Pengeluaran,123814.0,Kartu Debit
176,2024-07-07,Iuran lingkungan,Tempat Tinggal,Pengeluaran,2325007.0,Kartu Debit
177,2025-04-26,Transfer,Pembayaran Langganan,Pengeluaran,57885.0,Kartu Kredit
178,2024-06-23,Spotify,Hiburan,Pengeluaran,60487.0,Transfer Bank
179,2025-07-17,Kirim uang,Transfer Teman/Keluarga,Pemasukan,282096.0,Tunai
180,2025-04-22,Marketplace,Hiburan,Pengeluaran,120648.0,Kartu Debit
181,2025-01-04,Gym membership,Pembayaran Langganan,Pengeluaran,165450.0,Kartu Debit
182,2026-04-27,Iuran lingkungan,Tempat Tinggal,Pengeluaran,471202.0,Kartu Kredit
183,2025-09-06,Bayar teman,Transfer Teman/Keluarga,Pengeluaran,665661.0,Tunai
184,2025-03-31,Peralatan rumah,Belanja Bulanan,Pengeluaran,217135.0,Lainnya
185,2025-03-11,Tagihan,Tempat Tinggal,Pengeluaran,138675.0,Tunai
186,2025-06-07,Bayar teman,Transfer Teman/Keluarga,Pengeluaran,10000.0,Kartu Debit
187,2025-07-20,Bayar kos,Tempat Tinggal,Pengeluaran,900865.0,Tunai
188,2025-03-29,Iuran lingkungan,Tempat Tinggal,Pengeluaran,688356.0,Tunai
189,2026-05-23,Patungan,Transfer Teman/Keluarga,Pemasukan,131293.0,Kartu Kredit
190,2025-08-19,Bensin,Transportasi,Pengeluaran,24845.0,Kartu Kredit
191,2024-07-03,Iuran lingkungan,Tempat Tinggal,Pengeluaran,1219986.0,E-Wallet
192,2026-03-05,Cloud storage,Pembayaran Langganan,Pengeluaran,96715.0,Kartu Debit
193,2025-05-23,Netflix,Hiburan,Pengeluaran,61828.0,Kartu Kredit
194,2026-03-24,Marketplace,Pulsa & Internet,Pengeluaran,101107.0,Kartu Debit
195,2025-11-22,Bayar kos,Tempat Tinggal,Pengeluaran,1188750.0,Kartu Debit
196,2025-09-06,Transfer,Belanja Bulanan,Pengeluaran,192713.0,Kartu Debit
197,2025-05-10,Makan siang,Makanan & Minuman,Pengeluaran,44424.0,Transfer Bank
198,2025-06-16,MRT,Transportasi,Pengeluaran,83339.0,Kartu Debit
199,2025-05-02,Bonus,Gaji,Pemasukan,6689859.0,Kartu Debit
200,2024-08-17,Spotify,Hiburan,Pengeluaran,119551.0,E-Wallet
201,2025-11-15,THR,Gaji,Pemasukan,8134656.0,Kartu Debit
202,2026-05-06,Marketplace,Belanja Bulanan,Pengeluaran,1245076.0,Kartu Debit
203,2025-01-02,Tagihan,Transportasi,Pengeluaran,30818.0,Tunai
204,2024-10-09,Gojek,Transportasi,Pengeluaran,12832.0,Kartu Kredit
205,2025-11-08,Konser,Hiburan,Pengeluaran,692902.0,Tunai
206,2025-07-16,Membership,Pembayaran Langganan,Pengeluaran,23339.0,Tunai
207,2025-05-19,Bensin,Transportasi,Pengeluaran,16932.0,E-Wallet
208,2026-03-21,Service AC,Tempat Tinggal,Pengeluaran,1040062.0,Kartu Kredit
210,2025-10-18,Bonus,Gaji,Pemasukan,6337563.0,Tunai
211,2025-02-10,Patungan,Transfer Teman/Keluarga,Pengeluaran,262988.0,Kartu Kredit
212,2025-08-09,Bioskop,Hiburan,Pengeluaran,88523.0,Tunai
213,2025-05-07,Tagihan,Transportasi,Pengeluaran,16696.0,E-Wallet
214,2026-05-23,Marketplace,Pembayaran Langganan,Pengeluaran,309664.0,Kartu Kredit
215,2025-07-08,Cloud storage,Pembayaran Langganan,Pengeluaran,103787.0,E-Wallet
216,2024-07-31,Paket data,Pulsa & Internet,Pengeluaran,185532.0,Kartu Debit
217,2025-08-08,Bayar kos,Tempat Tinggal,Pengeluaran,2583229.0,Kartu Kredit
218,2024-07-30,Marketplace,Makanan & Minuman,Pengeluaran,33129.0,Transfer Bank
219,2025-02-05,Pembayaran digital,Tempat Tinggal,Pengeluaran,1073102.0,E-Wallet
220,2024-07-07,Beli pakaian,Belanja Bulanan,Pengeluaran,170725.0,Transfer Bank
221,2024-10-22,Wifi rumah,Pulsa & Internet,Pengeluaran,65007.0,E-Wallet
222,2024-11-09,Iuran lingkungan,Tempat Tinggal,Pengeluaran,749906.0,Kartu Kredit
223,2026-05-25,Tagihan,Gaji,Pemasukan,6110083.0,Kartu Debit
224,2025-11-19,Patungan,Transfer Teman/Keluarga,Pengeluaran,288806.0,E-Wallet
225,2025-06-18,Game online,Hiburan,Pengeluaran,284031.0,Transfer Bank
226,2026-01-11,Jajan,Makanan & Minuman,Pengeluaran,46514.0,E-Wallet
227,2024-12-25,Paket data,Pulsa & Internet,Pengeluaran,151081.0,Tunai
228,2025-11-30,Gym membership,Pembayaran Langganan,Pengeluaran,93321.0,E-Wallet
229,2025-04-16,Bayar kos,Tempat Tinggal,Pengeluaran,2762553.0,Kartu Kredit
230,2024-07-26,Transfer,Transfer Teman/Keluarga,Pengeluaran,401290.0,Kartu Debit
231,2026-03-16,Subscription,Pembayaran Langganan,Pengeluaran,230013.0,Kartu Debit
232,2025-11-09,Transfer,Transfer Teman/Keluarga,Pengeluaran,375334.0,Transfer Bank
233,2026-01-06,Gojek,Transportasi,Pengeluaran,28661.0,Tunai
234,2025-12-09,Gaji bulanan,Gaji,Pemasukan,8614857.0,Transfer Bank
235,2025-01-19,Air,Tempat Tinggal,Pengeluaran,970252.0,E-Wallet
236,2026-03-30,Pulsa,Pulsa & Internet,Pengeluaran,108955.0,Kartu Kredit
237,2025-11-20,Tol,Transportasi,Pengeluaran,70283.0,Transfer Bank
238,2025-06-13,Bayar teman,Transfer Teman/Keluarga,Pengeluaran,173317.0,Tunai
239,2026-04-10,Bonus,Gaji,Pemasukan,8530952.0,Kartu Debit
240,2025-12-25,GrabFood,Makanan & Minuman,Pengeluaran,60479.0,Kartu Debit
241,2025-12-13,GrabbFood,Makanan & Minuman,Pengeluaran,67044.0,Transfer Bank
242,2025-02-14,Grab,Transportasi,Pengeluaran,10000.0,E-Wallet
243,2026-04-30,Cafe,Makanan & Minuman,Pengeluaran,44808.0,Tunai
244,2025-09-11,Kirim uang,Transfer Teman/Keluarga,Pengeluaran,24528.0,Kartu Kredit
245,2024-06-20,Bayar kos,Tempat Tinggal,Pengeluaran,792266.0,Kartu Kredit
246,2024-08-26,Patungan,Transfer Teman/Keluarga,Pengeluaran,354430.0,Tunai
247,2025-05-06,Konser,Hiburan,Pengeluaran,81779.0,Tunai
248,2025-08-19,Transfer,Transfer Teman/Keluarga,Pemasukan,84021.0,Kartu Kredit
249,2024-10-28,Game online,Hiburan,Pengeluaran,99683.0,Kartu Debit
250,2025-10-03,Pembayaran digital,Gaji,Pemasukan,6480699.0,Kartu Debit
251,2026-03-14,Gym membership,Pembayaran Langganan,Pengeluaran,203316.0,Kartu Kredit
252,2025-12-06,Subscription,Pembayaran Langganan,Pengeluaran,87394.0,E-Wallet
253,2024-10-31,KRL,Transportasi,Pengeluaran,8088.0,Kartu Kredit
254,2025-08-01,Tagihan internet,Pulsa & Internet,Pengeluaran,143660.0,Kartu Debit
255,2025-06-12,Transfer,Gaji,Pemasukan,6380097.0,Kartu Debit
257,2024-11-22,Tokopedia,Belanja Bulanan,Pengeluaran,207452.0,E-Wallet
258,2024-08-21,Beli pakaian,Belanja Bulanan,Pengeluaran,110599.0,Kartu Debit
259,2024-11-05,Wifi rumah,Pulsa & Internet,Pengeluaran,103949.0,Kartu Debit
260,2025-09-06,Paket data,Pulsa & Internet,Pengeluaran,37722.0,Kartu Debit
261,2025-02-17,Tagihan internet,Pulsa & Internet,Pengeluaran,132554.0,Transfer Bank
262,2025-02-25,Konser,Hiburan,Pengeluaran,51108.0,Kartu Debit
263,2025-06-13,Paket data,Pulsa & Internet,Pengeluaran,526456.0,Transfer Bank
264,2025-08-29,Iuran lingkungan,Tempat Tinggal,Pengeluaran,615661.0,Tunai
265,2025-01-08,Pembayaran digital,Transportasi,Pengeluaran,10000.0,E-Wallet
266,2025-01-22,Peralatan rumah,Belanja Bulanan,Pengeluaran,393306.0,Kartu Debit
267,2025-02-15,Bayar teman,Transfer Teman/Keluarga,Pengeluaran,16505.0,E-Wallet
268,2025-06-08,Listrik,Tempat Tinggal,Pengeluaran,1001502.0,Kartu Kredit
269,2024-10-11,Bayar kos,Tempat Tinggal,Pengeluaran,4400816.0,E-Wallet
270,2025-04-08,Shopee,Belanja Bulanan,Pengeluaran,155071.0,Transfer Bank
271,2026-01-24,Peralatan rumah,Belanja Bulanan,Pengeluaran,99812.0,Kartu Debit
272,2025-05-08,Spotify,Pembayaran Langganan,Pengeluaran,109667.0,Kartu Debit
273,2025-03-02,Cloud storage,Pembayaran Langganan,Pengeluaran,28878.0,Tunai
274,2025-06-07,Transfer,Transfer Teman/Keluarga,Pengeluaran,361489.0,Transfer Bank
275,2024-11-02,Restoran,Makanan & Minuman,Pengeluaran,39204.0,Tunai
276,2024-11-25,THR,Gaji,Pemasukan,5877356.0,Tunai
277,2025-10-10,Grabb,Transportasi,Pengeluaran,33768.0,E-Wallet
278,2024-09-08,Minimarket,Makanan & Minuman,Pengeluaran,15948.0,Tunai
279,2025-01-29,Air,Tempat Tinggal,Pengeluaran,930211.0,E-Wallet
280,2024-08-06,MRT,Transportasi,Pengeluaran,59158.0,Kartu Debit
281,2025-02-16,Listrik,Tempat Tinggal,Pengeluaran,693795.0,Kartu Debit
282,2025-08-05,Kirim uang,Transfer Teman/Keluarga,Pengeluaran,253913.0,Tunai
283,2025-05-03,Trf,Transfer Teman/Keluarga,Pengeluaran,1064260.0,Kartu Debit
284,2026-04-11,GrabFood,Makanan & Minuman,Pengeluaran,13040.0,E-Wallet
285,2025-07-15,Pembayaran digital,Transfer Teman/Keluarga,Pengeluaran,107590.0,E-Wallet
286,2024-07-07,THR,Gaji,Pemasukan,8605905.0,E-Wallet
287,2024-12-20,Membership,Pembayaran Langganan,Pengeluaran,85461.0,Kartu Kredit
288,2025-03-14,Patungan,Transfer Teman/Keluarga,Pengeluaran,268301.0,Kartu Debit
289,2024-10-14,KRL,Transportasi,Pengeluaran,24328.0,Kartu Debit
290,2025-03-26,Supermarket,Belanja Bulanan,Pengeluaran,394510.0,E-Wallet
291,2025-03-05,Bioskop,Hiburan,Pengeluaran,46099.0,Kartu Kredit
292,2024-10-26,Bayar teman,Transfer Teman/Keluarga,Pengeluaran,389422.0,Tunai
293,2026-05-24,Bayar teman,Transfer Teman/Keluarga,Pemasukan,61015.0,Kartu Kredit
294,2025-11-12,Bayar teman,Transfer Teman/Keluarga,Pemasukan,216063.0,E-Wallet
295,2026-02-18,Ngopi,Makanan & Minuman,Pengeluaran,75725.0,E-Wallet
296,2025-10-18,Shopee,Belanja Bulanan,Pengeluaran,435530.0,Kartu Kredit
297,2026-04-21,Ngopi,Makanan & Minuman,Pengeluaran,66369.0,Tunai
298,2025-04-10,Grab,Transportasi,Pengeluaran,27682.0,Transfer Bank
299,2024-11-07,Kirim uang,Transfer Teman/Keluarga,Pemasukan,244066.0,Transfer Bank
300,2025-04-02,Cloud storage,Pembayaran Langganan,Pengeluaran,160890.0,Kartu Debit
301,2026-05-10,Game online,Hiburan,Pengeluaran,142839.0,Kartu Debit
302,2026-04-23,Kirim uang,Transfer Teman/Keluarga,Pengeluaran,213524.0,Tunai
303,2026-02-02,Air,Tempat Tinggal,Pengeluaran,2032984.0,Tunai
304,2024-07-03,Spotify,Hiburan,Pengeluaran,52774.0,Kartu Kredit
305,2026-03-06,Iuran lingkungan,Tempat Tinggal,Pengeluaran,1107961.0,Transfer Bank
306,2026-05-09,Marketplace,Pulsa & Internet,Pengeluaran,40577.0,Kartu Debit
307,2026-02-11,Supermarket,Belanja Bulanan,Pengeluaran,169590.0,Transfer Bank
308,2024-06-26,Patungan,Transfer Teman/Keluarga,Pengeluaran,1115589.0,Transfer Bank
5004,2025-09-17,Gojek,Transportasi,Pengeluaran,21611.0,E-Wallet
310,2025-07-23,Gaji bulanan,Gaji,Pemasukan,4760774.0,Transfer Bank
311,2025-09-17,Lazada,Belanja Bulanan,Pengeluaran,70199.0,E-Wallet
312,2025-08-16,Iuran lingkungan,Tempat Tinggal,Pengeluaran,410350.0,Tunai
313,2024-11-09,Spotify,Hiburan,Pengeluaran,55692.0,Kartu Debit
314,2024-11-22,Tokopedia,Belanja Bulanan,Pengeluaran,96234.0,Tunai
315,2026-01-02,Marketplace,Pembayaran Langganan,Pemasukan,4953057.0,E-Wallet
316,2024-10-20,Cloud storage,Pembayaran Langganan,Pengeluaran,47556.0,Transfer Bank
317,2025-02-06,Konser,Hiburan,Pengeluaran,87903.0,Transfer Bank
318,2025-03-08,Transfer,Transfer Teman/Keluarga,Pemasukan,126162.0,Kartu Kredit
319,2025-02-15,Kirim uang,Transfer Teman/Keluarga,Pengeluaran,425065.0,Kartu Kredit
320,2024-06-19,Air,Tempat Tinggal,Pengeluaran,1255277.0,Kartu Debit
321,2024-06-04,Parkir,Transportasi,Pengeluaran,37370.0,Tunai
322,2025-12-04,Tagihan,Gaji,Pemasukan,6001703.0,Transfer Bank
323,2024-10-07,Bonus,Gaji,Pemasukan,7636403.0,Lainnya
324,2025-02-21,Minimarket,Belanja Bulanan,Pengeluaran,122348.0,E-Wallet
325,2024-08-04,Tagihan,Transfer Teman/Keluarga,Pengeluaran,225649.0,Kartu Kredit
326,2024-09-05,Marketplace,Pulsa & Internet,Pengeluaran,39370.0,Tunai
327,2026-03-11,Bayar teman,Transfer Teman/Keluarga,Pemasukan,158081.0,Transfer Bank
328,2025-07-15,Bayar teman,Transfer Teman/Keluarga,Pemasukan,191844.0,Transfer Bank
329,2024-12-26,Tagihan internet,Pulsa & Internet,Pengeluaran,126341.0,Tunai
330,2025-08-23,Liburan,Hiburan,Pengeluaran,403181.0,Kartu Debit
331,2024-07-12,Subscription,Pembayaran Langganan,Pengeluaran,118012.0,Tunai
332,2024-12-11,Tokopedia,Belanja Bulanan,Pengeluaran,215147.0,E-Wallet
333,2025-01-31,Service AC,Tempat Tinggal,Pengeluaran,845894.0,Kartu Kredit
334,2025-08-25,Lazada,Belanja Bulanan,Pengeluaran,294842.0,E-Wallet
335,2024-11-14,Liburan,Hiburan,Pengeluaran,159105.0,Kartu Debit
336,2025-05-24,Patungan,Transfer Teman/Keluarga,Pemasukan,527006.0,E-Wallet
337,2025-06-19,Subscription,Pembayaran Langganan,Pengeluaran,169228.0,E-Wallet
338,2026-01-16,Cafe,Makanan & Minuman,Pengeluaran,60145.0,E-Wallet
339,2025-11-26,Pulsa,Pulsa & Internet,Pengeluaran,93315.0,Kartu Debit
340,2026-01-08,Gym membership,Pembayaran Langganan,Pengeluaran,128802.0,Kartu Debit
341,2026-02-12,Marketplace,Transportasi,Pengeluaran,41040.0,Kartu Debit
342,2024-07-31,Wifi rumah,Pulsa & Internet,Pengeluaran,151138.0,Transfer Bank
343,2025-08-25,Ngopi,Makanan & Minuman,Pengeluaran,65066.0,Kartu Kredit
344,2025-02-03,Patungan,Transfer Teman/Keluarga,Pengeluaran,47462.0,Tunai
345,2025-11-05,Iuran lingkungan,Tempat Tinggal,Pengeluaran,984505.0,Kartu Debit
346,2026-05-15,Liburan,Hiburan,Pengeluaran,102085.0,Transfer Bank
347,2026-03-31,Spotify,Hiburan,Pengeluaran,111622.0,Tunai
348,2024-12-01,Wifi rumah,Pulsa & Internet,Pengeluaran,116340.0,E-Wallet
350,2024-06-14,Subscription,Hiburan,Pengeluaran,177900.0,Transfer Bank
351,2026-02-26,Transfer,Transfer Teman/Keluarga,Pemasukan,305065.0,Tunai
352,2026-03-04,Kirim uang,Transfer Teman/Keluarga,Pengeluaran,342239.0,Kartu Debit
353,2025-01-08,Spotify,Hiburan,Pengeluaran,164799.0,Kartu Debit
354,2025-06-26,Restoran,Makanan & Minuman,Pengeluaran,136702.0,Transfer Bank
355,2025-08-03,Trf,Transfer Teman/Keluarga,Pengeluaran,65519.0,E-Wallet
356,2025-07-12,Minimarket,Belanja Bulanan,Pengeluaran,148914.0,Kartu Debit
357,2026-03-04,Tagihan internet,Pulsa & Internet,Pengeluaran,144874.0,Kartu Debit
358,2025-02-15,THR,Gaji,Pemasukan,7548435.0,Kartu Debit
359,2024-06-03,Ngopi,Makanan & Minuman,Pengeluaran,47708.0,E-Wallet
360,2024-10-01,Minimarket,Makanan & Minuman,Pengeluaran,62665.0,Kartu Debit
361,2025-12-16,Transfer,Transfer Teman/Keluarga,Pemasukan,384683.0,Kartu Debit
362,2025-12-03,Patungan,Transfer Teman/Keluarga,Pengeluaran,219014.0,Tunai
364,2025-05-18,Marketplace,Transfer Teman/Keluarga,Pemasukan,198553.0,Kartu Debit
365,2024-06-21,Gaji bulanan,Gaji,Pemasukan,7066172.0,E-Wallet
366,2025-09-21,Transfer,Pembayaran Langganan,Pengeluaran,134536.0,E-Wallet
367,2025-01-29,Pulsa,Pulsa & Internet,Pengeluaran,149968.0,Kartu Kredit
368,2024-07-17,Air,Tempat Tinggal,Pengeluaran,2397452.0,Tunai
369,2025-12-30,Transfer,Tempat Tinggal,Pengeluaran,510432.0,Kartu Kredit
370,2026-05-16,Game online,Hiburan,Pengeluaran,79120.0,Kartu Kredit
371,2025-10-20,Paket data,Pulsa & Internet,Pengeluaran,74615.0,Kartu Kredit
372,2025-12-29,Service AC,Tempat Tinggal,Pengeluaran,1098938.0,Tunai
373,2024-09-01,Paket data,Pulsa & Internet,Pengeluaran,198891.0,Kartu Debit
374,2025-06-04,Trf,Transfer Teman/Keluarga,Pengeluaran,175620.0,Transfer Bank
375,2025-02-02,Paket data,Pulsa & Internet,Pengeluaran,99032.0,Tunai
376,2026-04-10,Tagihan,Pulsa & Internet,Pengeluaran,77159.0,Transfer Bank
377,2025-06-10,Membership,Pembayaran Langganan,Pengeluaran,264121.0,E-Wallet
378,2024-10-18,Marketplace,Belanja Bulanan,Pengeluaran,97166.0,Tunai
379,2025-12-21,Bensin,Transportasi,Pengeluaran,11580.0,Tunai
380,2025-09-20,Makan malam,Makanan & Minuman,Pengeluaran,50753.0,Kartu Debit
381,2024-12-18,Peralatan rumah,Belanja Bulanan,Pengeluaran,399849.0,E-Wallet
382,2025-09-26,Subscription,Pembayaran Langganan,Pengeluaran,158450.0,Kartu Debit
383,2025-06-10,Pembayaran digital,Pembayaran Langganan,Pengeluaran,203961.0,Tunai
384,2025-07-01,THR,Gaji,Pemasukan,7239706.0,Tunai
385,2024-11-04,Makan siang,Makanan & Minuman,Pengeluaran,63964.0,E-Wallet
386,2025-08-28,Membership,Pembayaran Langganan,Pengeluaran,143609.0,Kartu Debit
387,2025-06-09,Spotify,Hiburan,Pengeluaran,325072.0,Kartu Kredit
388,2025-07-17,Cloud storage,Pembayaran Langganan,Pengeluaran,131855.0,Kartu Kredit
389,2025-07-01,Trf,Transfer Teman/Keluarga,Pengeluaran,152287.0,Transfer Bank
390,2025-06-03,Pulsa,Pulsa & Internet,Pengeluaran,80644.0,Transfer Bank
391,2025-02-14,Iuran lingkungan,Tempat Tinggal,Pengeluaran,980708.0,E-Wallet
5005,2025-10-16,Hiburan,Hiburan,Pengeluaran,66066.0,Kartu Kredit
393,2026-04-11,Netflix,Hiburan,Pengeluaran,101377.0,Kartu Debit
394,2025-11-10,Beli pakaian,Belanja Bulanan,Pengeluaran,145932.0,Tunai
395,2025-08-02,Subscription,Pembayaran Langganan,Pengeluaran,104557.0,Transfer Bank
396,2024-06-16,Peralatan rumah,Belanja Bulanan,Pengeluaran,70665.0,E-Wallet
397,2025-05-15,Peralatan rumah,Belanja Bulanan,Pengeluaran,88178.0,Transfer Bank
398,2026-04-19,Gym membership,Pembayaran Langganan,Pengeluaran,32137.0,Transfer Bank
399,2025-11-13,Gojek,Transportasi,Pengeluaran,73842.0,Transfer Bank
400,2024-10-31,Gaji bulanan,Gaji,Pemasukan,14234142.0,Kartu Debit
401,2024-11-06,Tol,Transportasi,Pengeluaran,43926.0,E-Wallet
402,2024-07-16,Wifi rumah,Pulsa & Internet,Pengeluaran,243331.0,E-Wallet
403,2025-04-14,Jajan,Makanan & Minuman,Pengeluaran,89794.0,Kartu Debit
5006,2026-04-23,Kirim uang,Transfer Teman/Keluarga,Pengeluaran,289101.0,Transfer Bank
405,2024-08-25,Tagihan internet,Pulsa & Internet,Pengeluaran,98977.0,Kartu Debit
406,2025-11-07,Bayar teman,Transfer Teman/Keluarga,Pemasukan,425909.0,Kartu Debit
407,2025-09-24,MRT,Transportasi,Pengeluaran,39273.0,Kartu Debit
408,2026-01-07,Bonus,Gaji,Pemasukan,10426050.0,Kartu Debit
409,2025-05-13,Shopee,Belanja Bulanan,Pengeluaran,2197296.0,Tunai
410,2024-10-21,Bayar teman,Transfer Teman/Keluarga,Pemasukan,143788.0,Kartu Kredit
411,2025-02-23,Wifi rumah,Pulsa & Internet,Pengeluaran,13864.0,E-Wallet
412,2024-06-27,Patungan,Transfer Teman/Keluarga,Pengeluaran,288126.0,Kartu Debit
413,2025-08-08,Beli pakaian,Belanja Bulanan,Pengeluaran,107023.0,Kartu Debit
414,2026-05-18,Transfer,Makanan & Minuman,Pengeluaran,60413.0,E-Wallet
415,2026-05-08,Minimarket,Makanan & Minuman,Pengeluaran,39570.0,E-Wallet
416,2024-11-28,Wifi rumah,Pulsa & Internet,Pengeluaran,46139.0,Transfer Bank
417,2025-04-26,Tagihan,Transfer Teman/Keluarga,Pengeluaran,200967.0,Tunai
419,2026-03-20,Gym membership,Pembayaran Langganan,Pengeluaran,77596.0,Transfer Bank
420,2024-06-27,Bioskop,Hiburan,Pengeluaran,47835.0,Kartu Kredit
421,2025-09-17,Membership,Pembayaran Langganan,Pengeluaran,128360.0,Transfer Bank
422,2025-08-26,KRL,Transportasi,Pengeluaran,31238.0,Kartu Kredit
423,2024-10-28,Trf,Pembayaran Langganan,Pengeluaran,250890.0,Kartu Debit
424,2025-01-26,Iuran lingkungan,Tempat Tinggal,Pengeluaran,590023.0,Transfer Bank
425,2026-03-30,Jajan,Makanan & Minuman,Pengeluaran,37524.0,Transfer Bank
426,2026-02-08,Transfer,Transfer Teman/Keluarga,Pengeluaran,537104.0,E-Wallet
427,2024-11-04,Ngopi,Makanan & Minuman,Pengeluaran,53008.0,Kartu Kredit
428,2026-02-09,Peralatan rumah,Belanja Bulanan,Pengeluaran,195336.0,Transfer Bank
429,2026-02-05,Spotify,Hiburan,Pengeluaran,214029.0,Kartu Debit
430,2024-09-13,Service AC,Tempat Tinggal,Pengeluaran,1146757.0,Kartu Debit
431,2024-07-01,Grab,Transportasi,Pengeluaran,22938.0,Tunai
432,2025-11-05,Bonus,Gaji,Pemasukan,5896579.0,Kartu Debit
433,2026-03-08,Transfer,Transfer Teman/Keluarga,Pemasukan,301090.0,E-Wallet
434,2026-04-11,Bonus,Gaji,Pemasukan,7648145.0,Kartu Debit
435,2024-10-27,Cloud storage,Pembayaran Langganan,Pengeluaran,182815.0,E-Wallet
436,2025-12-30,Bensin,Transportasi,Pengeluaran,34147.0,E-Wallet
437,2026-05-17,Beli pakaian,Belanja Bulanan,Pengeluaran,295306.0,Kartu Debit
438,2026-03-21,Bayar teman,Transfer Teman/Keluarga,Pengeluaran,234919.0,Kartu Debit
439,2025-10-17,Marketplace,Belanja Bulanan,Pengeluaran,60516.0,Kartu Debit
440,2025-07-08,Tagihan,Tempat Tinggal,Pengeluaran,436666.0,Kartu Debit
441,2025-02-13,Paket data,Pulsa & Internet,Pengeluaran,165680.0,E-Wallet
442,2025-09-19,Konser,Hiburan,Pengeluaran,200159.0,Kartu Debit
443,2024-06-22,Patungan,Transfer Teman/Keluarga,Pemasukan,10000.0,Tunai
444,2026-03-29,Kirim uang,Transfer Teman/Keluarga,Pengeluaran,531719.0,Kartu Debit
445,2024-11-21,Subscription,Pembayaran Langganan,Pengeluaran,181354.0,E-Wallet
446,2024-11-28,Lazada,Belanja Bulanan,Pengeluaran,551212.0,E-Wallet
447,2024-10-25,Listrik,Tempat Tinggal,Pengeluaran,1039732.0,Kartu Debit
448,2026-03-13,Kirim uang,Transfer Teman/Keluarga,Pemasukan,292178.0,Tunai
449,2024-12-06,Transfer,Belanja Bulanan,Pemasukan,136905.0,Kartu Kredit
450,2025-02-01,Beli pakaian,Belanja Bulanan,Pengeluaran,141444.0,Kartu Debit
451,2026-02-24,Wifi rumah,Pulsa & Internet,Pengeluaran,144476.0,Kartu Debit
452,2026-01-04,Membership,Pembayaran Langganan,Pengeluaran,203520.0,E-Wallet
453,2024-12-12,Beli pakaian,Belanja Bulanan,Pengeluaran,99583.0,Kartu Debit
454,2024-11-24,Patungan,Transfer Teman/Keluarga,Pengeluaran,216305.0,Kartu Debit
455,2024-10-27,Cloud storage,Pembayaran Langganan,Pengeluaran,69225.0,Kartu Kredit
456,2026-01-31,Bensin,Transportasi,Pengeluaran,31717.0,Kartu Kredit
457,2026-01-26,Minimarket,Makanan & Minuman,Pengeluaran,38420.0,E-Wallet
458,2025-05-09,Pembayaran digital,Gaji,Pemasukan,6550950.0,E-Wallet
459,2025-02-04,Wifi rumah,Pulsa & Internet,Pengeluaran,88642.0,Kartu Debit
460,2025-07-26,Lazada,Belanja Bulanan,Pengeluaran,876989.0,Kartu Debit
461,2024-09-14,Bensin,Transportasi,Pengeluaran,20038.0,E-Wallet
462,2025-04-15,Service AC,Tempat Tinggal,Pengeluaran,1037843.0,Lainnya
463,2024-12-07,Gojek,Transportasi,Pengeluaran,7676.0,Kartu Kredit
464,2025-08-24,Bensin,Transportasi,Pengeluaran,30801.0,E-Wallet
465,2025-08-11,THR,Gaji,Pemasukan,6351769.0,Tunai
466,2024-09-20,Membership,Pembayaran Langganan,Pengeluaran,112210.0,E-Wallet
467,2024-11-23,Pembayaran digital,Pembayaran Langganan,Pengeluaran,86550.0,Kartu Kredit
468,2025-11-30,Jajan,Makanan & Minuman,Pengeluaran,22603.0,Transfer Bank
469,2024-08-21,Grab,Transportasi,Pengeluaran,15662.0,E-Wallet
470,2024-05-30,Listrik,Tempat Tinggal,Pengeluaran,1259779.0,Transfer Bank
471,2025-03-01,Iuran lingkungan,Tempat Tinggal,Pengeluaran,788657.0,Kartu Kredit
472,2026-02-10,Kirim uang,Transfer Teman/Keluarga,Pengeluaran,169877.0,Tunai
473,2025-02-02,KRL,Transportasi,Pengeluaran,10000.0,Tunai
474,2024-10-13,Lazada,Belanja Bulanan,Pengeluaran,114045.0,Tunai
475,2025-02-08,Supermarket,Belanja Bulanan,Pengeluaran,182936.0,Transfer Bank
476,2026-01-02,Supermarket,Belanja Bulanan,Pengeluaran,74761.0,Kartu Kredit
477,2024-08-09,Transfer,Transfer Teman/Keluarga,Pengeluaran,434150.0,Transfer Bank
478,2025-10-25,Wifi rumah,Pulsa & Internet,Pengeluaran,51614.0,Kartu Kredit
479,2024-11-29,Patungan,Transfer Teman/Keluarga,Pengeluaran,144248.0,Kartu Kredit
480,2024-11-05,Gaji bulanan,Gaji,Pemasukan,6455384.0,Kartu Debit
481,2025-01-15,Peralatan rumah,Belanja Bulanan,Pengeluaran,177137.0,Tunai
482,2026-03-28,Grab,Transportasi,Pengeluaran,10000.0,Kartu Debit
483,2024-10-14,Iuran lingkungan,Tempat Tinggal,Pengeluaran,716522.0,Kartu Debit
484,2025-03-09,Bonus,Gaji,Pemasukan,5374284.0,Transfer Bank
485,2026-02-14,Netflix,Hiburan,Pengeluaran,104050.0,E-Wallet
486,2025-09-20,Transfer,Transfer Teman/Keluarga,Pengeluaran,434057.0,E-Wallet
487,2025-05-03,Iuran lingkungan,Tempat Tinggal,Pengeluaran,689614.0,E-Wallet
488,2024-11-25,Pulsa,Pulsa & Internet,Pengeluaran,157312.0,Kartu Debit
489,2024-10-25,Lazada,Belanja Bulanan,Pengeluaran,114445.0,Transfer Bank
490,2026-02-24,Tol,Transportasi,Pengeluaran,20653.0,Kartu Debit
491,2025-09-26,Game online,Hiburan,Pengeluaran,129573.0,Transfer Bank
492,2026-01-15,Listrik,Tempat Tinggal,Pengeluaran,1473249.0,Transfer Bank
493,2025-06-01,Patungan,Transfer Teman/Keluarga,Pemasukan,262274.0,Kartu Debit
494,2025-11-12,Bonus,Gaji,Pemasukan,6420888.0,Transfer Bank
495,2025-09-10,Service AC,Tempat Tinggal,Pengeluaran,870205.0,Tunai
496,2025-11-25,KRL,Transportasi,Pengeluaran,46729.0,E-Wallet
497,2024-06-18,MRT,Transportasi,Pengeluaran,25991.0,Tunai
498,2025-11-25,Bonus,Gaji,Pemasukan,6636397.0,Transfer Bank
499,2024-06-15,Supermarket,Belanja Bulanan,Pengeluaran,326147.0,Kartu Debit
500,2026-04-20,Tagihan,Makanan & Minuman,Pengeluaran,61156.0,Kartu Debit
501,2025-08-16,Minimarket,Belanja Bulanan,Pengeluaran,119999.0,Tunai
502,2025-03-29,Beli pakaian,Belanja Bulanan,Pengeluaran,148229.0,Transfer Bank
503,2024-07-24,KRL,Transportasi,Pengeluaran,23659.0,Kartu Kredit
504,2025-10-16,Shopee,Belanja Bulanan,Pengeluaran,207575.0,Tunai
505,2024-05-31,Wifi rumah,Pulsa & Internet,Pengeluaran,108667.0,E-Wallet
506,2026-03-27,Supermarket,Belanja Bulanan,Pengeluaran,102477.0,Tunai
507,2025-06-25,MRT,Transportasi,Pengeluaran,12269.0,Tunai
508,2024-12-06,Bensin,Transportasi,Pengeluaran,30316.0,Kartu Debit
509,2025-07-03,Beli pakaian,Belanja Bulanan,Pengeluaran,157242.0,Tunai
510,2025-03-11,Ngopi,Makanan & Minuman,Pengeluaran,35864.0,Tunai
511,2024-08-19,Minimarket,Belanja Bulanan,Pengeluaran,75572.0,E-Wallet
512,2026-05-02,Tol,Transportasi,Pengeluaran,47158.0,Tunai
513,2026-03-26,Bayar teman,Transfer Teman/Keluarga,Pemasukan,44968.0,Kartu Debit
514,2025-03-11,Tagihan internet,Pulsa & Internet,Pengeluaran,91009.0,E-Wallet
515,2025-08-10,Spotify,Hiburan,Pengeluaran,65936.0,Tunai
516,2025-02-27,Pembayaran digital,Hiburan,Pengeluaran,16088.0,E-Wallet
517,2025-11-04,Grabb,Transportasi,Pengeluaran,10000.0,Kartu Debit
518,2024-11-26,Kirim uang,Transfer Teman/Keluarga,Pemasukan,277503.0,E-Wallet
519,2024-08-20,Bonus,Gaji,Pemasukan,3237611.0,Kartu Kredit
520,2025-08-04,Transfer,Transfer Teman/Keluarga,Pengeluaran,96600.0,E-Wallet
521,2026-03-19,Game online,Hiburan,Pengeluaran,42824.0,Kartu Debit
522,2025-06-07,Cloud storage,Pembayaran Langganan,Pengeluaran,117594.0,Kartu Kredit
523,2025-08-20,Pembayaran digital,Transportasi,Pengeluaran,11597.0,Transfer Bank
524,2025-09-19,Patungan,Transfer Teman/Keluarga,Pemasukan,10000.0,E-Wallet
525,2025-06-13,Parkir,Transportasi,Pengeluaran,15010.0,E-Wallet
526,2026-04-08,Tagihan,Makanan & Minuman,Pengeluaran,86520.0,Transfer Bank
527,2026-04-07,GoFood,Makanan & Minuman,Pengeluaran,78211.0,Transfer Bank
529,2024-11-04,Spotify,Hiburan,Pengeluaran,42877.0,E-Wallet
530,2024-07-07,MRT,Transportasi,Pengeluaran,26233.0,Tunai
531,2024-10-15,Parkir,Transportasi,Pengeluaran,128321.0,Tunai
532,2025-02-18,Transfer,Transfer Teman/Keluarga,Pemasukan,411324.0,E-Wallet
533,2025-02-10,Netflix,Hiburan,Pengeluaran,61641.0,E-Wallet
534,2024-06-20,Mkn siang,Makanan & Minuman,Pengeluaran,20252.0,Kartu Debit
535,2024-06-22,Tokopedia,Belanja Bulanan,Pengeluaran,187450.0,E-Wallet
536,2026-01-12,Gym membership,Pembayaran Langganan,Pengeluaran,77528.0,Tunai
537,2024-09-30,Netfliix,Hiburan,Pengeluaran,150993.0,Kartu Debit
538,2026-05-18,Ngopi,Makanan & Minuman,Pengeluaran,68671.0,Tunai
539,2025-05-12,Bayar teman,Transfer Teman/Keluarga,Pengeluaran,331276.0,Kartu Kredit
540,2025-11-05,Listrik,Tempat Tinggal,Pengeluaran,1156156.0,Transfer Bank
541,2026-04-29,Wifi rumah,Pulsa & Internet,Pengeluaran,158224.0,E-Wallet
542,2025-10-18,Paket data,Pulsa & Internet,Pengeluaran,179114.0,E-Wallet
543,2026-01-31,Tagihan,Pulsa & Internet,Pengeluaran,61136.0,Kartu Debit
544,2026-04-16,Tol,Transportasi,Pengeluaran,21143.0,Kartu Debit
545,2024-09-30,Ngopi,Makanan & Minuman,Pengeluaran,45574.0,Transfer Bank
546,2025-09-22,Subscription,Pembayaran Langganan,Pengeluaran,103391.0,Kartu Debit
547,2025-01-24,Beli pakaian,Belanja Bulanan,Pengeluaran,149707.0,E-Wallet
548,2026-02-06,Gym membership,Pembayaran Langganan,Pengeluaran,136954.0,E-Wallet
549,2026-01-29,Subcription,Hiburan,Pengeluaran,112273.0,Kartu Debit
550,2025-01-12,Tol,Transportasi,Pengeluaran,55304.0,Transfer Bank
551,2025-04-09,Grab,Transportasi,Pengeluaran,56576.0,E-Wallet
552,2025-11-27,Bayar teman,Transfer Teman/Keluarga,Pengeluaran,561002.0,Kartu Kredit
553,2025-07-11,Game online,Hiburan,Pengeluaran,90483.0,Kartu Kredit
554,2026-03-02,Pembayaran digital,Tempat Tinggal,Pengeluaran,1275553.0,Kartu Debit
555,2025-02-24,GoFood,Makanan & Minuman,Pengeluaran,58845.0,E-Wallet
556,2025-01-01,Transfer,Transfer Teman/Keluarga,Pengeluaran,157259.0,Kartu Debit
557,2024-12-27,Paket data,Pulsa & Internet,Pengeluaran,91639.0,E-Wallet
558,2024-11-18,Grab,Transportasi,Pengeluaran,24647.0,E-Wallet
559,2025-01-27,Wifi rumah,Pulsa & Internet,Pengeluaran,79414.0,E-Wallet
560,2025-05-04,Tagihan,Tempat Tinggal,Pengeluaran,572444.0,Tunai
561,2026-02-10,Membership,Pembayaran Langganan,Pengeluaran,33008.0,Tunai
562,2025-04-02,Listrik,Tempat Tinggal,Pengeluaran,573422.0,Transfer Bank
563,2025-04-08,Gaji bulanan,Gaji,Pemasukan,2945896.0,E-Wallet
564,2024-06-13,Patungan,Transfer Teman/Keluarga,Pemasukan,54831.0,Kartu Kredit
565,2025-11-22,Gym membership,Pembayaran Langganan,Pengeluaran,220865.0,Tunai
566,2025-02-22,Minimarket,Makanan & Minuman,Pengeluaran,34981.0,Kartu Debit
567,2025-03-26,Bayar teman,Transfer Teman/Keluarga,Pengeluaran,511109.0,Kartu Kredit
568,2025-03-02,Shopee,Belanja Bulanan,Pengeluaran,107164.0,Tunai
569,2024-05-31,Netflix,Hiburan,Pengeluaran,363277.0,E-Wallet
570,2026-01-29,Paket data,Pulsa & Internet,Pengeluaran,175464.0,E-Wallet
571,2025-03-12,Jajan,Makanan & Minuman,Pengeluaran,49859.0,Tunai
572,2025-04-16,Tokopedia,Belanja Bulanan,Pengeluaran,313703.0,Kartu Debit
573,2026-03-08,Marketplace,Tempat Tinggal,Pengeluaran,1086956.0,Kartu Kredit
574,2024-12-31,Wifi rumah,Pulsa & Internet,Pengeluaran,70789.0,Tunai
575,2025-07-31,Pulsa,Pulsa & Internet,Pengeluaran,66269.0,Kartu Debit
576,2024-09-19,Paket data,Pulsa & Internet,Pengeluaran,94590.0,E-Wallet
577,2025-11-20,Pembayaran digital,Transfer Teman/Keluarga,Pemasukan,278477.0,Kartu Debit
578,2026-05-03,Bayar kos,Tempat Tinggal,Pengeluaran,994189.0,E-Wallet
579,2025-09-03,Parkir,Transportasi,Pengeluaran,54452.0,Kartu Kredit
580,2024-07-13,Membership,Pembayaran Langganan,Pengeluaran,101746.0,Kartu Debit
581,2025-08-18,Listrik,Tempat Tinggal,Pengeluaran,885221.0,Kartu Debit
582,2025-12-12,Kirim uang,Transfer Teman/Keluarga,Pemasukan,17452.0,Kartu Debit
583,2025-05-01,Cloud storage,Pembayaran Langganan,Pengeluaran,150816.0,Kartu Kredit
584,2025-08-22,Pulsa,Pulsa & Internet,Pengeluaran,78691.0,Tunai
585,2024-12-13,Tagihan internet,Pulsa & Internet,Pengeluaran,98899.0,Kartu Debit
586,2025-01-24,MRT,Transportasi,Pengeluaran,77419.0,Kartu Debit
587,2024-10-02,Transfer,Transfer Teman/Keluarga,Pengeluaran,234031.0,E-Wallet
588,2024-11-27,Tagihan,Gaji,Pemasukan,6041249.0,Lainnya
589,2026-04-18,Minimarket,Belanja Bulanan,Pengeluaran,99888.0,Kartu Debit
590,2026-05-01,Bonus,Gaji,Pemasukan,5786035.0,Kartu Debit
591,2024-10-21,Paket data,Pulsa & Internet,Pengeluaran,45686.0,E-Wallet
592,2024-10-21,Pembayaran digital,Hiburan,Pengeluaran,295869.0,Kartu Kredit
593,2024-09-25,Grab,Transportasi,Pengeluaran,27020.0,Kartu Debit
594,2025-08-17,Transfer,Transfer Teman/Keluarga,Pemasukan,80346.0,Tunai
595,2024-08-05,Marketplace,Pembayaran Langganan,Pengeluaran,124019.0,Transfer Bank
596,2025-09-11,Game online,Hiburan,Pengeluaran,151822.0,Kartu Debit
597,2025-09-13,Transfer,Transfer Teman/Keluarga,Pengeluaran,369139.0,Kartu Debit
598,2024-09-28,Pembayaran digital,Transfer Teman/Keluarga,Pengeluaran,61856.0,Kartu Kredit
599,2025-12-14,Bonus,Gaji,Pemasukan,5207894.0,Tunai
600,2025-12-25,Tagihan,Transfer Teman/Keluarga,Pengeluaran,424710.0,Kartu Debit
601,2025-10-05,Listrik,Tempat Tinggal,Pengeluaran,900142.0,Kartu Kredit
602,2025-05-12,Tagihan internet,Pulsa & Internet,Pengeluaran,145945.0,Transfer Bank
603,2024-10-25,Bensin,Transportasi,Pengeluaran,28574.0,Tunai
604,2025-05-23,Pulsa,Pulsa & Internet,Pengeluaran,175621.0,Kartu Kredit
605,2025-04-17,Kirim uang,Transfer Teman/Keluarga,Pengeluaran,182742.0,Kartu Debit
606,2024-07-28,Restoran,Makanan & Minuman,Pengeluaran,90200.0,Kartu Kredit
607,2026-05-06,Shopee,Belanja Bulanan,Pengeluaran,327293.0,Kartu Kredit
608,2026-02-05,Tokopedia,Belanja Bulanan,Pengeluaran,407998.0,E-Wallet
609,2026-03-22,Gym membership,Pembayaran Langganan,Pengeluaran,77457.0,Kartu Debit
610,2024-07-18,Bioskop,Hiburan,Pengeluaran,61329.0,Kartu Kredit
611,2024-08-18,Subscription,Pembayaran Langganan,Pengeluaran,150471.0,Kartu Kredit
612,2025-08-20,THR,Gaji,Pemasukan,6909132.0,E-Wallet
613,2025-09-10,Gym membership,Pembayaran Langganan,Pengeluaran,116337.0,Transfer Bank
614,2024-09-02,Bensin,Transportasi,Pengeluaran,13286.0,Tunai
615,2025-10-05,Service AC,Tempat Tinggal,Pengeluaran,743410.0,E-Wallet
616,2026-02-04,Transfer,Transfer Teman/Keluarga,Pemasukan,422266.0,Kartu Debit
617,2024-10-31,Cloud storage,Pembayaran Langganan,Pengeluaran,175153.0,Kartu Kredit
618,2025-10-11,Cafe,Makanan & Minuman,Pengeluaran,48265.0,E-Wallet
619,2025-05-30,Bioskop,Hiburan,Pengeluaran,103517.0,Kartu Debit
620,2025-08-16,MRT,Transportasi,Pengeluaran,45416.0,Kartu Debit
621,2025-05-21,Bayar teman,Transfer Teman/Keluarga,Pemasukan,197917.0,Transfer Bank
622,2025-01-13,Membership,Pembayaran Langganan,Pengeluaran,149005.0,Kartu Debit
623,2025-05-14,Shopee,Belanja Bulanan,Pengeluaran,255263.0,Kartu Debit
624,2025-03-12,Ngopi,Makanan & Minuman,Pengeluaran,65218.0,E-Wallet
625,2026-01-26,Pulsa,Pulsa & Internet,Pengeluaran,107660.0,Kartu Kredit
626,2025-10-09,Bayar teman,Transfer Teman/Keluarga,Pemasukan,344448.0,Kartu Debit
627,2024-08-27,Marketplace,Gaji,Pemasukan,8301034.0,Kartu Debit
628,2025-03-04,Bayar teman,Transfer Teman/Keluarga,Pemasukan,464851.0,Kartu Debit
629,2024-06-03,Transfer,Transportasi,Pengeluaran,25639.0,E-Wallet
630,2026-03-22,Gaji bulanan,Gaji,Pemasukan,6286468.0,Tunai
631,2024-06-24,Cloud storage,Pembayaran Langganan,Pengeluaran,112441.0,E-Wallet
632,2025-06-02,Kirim uang,Transfer Teman/Keluarga,Pengeluaran,154758.0,E-Wallet
633,2024-12-11,Game online,Hiburan,Pengeluaran,248197.0,Kartu Kredit
634,2026-03-26,Subscription,Pembayaran Langganan,Pengeluaran,112915.0,Kartu Kredit
635,2024-10-04,Marketplace,Pembayaran Langganan,Pengeluaran,60041.0,E-Wallet
636,2025-06-16,Bioskop,Hiburan,Pengeluaran,53300.0,Tunai
637,2025-11-10,Game online,Hiburan,Pengeluaran,75039.0,Kartu Kredit
638,2025-11-28,Spotify,Hiburan,Pengeluaran,51756.0,E-Wallet
639,2025-09-23,Subscription,Pembayaran Langganan,Pengeluaran,179898.0,Kartu Kredit
640,2025-04-14,Bayar teman,Transfer Teman/Keluarga,Pemasukan,185256.0,E-Wallet
641,2025-01-19,Tagihan internet,Pulsa & Internet,Pengeluaran,52838.0,E-Wallet
642,2024-11-18,Bayar teman,Transfer Teman/Keluarga,Pengeluaran,428151.0,Kartu Debit
643,2024-11-27,Pembayaran digital,Gaji,Pemasukan,6969355.0,Kartu Debit
644,2026-04-27,Beli pakaian,Belanja Bulanan,Pengeluaran,128354.0,E-Wallet
645,2025-06-19,Tagihan internet,Pulsa & Internet,Pengeluaran,59986.0,Tunai
646,2024-08-03,Konser,Hiburan,Pengeluaran,61425.0,E-Wallet
647,2025-03-18,Bonus,Gaji,Pemasukan,5625263.0,E-Wallet
648,2026-01-30,Subscription,Pembayaran Langganan,Pengeluaran,149351.0,Kartu Debit
649,2026-04-21,Bonus,Gaji,Pemasukan,7038058.0,Tunai
650,2025-05-03,Kirim uang,Transfer Teman/Keluarga,Pengeluaran,534982.0,Kartu Kredit
652,2026-02-18,Cafe,Makanan & Minuman,Pengeluaran,66948.0,Kartu Debit
653,2025-11-16,Minimarket,Belanja Bulanan,Pengeluaran,179405.0,Kartu Debit
654,2025-04-24,Patungan,Transfer Teman/Keluarga,Pemasukan,287984.0,Kartu Debit
655,2026-05-16,Transfer,Transfer Teman/Keluarga,Pemasukan,360821.0,Tunai
656,2025-09-10,Pembayaran digital,Gaji,Pemasukan,6992293.0,E-Wallet
657,2024-07-26,Spotify,Hiburan,Pengeluaran,67834.0,Transfer Bank
658,2024-12-23,Marketplace,Transportasi,Pengeluaran,20326.0,Kartu Kredit
659,2025-02-24,Service AC,Tempat Tinggal,Pengeluaran,378699.0,Kartu Kredit
660,2025-06-02,Bayar teman,Transfer Teman/Keluarga,Pengeluaran,205559.0,Kartu Debit
661,2025-01-16,Cloud storage,Pembayaran Langganan,Pengeluaran,179802.0,Kartu Kredit
662,2026-03-21,Gaji bulanan,Gaji,Pemasukan,9937696.0,Kartu Debit
663,2024-10-22,Liburan,Hiburan,Pengeluaran,100369.0,Tunai
664,2025-02-04,Makan siang,Makanan & Minuman,Pengeluaran,37013.0,Transfer Bank
665,2026-02-16,Patungan,Transfer Teman/Keluarga,Pemasukan,139931.0,E-Wallet
666,2026-03-01,GoFood,Makanan & Minuman,Pengeluaran,50721.0,Tunai
667,2026-01-01,Minimarket,Belanja Bulanan,Pengeluaran,185828.0,E-Wallet
668,2025-10-22,Bonus,Gaji,Pemasukan,7013544.0,Kartu Kredit
669,2025-08-03,Tagihan internet,Pulsa & Internet,Pengeluaran,27598.0,Kartu Debit
670,2026-02-27,Subscription,Pembayaran Langganan,Pengeluaran,78723.0,E-Wallet
671,2025-12-21,Bayar teman,Transfer Teman/Keluarga,Pemasukan,2245860.0,E-Wallet
672,2025-02-14,Kirim uang,Transfer Teman/Keluarga,Pengeluaran,101606.0,E-Wallet
673,2026-04-07,Game online,Hiburan,Pengeluaran,50219.0,Kartu Debit
674,2025-02-21,Pembayaran digital,Transfer Teman/Keluarga,Pengeluaran,254524.0,E-Wallet
675,2025-12-17,Bayar teman,Transfer Teman/Keluarga,Pemasukan,471861.0,Kartu Kredit
676,2024-10-13,Makan siang,Makanan & Minuman,Pengeluaran,62222.0,Tunai
677,2026-04-19,Service AC,Tempat Tinggal,Pengeluaran,740102.0,Tunai
678,2025-09-20,Air,Tempat Tinggal,Pengeluaran,168110.0,Kartu Debit
679,2024-08-21,Patungan,Transfer Teman/Keluarga,Pemasukan,216970.0,Kartu Debit
680,2025-08-25,Shopee,Belanja Bulanan,Pengeluaran,57876.0,Kartu Debit
681,2024-09-27,Shopee,Belanja Bulanan,Pengeluaran,146903.0,Tunai
682,2024-06-11,Kirim uang,Transfer Teman/Keluarga,Pengeluaran,251030.0,Tunai
683,2025-03-30,Minimarket,Belanja Bulanan,Pengeluaran,398036.0,Kartu Kredit
684,2025-08-18,Makan malam,Makanan & Minuman,Pengeluaran,38449.0,Kartu Debit
685,2024-07-07,THR,Gaji,Pemasukan,5876678.0,E-Wallet
686,2025-02-10,Gojek,Transportasi,Pengeluaran,21422.0,Kartu Kredit
687,2026-01-27,Kirim uang,Transfer Teman/Keluarga,Pemasukan,535178.0,Transfer Bank
688,2025-06-06,Makan siang,Makanan & Minuman,Pengeluaran,57915.0,Kartu Debit
689,2026-05-16,Tagihan,Transfer Teman/Keluarga,Pengeluaran,12117.0,Transfer Bank
690,2025-05-11,Netflix,Hiburan,Pengeluaran,32568.0,E-Wallet
691,2025-11-22,Pulsa,Pulsa & Internet,Pengeluaran,80677.0,Kartu Debit
692,2025-01-22,Patungan,Transfer Teman/Keluarga,Pengeluaran,272018.0,E-Wallet
693,2025-09-08,Mkn malam,Makanan & Minuman,Pengeluaran,44629.0,Kartu Kredit
694,2024-07-24,MRT,Transportasi,Pengeluaran,24867.0,Kartu Debit
695,2024-07-02,Wifi rumah,Pulsa & Internet,Pengeluaran,87094.0,E-Wallet
696,2026-03-05,Bayar teman,Transfer Teman/Keluarga,Pengeluaran,224753.0,Kartu Debit
697,2025-12-16,Service AC,Tempat Tinggal,Pengeluaran,901681.0,Transfer Bank
698,2024-06-02,Air,Tempat Tinggal,Pengeluaran,1039734.0,Tunai
699,2024-08-21,Pembayaran digital,Transfer Teman/Keluarga,Pemasukan,258752.0,Tunai
701,2024-09-16,Pulsa & Internet,Pulsa & Internet,Pengeluaran,207124.0,Tunai
702,2025-07-06,Cloud storage,Pembayaran Langganan,Pengeluaran,217667.0,Kartu Kredit
703,2024-09-22,Patungan,Transfer Teman/Keluarga,Pengeluaran,377875.0,E-Wallet
704,2025-12-06,Restoran,Makanan & Minuman,Pengeluaran,168456.0,Kartu Debit
705,2024-05-29,Beli pakaian,Belanja Bulanan,Pengeluaran,90094.0,E-Wallet
706,2025-01-21,Iuran lingkungan,Tempat Tinggal,Pengeluaran,576353.0,E-Wallet
707,2025-11-01,Tagihan internet,Pulsa & Internet,Pengeluaran,27227.0,Kartu Kredit
708,2024-08-20,Tokopedia,Belanja Bulanan,Pengeluaran,115082.0,E-Wallet
709,2026-03-20,Game online,Hiburan,Pengeluaran,49476.0,Kartu Debit
710,2025-03-06,Paket data,Pulsa & Internet,Pengeluaran,159280.0,Tunai
711,2025-06-30,THR,Gaji,Pemasukan,5728476.0,Tunai
712,2025-11-09,Bayar kos,Tempat Tinggal,Pengeluaran,742460.0,E-Wallet
714,2025-06-21,Transfer,Pembayaran Langganan,Pengeluaran,77174.0,E-Wallet
715,2024-08-23,Lazada,Belanja Bulanan,Pengeluaran,538181.0,Tunai
716,2025-09-13,Pulsa,Pulsa & Internet,Pengeluaran,81516.0,Tunai
717,2026-02-07,Wifi rumah,Pulsa & Internet,Pengeluaran,95914.0,Tunai
718,2026-04-09,Game online,Hiburan,Pengeluaran,131463.0,Kartu Debit
719,2025-08-14,Marketplace,Tempat Tinggal,Pengeluaran,399054.0,Transfer Bank
720,2026-02-17,Kirim uang,Transfer Teman/Keluarga,Pengeluaran,196751.0,Transfer Bank
721,2024-09-03,Paket data,Pulsa & Internet,Pengeluaran,109583.0,E-Wallet
722,2025-02-19,Gaji bulanan,Gaji,Pemasukan,5627635.0,Kartu Debit
5007,2025-10-09,Kirim uang,Transfer Teman/Keluarga,Pemasukan,18408.0,Kartu Debit
724,2025-01-21,Shopee,Belanja Bulanan,Pengeluaran,110879.0,Kartu Debit
725,2026-03-03,Konser,Hiburan,Pengeluaran,358495.0,E-Wallet
726,2024-09-21,Paket data,Pulsa & Internet,Pengeluaran,110018.0,Kartu Debit
727,2025-09-26,Cloud storage,Pembayaran Langganan,Pengeluaran,44312.0,Transfer Bank
728,2025-06-09,Air,Tempat Tinggal,Pengeluaran,633740.0,Kartu Debit
729,2026-02-14,Transfer,Transfer Teman/Keluarga,Pengeluaran,224220.0,E-Wallet
730,2025-06-29,Pulsa,Pulsa & Internet,Pengeluaran,91700.0,Kartu Debit
731,2025-08-30,Bonus,Gaji,Pemasukan,10083460.0,Kartu Kredit
732,2024-07-10,Iuran lingkungan,Tempat Tinggal,Pengeluaran,1502965.0,Kartu Debit
733,2025-07-31,Tagihan internet,Pulsa & Internet,Pengeluaran,98794.0,Kartu Kredit
734,2026-03-15,Makan malam,Makanan & Minuman,Pengeluaran,38645.0,Transfer Bank
735,2024-12-29,Transfer,Transfer Teman/Keluarga,Pemasukan,289882.0,Transfer Bank
736,2025-09-27,Cloud storage,Pembayaran Langganan,Pengeluaran,226147.0,E-Wallet
737,2024-10-30,Transfer,Tempat Tinggal,Pengeluaran,683628.0,Transfer Bank
738,2024-11-03,THR,Gaji,Pemasukan,7198535.0,Tunai
739,2025-06-17,Patungan,Transfer Teman/Keluarga,Pengeluaran,247979.0,Transfer Bank
740,2024-08-28,Makan malam,Makanan & Minuman,Pengeluaran,57810.0,Kartu Debit
741,2025-01-08,Parkir,Transportasi,Pengeluaran,39548.0,Kartu Kredit
742,2026-01-14,Tagihan,Pulsa & Internet,Pengeluaran,59415.0,Kartu Kredit
743,2025-05-17,Bonus,Gaji,Pemasukan,6456084.0,E-Wallet
744,2026-02-05,Game online,Hiburan,Pengeluaran,120558.0,Kartu Kredit
745,2025-06-07,Transfer,Transfer Teman/Keluarga,Pemasukan,111308.0,Transfer Bank
746,2024-07-12,Cloud storage,Pembayaran Langganan,Pengeluaran,110923.0,E-Wallet
747,2025-06-05,Kirim uang,Transfer Teman/Keluarga,Pemasukan,339033.0,E-Wallet
748,2025-03-23,Gaji bulanan,Gaji,Pemasukan,4147689.0,Tunai
749,2026-04-27,Beli pakaian,Belanja Bulanan,Pengeluaran,285516.0,E-Wallet
750,2025-11-03,Trf,Transfer Teman/Keluarga,Pengeluaran,480587.0,Kartu Debit
751,2025-10-19,Bayar teman,Transfer Teman/Keluarga,Pengeluaran,155992.0,Kartu Debit
752,2025-06-19,Transfer,Transfer Teman/Keluarga,Pemasukan,379359.0,Tunai
753,2025-02-21,Kirim uang,Transfer Teman/Keluarga,Pemasukan,392968.0,Kartu Debit
754,2026-05-15,Pembayaran digital,Pembayaran Langganan,Pengeluaran,150785.0,E-Wallet
755,2025-11-06,Subscription,Hiburan,Pengeluaran,81511.0,E-Wallet
756,2025-11-15,Patungan,Transfer Teman/Keluarga,Pengeluaran,314788.0,E-Wallet
757,2025-02-26,Tol,Transportasi,Pengeluaran,32442.0,Kartu Kredit
758,2026-04-15,Supermarket,Belanja Bulanan,Pengeluaran,154854.0,Kartu Debit
759,2025-12-23,Bensin,Transportasi,Pengeluaran,21479.0,E-Wallet
760,2025-09-04,Kirim uang,Transfer Teman/Keluarga,Pemasukan,167734.0,Tunai
761,2026-04-06,Kirim uang,Transfer Teman/Keluarga,Pemasukan,10000.0,Tunai
763,2024-10-31,Jajan,Makanan & Minuman,Pengeluaran,17848.0,Kartu Debit
764,2025-12-22,Peralatan rumah,Belanja Bulanan,Pengeluaran,111150.0,E-Wallet
765,2024-06-05,THR,Gaji,Pemasukan,9036657.0,Kartu Debit
766,2025-01-25,Pulsa,Pulsa & Internet,Pengeluaran,92246.0,Kartu Debit
767,2026-01-12,Service AC,Tempat Tinggal,Pengeluaran,1280684.0,Kartu Debit
768,2025-12-28,Bayar kos,Tempat Tinggal,Pengeluaran,919344.0,Tunai
769,2025-09-07,Kirim uang,Transfer Teman/Keluarga,Pemasukan,10000.0,Kartu Kredit
770,2024-09-18,Grab,Transportasi,Pengeluaran,28731.0,E-Wallet
771,2025-10-12,Subscription,Pembayaran Langganan,Pengeluaran,170602.0,E-Wallet
772,2024-10-15,Restoran,Makanan & Minuman,Pengeluaran,61188.0,Kartu Kredit
773,2025-01-31,Spotify,Hiburan,Pengeluaran,58855.0,Kartu Kredit
774,2025-12-26,KRL,Transportasi,Pengeluaran,46496.0,E-Wallet
775,2026-02-17,Patungan,Transfer Teman/Keluarga,Pengeluaran,126637.0,Tunai
776,2025-08-22,Cloud storage,Pembayaran Langganan,Pengeluaran,187261.0,Tunai
777,2026-01-21,Beli pakaian,Belanja Bulanan,Pengeluaran,92051.0,E-Wallet
778,2026-03-13,Supermarket,Belanja Bulanan,Pengeluaran,175886.0,Kartu Debit
779,2025-03-10,GoFood,Makanan & Minuman,Pengeluaran,36837.0,Kartu Debit
780,2025-08-03,Patungan,Transfer Teman/Keluarga,Pengeluaran,204441.0,E-Wallet
781,2024-07-31,Supermarket,Belanja Bulanan,Pengeluaran,185587.0,Kartu Debit
782,2025-05-23,Patungan,Transfer Teman/Keluarga,Pemasukan,279038.0,Kartu Debit
783,2024-08-30,Tagihan,Gaji,Pemasukan,6712289.0,Kartu Kredit
784,2026-03-08,Minimarket,Belanja Bulanan,Pengeluaran,121615.0,E-Wallet
785,2025-05-08,Bensin,Transportasi,Pengeluaran,48741.0,E-Wallet
786,2025-08-29,THR,Gaji,Pemasukan,7488904.0,E-Wallet
787,2025-02-03,Makanan & Minuman,Makanan & Minuman,Pengeluaran,54066.0,Lainnya
788,2024-08-27,Subscription,Pembayaran Langganan,Pengeluaran,102919.0,Kartu Debit
789,2026-04-24,Bonus,Gaji,Pemasukan,4233984.0,Kartu Kredit
790,2025-04-23,Parkir,Transportasi,Pengeluaran,25328.0,Kartu Debit
791,2025-01-25,Mkn siang,Makanan & Minuman,Pengeluaran,47261.0,E-Wallet
792,2025-10-30,Patungan,Transfer Teman/Keluarga,Pemasukan,467870.0,Kartu Debit
793,2026-04-22,Bioskop,Hiburan,Pengeluaran,204306.0,Kartu Debit
794,2026-02-18,Game online,Hiburan,Pengeluaran,93616.0,E-Wallet
795,2025-03-10,Kirim uang,Transfer Teman/Keluarga,Pengeluaran,306461.0,E-Wallet
796,2026-03-31,Liburan,Hiburan,Pengeluaran,52499.0,E-Wallet
797,2024-08-10,KRL,Transportasi,Pengeluaran,11300.0,Kartu Debit
798,2024-09-09,Tol,Transportasi,Pengeluaran,39512.0,Tunai
799,2025-02-15,Ngopi,Makanan & Minuman,Pengeluaran,64816.0,Tunai
800,2025-01-10,Minimarket,Belanja Bulanan,Pengeluaran,90883.0,Kartu Debit
801,2026-02-13,Tagihan,Transportasi,Pengeluaran,20829.0,Kartu Debit
802,2025-10-19,Game online,Hiburan,Pengeluaran,49215.0,Kartu Kredit
803,2025-12-04,Beli pakaian,Belanja Bulanan,Pengeluaran,212996.0,Kartu Kredit
804,2025-06-19,Pembayaran digital,Hiburan,Pengeluaran,95877.0,Kartu Debit
805,2025-06-14,Listrik,Tempat Tinggal,Pengeluaran,682971.0,Transfer Bank
806,2025-08-26,Subscription,Pembayaran Langganan,Pengeluaran,212854.0,Tunai
807,2025-04-12,Makan malam,Makanan & Minuman,Pengeluaran,45246.0,Kartu Debit
808,2025-05-30,Air,Tempat Tinggal,Pengeluaran,3118029.0,Kartu Debit
809,2024-08-29,Wifi rumah,Pulsa & Internet,Pengeluaran,13537.0,Kartu Debit
810,2025-05-19,Cloud storage,Pembayaran Langganan,Pengeluaran,135334.0,Kartu Debit
811,2025-04-02,MRT,Transportasi,Pengeluaran,98212.0,Kartu Debit
812,2026-03-12,Game online,Hiburan,Pengeluaran,158558.0,Tunai
813,2025-05-11,Tagihan internet,Pulsa & Internet,Pengeluaran,95869.0,E-Wallet
814,2025-04-30,Cafe,Makanan & Minuman,Pengeluaran,17136.0,Tunai
815,2026-05-23,THR,Gaji,Pemasukan,6516709.0,Transfer Bank
816,2026-03-21,Iuran lingkungan,Tempat Tinggal,Pengeluaran,907675.0,Kartu Debit
817,2025-09-14,Netflix,Hiburan,Pengeluaran,75914.0,E-Wallet
818,2025-06-28,Minimarket,Belanja Bulanan,Pengeluaran,138849.0,Kartu Kredit
819,2024-11-15,Beli pakaian,Belanja Bulanan,Pengeluaran,208795.0,Kartu Debit
820,2025-10-06,Paket data,Pulsa & Internet,Pengeluaran,145605.0,Kartu Debit
821,2024-05-28,Paket data,Pulsa & Internet,Pengeluaran,90639.0,Kartu Kredit
822,2024-06-28,Gaji bulanan,Gaji,Pemasukan,6873086.0,E-Wallet
823,2025-11-04,Cafe,Makanan & Minuman,Pengeluaran,72550.0,Tunai
824,2024-12-25,Patungan,Transfer Teman/Keluarga,Pemasukan,348318.0,Kartu Kredit
825,2025-02-12,Gym membership,Pembayaran Langganan,Pengeluaran,241416.0,Tunai
826,2024-12-26,Membership,Pembayaran Langganan,Pengeluaran,178382.0,E-Wallet
827,2024-08-08,Minimarket,Belanja Bulanan,Pengeluaran,53855.0,Tunai
828,2025-10-30,Makan siang,Makanan & Minuman,Pengeluaran,69503.0,Kartu Debit
829,2026-02-18,Spotify,Hiburan,Pengeluaran,73095.0,Transfer Bank
830,2025-06-26,Air,Tempat Tinggal,Pengeluaran,997138.0,Transfer Bank
831,2025-10-03,Bayar teman,Transfer Teman/Keluarga,Pemasukan,10281.0,Kartu Debit
832,2025-05-22,Supermarket,Belanja Bulanan,Pengeluaran,205065.0,Tunai
833,2026-01-30,Wifi rumah,Pulsa & Internet,Pengeluaran,117035.0,E-Wallet
834,2024-12-21,Belanja Bulanan,Belanja Bulanan,Pengeluaran,164320.0,Kartu Kredit
835,2026-04-09,Service AC,Tempat Tinggal,Pengeluaran,1029939.0,E-Wallet
836,2025-11-10,Cloud storage,Pembayaran Langganan,Pengeluaran,42403.0,Kartu Kredit
837,2025-04-28,Transfer,Transfer Teman/Keluarga,Pengeluaran,203041.0,Tunai
838,2025-01-20,Transfer,Hiburan,Pengeluaran,98666.0,Transfer Bank
839,2025-02-25,Paket data,Pulsa & Internet,Pengeluaran,49983.0,Kartu Debit
840,2026-02-09,Patungan,Transfer Teman/Keluarga,Pengeluaran,340677.0,E-Wallet
841,2025-12-31,Peralatan rumah,Belanja Bulanan,Pengeluaran,156925.0,Kartu Kredit
842,2025-05-26,Marketplace,Pembayaran Langganan,Pengeluaran,116032.0,Tunai
843,2026-01-02,Game online,Hiburan,Pengeluaran,166197.0,Transfer Bank
844,2024-10-04,Bayar teman,Transfer Teman/Keluarga,Pengeluaran,222816.0,E-Wallet
845,2024-09-24,Tokopedia,Belanja Bulanan,Pengeluaran,330976.0,Transfer Bank
846,2024-07-25,Transfer,Transfer Teman/Keluarga,Pemasukan,229795.0,Kartu Kredit
847,2026-05-06,Tagihan,Pulsa & Internet,Pengeluaran,147305.0,Kartu Kredit
848,2026-03-22,Parkir,Transportasi,Pengeluaran,43648.0,Kartu Debit
849,2025-08-22,Subscription,Pembayaran Langganan,Pengeluaran,28423.0,Tunai
850,2025-07-12,Tokopedia,Belanja Bulanan,Pengeluaran,141744.0,Kartu Debit
851,2024-12-03,Patungan,Transfer Teman/Keluarga,Pemasukan,18962.0,Kartu Kredit
852,2025-02-02,Kirim uang,Transfer Teman/Keluarga,Pengeluaran,547507.0,E-Wallet
853,2026-03-14,Patungan,Transfer Teman/Keluarga,Pengeluaran,366891.0,Transfer Bank
854,2024-07-29,Patungan,Transfer Teman/Keluarga,Pemasukan,206413.0,Kartu Debit
855,2025-05-17,Service AC,Tempat Tinggal,Pengeluaran,999395.0,Kartu Debit
856,2026-02-14,Lazada,Belanja Bulanan,Pengeluaran,28689.0,Kartu Debit
857,2025-02-15,Patungan,Transfer Teman/Keluarga,Pengeluaran,195065.0,Tunai
858,2025-04-10,Pulsa,Pulsa & Internet,Pengeluaran,117755.0,Transfer Bank
859,2026-05-05,Membership,Pembayaran Langganan,Pengeluaran,195937.0,E-Wallet
860,2025-05-10,Gym membership,Pembayaran Langganan,Pengeluaran,97872.0,E-Wallet
861,2025-02-18,Bioskop,Hiburan,Pengeluaran,50689.0,Transfer Bank
862,2024-07-07,Pulsa,Pulsa & Internet,Pengeluaran,240383.0,Kartu Debit
863,2025-10-18,Bayar teman,Transfer Teman/Keluarga,Pengeluaran,353535.0,Tunai
864,2025-10-06,Gaji bulanan,Gaji,Pemasukan,4453305.0,Kartu Debit
865,2026-02-27,Bioskop,Hiburan,Pengeluaran,28331.0,Tunai
866,2024-11-24,Cafe,Makanan & Minuman,Pengeluaran,35019.0,Transfer Bank
867,2026-03-24,Bayar teman,Transfer Teman/Keluarga,Pengeluaran,432606.0,E-Wallet
868,2025-12-10,Shopee,Belanja Bulanan,Pengeluaran,198932.0,Kartu Debit
869,2026-04-05,Tokopedia,Belanja Bulanan,Pengeluaran,250646.0,Kartu Debit
870,2026-04-27,Mkn malam,Makanan & Minuman,Pengeluaran,20101.0,Transfer Bank
871,2025-12-06,Kirim uang,Transfer Teman/Keluarga,Pengeluaran,468959.0,E-Wallet
872,2024-08-07,Grab,Transportasi,Pengeluaran,10000.0,E-Wallet
873,2025-05-05,Bioskop,Hiburan,Pengeluaran,132306.0,Lainnya
874,2024-08-15,Parkir,Transportasi,Pengeluaran,63149.0,E-Wallet
875,2025-11-18,Jajan,Makanan & Minuman,Pengeluaran,172834.0,Tunai
876,2024-07-07,Ngopi,Makanan & Minuman,Pengeluaran,66067.0,Kartu Kredit
877,2025-10-19,Pulsa,Pulsa & Internet,Pengeluaran,143277.0,Kartu Kredit
878,2024-12-31,Bonus,Gaji,Pemasukan,7296425.0,E-Wallet
879,2024-08-29,Pembayaran digital,Tempat Tinggal,Pengeluaran,744341.0,E-Wallet
880,2025-03-10,Minimarket,Belanja Bulanan,Pengeluaran,228273.0,Kartu Debit
881,2026-04-27,Service AC,Tempat Tinggal,Pengeluaran,1114551.0,Kartu Kredit
882,2024-10-20,Bonus,Gaji,Pemasukan,7250048.0,Kartu Kredit
883,2025-04-07,Liburan,Hiburan,Pengeluaran,135662.0,E-Wallet
884,2024-08-24,Air,Tempat Tinggal,Pengeluaran,716316.0,Tunai
885,2026-02-01,Shopee,Belanja Bulanan,Pengeluaran,157921.0,Kartu Debit
886,2024-10-24,Tagihan,Tempat Tinggal,Pengeluaran,2070251.0,E-Wallet
887,2024-07-26,Iuran lingkungan,Tempat Tinggal,Pengeluaran,8133891.0,Transfer Bank
888,2025-08-05,Gym membership,Pembayaran Langganan,Pengeluaran,51405.0,E-Wallet
889,2026-03-20,Bioskop,Hiburan,Pengeluaran,56952.0,Transfer Bank
890,2025-02-13,Ngopi,Makanan & Minuman,Pengeluaran,30709.0,Kartu Debit
891,2025-09-16,Minimarket,Makanan & Minuman,Pengeluaran,57531.0,E-Wallet
892,2025-11-17,Netflix,Hiburan,Pengeluaran,248878.0,E-Wallet
893,2026-03-21,Wifi rumah,Pulsa & Internet,Pengeluaran,102789.0,Kartu Debit
894,2025-06-16,GrabFood,Makanan & Minuman,Pengeluaran,37204.0,Kartu Debit
895,2025-07-26,Bayar kos,Tempat Tinggal,Pengeluaran,658477.0,Kartu Debit
896,2026-01-19,Netflix,Hiburan,Pengeluaran,65851.0,E-Wallet
897,2025-05-10,Gym membership,Pembayaran Langganan,Pengeluaran,228800.0,Kartu Debit
898,2025-10-19,Supermarket,Belanja Bulanan,Pengeluaran,133398.0,Kartu Debit
899,2024-06-08,Patungan,Transfer Teman/Keluarga,Pemasukan,592061.0,E-Wallet
900,2025-06-29,Subscription,Pembayaran Langganan,Pengeluaran,188797.0,Kartu Debit
901,2025-01-23,Air,Tempat Tinggal,Pengeluaran,776433.0,Kartu Debit
902,2025-02-14,Membership,Pembayaran Langganan,Pengeluaran,88317.0,Transfer Bank
903,2024-08-21,Wifi rumah,Pulsa & Internet,Pengeluaran,65362.0,Transfer Bank
904,2024-11-22,Patungan,Transfer Teman/Keluarga,Pengeluaran,205237.0,Kartu Debit
905,2025-03-15,Restoran,Makanan & Minuman,Pengeluaran,227153.0,Kartu Debit
906,2025-10-07,Marketplace,Pulsa & Internet,Pengeluaran,168060.0,Kartu Debit
907,2025-01-29,Marketplace,Pembayaran Langganan,Pengeluaran,169691.0,Kartu Debit
908,2026-03-12,Paket data,Pulsa & Internet,Pengeluaran,94878.0,Transfer Bank
909,2025-12-31,Pulsa,Pulsa & Internet,Pengeluaran,96664.0,Tunai
910,2026-04-11,Grabb,Transportasi,Pengeluaran,28771.0,E-Wallet
911,2024-10-12,Cloud storage,Pembayaran Langganan,Pengeluaran,168683.0,E-Wallet
912,2024-06-27,Membership,Pembayaran Langganan,Pengeluaran,51104.0,Kartu Debit
913,2025-07-18,Transfer,Makanan & Minuman,Pengeluaran,70353.0,Transfer Bank
914,2025-12-30,Iuran lingkungan,Tempat Tinggal,Pengeluaran,917873.0,Kartu Debit
915,2024-08-08,Patungan,Transfer Teman/Keluarga,Pengeluaran,310074.0,Kartu Debit
916,2025-01-28,Gym membership,Pembayaran Langganan,Pengeluaran,140435.0,E-Wallet
917,2025-06-27,Restoran,Makanan & Minuman,Pengeluaran,84355.0,Kartu Kredit
918,2024-09-09,Peralatan rumah,Belanja Bulanan,Pengeluaran,159254.0,Kartu Kredit
919,2024-07-27,THR,Gaji,Pemasukan,6028016.0,Kartu Debit
920,2024-06-26,Parkir,Transportasi,Pengeluaran,19072.0,Tunai
921,2024-10-07,Bensin,Transportasi,Pengeluaran,11719.0,Transfer Bank
922,2024-07-18,Air,Tempat Tinggal,Pengeluaran,814768.0,Kartu Debit
923,2025-03-24,Tempat Tinggal,Tempat Tinggal,Pengeluaran,1287395.0,E-Wallet
924,2025-03-20,Transfer,Transfer Teman/Keluarga,Pengeluaran,457218.0,E-Wallet
925,2025-10-04,Peralatan rumah,Belanja Bulanan,Pengeluaran,181262.0,E-Wallet
926,2025-06-17,Paket data,Pulsa & Internet,Pengeluaran,192982.0,Kartu Debit
927,2025-02-07,Parkir,Transportasi,Pengeluaran,11124.0,Kartu Kredit
928,2024-07-13,Paket data,Pulsa & Internet,Pengeluaran,66727.0,E-Wallet
929,2025-05-28,Beli pakaian,Belanja Bulanan,Pengeluaran,199573.0,E-Wallet
930,2024-09-08,Bonus,Gaji,Pemasukan,6862025.0,Kartu Kredit
931,2024-12-19,Netflix,Hiburan,Pengeluaran,488164.0,E-Wallet
932,2025-02-06,Tagihan,Tempat Tinggal,Pengeluaran,792038.0,Tunai
933,2026-02-02,Parkir,Transportasi,Pengeluaran,19636.0,Kartu Debit
934,2024-12-23,Marketplace,Transfer Teman/Keluarga,Pengeluaran,364970.0,Transfer Bank
935,2026-05-17,Shopee,Belanja Bulanan,Pengeluaran,145011.0,E-Wallet
936,2026-03-10,Tagihan internet,Pulsa & Internet,Pengeluaran,158130.0,E-Wallet
937,2025-11-17,Restoran,Makanan & Minuman,Pengeluaran,89850.0,Transfer Bank
938,2026-01-11,Tagihan,Pembayaran Langganan,Pengeluaran,74000.0,E-Wallet
939,2025-03-03,Wifi rumah,Pulsa & Internet,Pengeluaran,84514.0,Kartu Debit
940,2025-12-04,Service AC,Tempat Tinggal,Pengeluaran,948564.0,Tunai
941,2025-07-28,Paket data,Pulsa & Internet,Pengeluaran,80275.0,E-Wallet
942,2025-02-05,Minimarket,Belanja Bulanan,Pengeluaran,480030.0,Kartu Debit
943,2025-01-24,Transfer,Belanja Bulanan,Pengeluaran,241635.0,E-Wallet
944,2024-12-15,Marketplace,Belanja Bulanan,Pengeluaran,192918.0,Tunai
945,2024-09-09,Subscription,Pembayaran Langganan,Pengeluaran,54890.0,Kartu Kredit
946,2024-11-24,Spotfy,Hiburan,Pengeluaran,55393.0,Kartu Debit
947,2024-09-17,Liburan,Hiburan,Pengeluaran,138317.0,Kartu Debit
948,2025-06-05,Tagihan,Gaji,Pemasukan,6937811.0,Transfer Bank
949,2026-01-21,Bayar teman,Transfer Teman/Keluarga,Pengeluaran,262883.0,Transfer Bank
950,2024-09-04,Gaji bulanan,Gaji,Pemasukan,4724559.0,Tunai
951,2025-07-25,Konser,Hiburan,Pengeluaran,111596.0,Kartu Debit
952,2025-07-26,Gaji bulanan,Gaji,Pemasukan,13459357.0,E-Wallet
953,2025-07-22,Bayar teman,Transfer Teman/Keluarga,Pengeluaran,313014.0,Kartu Debit
954,2025-07-30,Minimarket,Makanan & Minuman,Pengeluaran,62137.0,Kartu Debit
955,2025-10-22,Restoran,Makanan & Minuman,Pengeluaran,121722.0,Kartu Debit
956,2026-05-03,Wifi rumah,Pulsa & Internet,Pengeluaran,63252.0,Kartu Debit
957,2024-07-22,Jajan,Makanan & Minuman,Pengeluaran,69516.0,Kartu Kredit
958,2025-03-21,Konser,Hiburan,Pengeluaran,187759.0,Tunai
959,2025-02-19,Minimarket,Belanja Bulanan,Pengeluaran,114143.0,Tunai
960,2024-10-12,Tol,Transportasi,Pengeluaran,10000.0,E-Wallet
961,2024-11-02,Minimarket,Belanja Bulanan,Pengeluaran,151290.0,Kartu Debit
962,2024-07-19,Marketplace,Pulsa & Internet,Pengeluaran,76282.0,Transfer Bank
963,2025-01-03,Beli pakaian,Belanja Bulanan,Pengeluaran,34087.0,Kartu Debit
964,2025-05-01,Bayar kos,Tempat Tinggal,Pengeluaran,1203208.0,Lainnya
965,2024-10-01,Minimarket,Belanja Bulanan,Pengeluaran,162791.0,Kartu Debit
966,2026-04-22,Kirim uang,Transfer Teman/Keluarga,Pemasukan,55424.0,Lainnya
967,2025-09-30,Minimarket,Makanan & Minuman,Pengeluaran,55036.0,Tunai
968,2024-06-23,Game online,Hiburan,Pengeluaran,51957.0,Tunai
969,2026-05-03,Tagihan,Makanan & Minuman,Pengeluaran,40542.0,Transfer Bank
970,2024-11-10,Cafe,Makanan & Minuman,Pengeluaran,24311.0,Kartu Kredit
971,2026-02-09,Transfer,Pembayaran Langganan,Pengeluaran,117257.0,Kartu Kredit
972,2025-07-16,Pulsa,Pulsa & Internet,Pengeluaran,69400.0,E-Wallet
973,2024-08-19,Marketplace,Belanja Bulanan,Pengeluaran,184633.0,E-Wallet
974,2024-06-25,Tokopedia,Belanja Bulanan,Pengeluaran,173860.0,Kartu Kredit
975,2025-01-02,Minimarket,Belanja Bulanan,Pengeluaran,183209.0,Kartu Debit
976,2025-08-26,Bayar teman,Transfer Teman/Keluarga,Pemasukan,464523.0,Transfer Bank
977,2024-07-09,Parkir,Transportasi,Pengeluaran,21593.0,Transfer Bank
978,2025-07-05,Iuran lingkungan,Tempat Tinggal,Pengeluaran,675451.0,Tunai
979,2024-11-16,Gaji bulanan,Gaji,Pemasukan,7178744.0,Transfer Bank
980,2024-09-06,Gojek,Transportasi,Pengeluaran,10000.0,Tunai
981,2025-01-31,Konser,Hiburan,Pengeluaran,80310.0,Transfer Bank
982,2024-10-20,Listrik,Tempat Tinggal,Pengeluaran,1186544.0,Kartu Debit
983,2025-09-23,Patungan,Transfer Teman/Keluarga,Pengeluaran,61855.0,Tunai
984,2025-02-11,Transfer,Hiburan,Pengeluaran,35255.0,Kartu Kredit
985,2024-09-09,Wifi rumah,Pulsa & Internet,Pengeluaran,101914.0,Tunai
986,2024-08-04,Pulsa,Pulsa & Internet,Pengeluaran,138720.0,Lainnya
987,2025-04-20,Parkir,Transportasi,Pengeluaran,30569.0,E-Wallet
988,2024-09-15,KRL,Transportasi,Pengeluaran,67235.0,E-Wallet
989,2024-08-19,Ngopi,Makanan & Minuman,Pengeluaran,51408.0,E-Wallet
990,2025-10-19,Patungan,Transfer Teman/Keluarga,Pengeluaran,258593.0,E-Wallet
991,2025-02-13,Bayar teman,Transfer Teman/Keluarga,Pengeluaran,272630.0,E-Wallet
992,2026-01-04,THR,Gaji,Pemasukan,12865386.0,E-Wallet
993,2025-12-09,Jajan,Makanan & Minuman,Pengeluaran,65682.0,Kartu Kredit
994,2025-11-16,Bayar kos,Tempat Tinggal,Pengeluaran,1748177.0,Lainnya
995,2026-04-15,Supermarket,Belanja Bulanan,Pengeluaran,127359.0,Kartu Debit
996,2025-04-28,Game online,Hiburan,Pengeluaran,189712.0,Kartu Debit
997,2025-07-29,Gojek,Transportasi,Pengeluaran,45355.0,Kartu Debit
998,2024-07-28,Spotify,Pembayaran Langganan,Pengeluaran,88457.0,E-Wallet
999,2024-06-28,Jajan,Makanan & Minuman,Pengeluaran,138441.0,E-Wallet
1000,2025-04-10,Belanja Bulanan,Belanja Bulanan,Pengeluaran,272471.0,E-Wallet
1001,2025-04-23,Bioskop,Hiburan,Pengeluaran,111333.0,Kartu Debit
1002,2025-02-09,Tokopedia,Belanja Bulanan,Pengeluaran,333615.0,Kartu Debit
1003,2024-09-22,Bensin,Transportasi,Pengeluaran,35085.0,E-Wallet
1004,2025-11-19,Parkir,Transportasi,Pengeluaran,10000.0,E-Wallet
1005,2025-03-28,Netflix,Hiburan,Pengeluaran,118457.0,Kartu Debit
1006,2024-06-12,Listrik,Tempat Tinggal,Pengeluaran,715289.0,Tunai
1007,2026-03-11,Transfer,Transfer Teman/Keluarga,Pengeluaran,441057.0,Tunai
1008,2024-05-27,Tol,Transportasi,Pengeluaran,10000.0,Transfer Bank
1009,2026-03-16,Transfer Teman/Keluarga,Transfer Teman/Keluarga,Pemasukan,182951.0,Transfer Bank
1010,2024-12-28,Transfer,Transfer Teman/Keluarga,Pengeluaran,206161.0,E-Wallet
1011,2025-09-30,Tagihan,Transportasi,Pengeluaran,13652.0,Transfer Bank
1012,2025-03-11,Bayar teman,Transfer Teman/Keluarga,Pengeluaran,612180.0,E-Wallet
1013,2025-02-23,MRT,Transportasi,Pengeluaran,13059.0,Kartu Debit
1014,2025-08-15,Trf,Transfer Teman/Keluarga,Pengeluaran,213387.0,Kartu Kredit
1015,2024-10-15,Patungan,Transfer Teman/Keluarga,Pengeluaran,125126.0,Tunai
1016,2024-06-07,Bioskop,Hiburan,Pengeluaran,160222.0,E-Wallet
1017,2024-07-08,Service AC,Tempat Tinggal,Pengeluaran,1093988.0,E-Wallet
1018,2026-05-19,Bonus,Gaji,Pemasukan,2229070.0,Kartu Kredit
1019,2025-12-21,Parkir,Transportasi,Pengeluaran,77276.0,Kartu Debit
1020,2025-12-20,Patungan,Transfer Teman/Keluarga,Pengeluaran,176178.0,Transfer Bank
1021,2025-06-20,Bonus,Gaji,Pemasukan,6794119.0,Kartu Debit
1022,2025-12-28,Patungan,Transfer Teman/Keluarga,Pemasukan,10000.0,Transfer Bank
1023,2026-01-20,Beli pakaian,Belanja Bulanan,Pengeluaran,222515.0,Kartu Kredit
1024,2025-10-06,Transfer,Transfer Teman/Keluarga,Pengeluaran,382784.0,Kartu Kredit
1025,2026-03-07,Kirim uang,Transfer Teman/Keluarga,Pengeluaran,91163.0,Transfer Bank
1026,2026-01-01,Subscription,Pembayaran Langganan,Pengeluaran,275126.0,Kartu Kredit
1027,2025-01-31,Ngopi,Makanan & Minuman,Pengeluaran,70229.0,Kartu Debit
1028,2025-03-19,Kirim uang,Transfer Teman/Keluarga,Pengeluaran,451221.0,E-Wallet
1029,2024-10-09,Konser,Hiburan,Pengeluaran,330099.0,Kartu Kredit
1030,2025-07-14,Restoran,Makanan & Minuman,Pengeluaran,32403.0,E-Wallet
1031,2025-06-29,Iuran lingkungan,Tempat Tinggal,Pengeluaran,1238540.0,E-Wallet
1032,2024-12-03,Bayar kos,Tempat Tinggal,Pengeluaran,1063493.0,Transfer Bank
1033,2025-11-12,Subscription,Pembayaran Langganan,Pengeluaran,10000.0,Kartu Debit
1034,2024-07-17,Paket data,Pulsa & Internet,Pengeluaran,88135.0,Kartu Debit
1035,2024-12-30,Patungan,Transfer Teman/Keluarga,Pengeluaran,513321.0,Kartu Debit
1036,2024-12-09,Trf,Belanja Bulanan,Pengeluaran,357363.0,Tunai
1037,2024-07-02,Tagihan,Pembayaran Langganan,Pengeluaran,131701.0,Transfer Bank
1038,2024-10-13,Kirim uang,Transfer Teman/Keluarga,Pemasukan,136257.0,E-Wallet
1039,2024-06-29,Subscription,Pembayaran Langganan,Pengeluaran,157480.0,Kartu Debit
1040,2026-04-16,Tagihan internet,Pulsa & Internet,Pengeluaran,67827.0,Transfer Bank
1041,2024-10-27,Cafe,Makanan & Minuman,Pengeluaran,55063.0,Transfer Bank
1042,2026-01-04,Tol,Transportasi,Pengeluaran,44488.0,Tunai
1043,2026-04-14,Konser,Hiburan,Pengeluaran,125510.0,Transfer Bank
1044,2024-11-27,Wifi rumah,Pulsa & Internet,Pengeluaran,112338.0,Kartu Debit
1045,2025-10-29,Marketplace,Pembayaran Langganan,Pengeluaran,106852.0,Kartu Kredit
1046,2024-10-25,Bayar teman,Transfer Teman/Keluarga,Pengeluaran,144269.0,Tunai
1047,2026-04-05,Marketplace,Hiburan,Pengeluaran,29984.0,E-Wallet
1048,2024-08-14,Cafe,Makanan & Minuman,Pengeluaran,40743.0,Kartu Debit
1050,2025-11-13,Bioskop,Hiburan,Pengeluaran,65768.0,Tunai
1051,2026-04-16,Makan malam,Makanan & Minuman,Pengeluaran,42411.0,Kartu Debit
1052,2026-03-19,Bayar teman,Transfer Teman/Keluarga,Pemasukan,299809.0,Kartu Debit
1053,2025-06-23,Kirim uang,Transfer Teman/Keluarga,Pengeluaran,10000.0,Kartu Kredit
1054,2025-06-30,Tol,Transportasi,Pengeluaran,22204.0,Kartu Kredit
1055,2025-05-22,Membership,Pembayaran Langganan,Pengeluaran,342397.0,Kartu Debit
1056,2024-10-13,Marketplace,Pulsa & Internet,Pengeluaran,39947.0,Tunai
1057,2024-06-08,Membership,Pembayaran Langganan,Pengeluaran,174923.0,Tunai
1058,2024-06-07,Wifi rumah,Pulsa & Internet,Pengeluaran,78018.0,Kartu Kredit
1059,2025-11-25,Cloud storage,Pembayaran Langganan,Pengeluaran,229953.0,E-Wallet
1060,2026-04-19,Marketplace,Belanja Bulanan,Pemasukan,372122.0,Kartu Debit
1061,2025-12-14,Bioskop,Hiburan,Pengeluaran,197042.0,Kartu Debit
1062,2025-05-20,Membership,Pembayaran Langganan,Pengeluaran,170709.0,E-Wallet
1063,2026-03-19,Tagihan internet,Pulsa & Internet,Pengeluaran,149875.0,Kartu Debit
1064,2026-03-09,Trf,Gaji,Pemasukan,3895441.0,Kartu Debit
1065,2026-03-11,Bayar teman,Transfer Teman/Keluarga,Pengeluaran,484433.0,Tunai
1066,2026-01-03,Pembayaran digital,Makanan & Minuman,Pengeluaran,44520.0,Transfer Bank
1067,2025-04-30,Bensin,Transportasi,Pengeluaran,82973.0,E-Wallet
1068,2025-03-20,Shopee,Belanja Bulanan,Pengeluaran,366949.0,Kartu Kredit
1069,2026-01-26,KRL,Transportasi,Pengeluaran,11395.0,Kartu Debit
1070,2025-04-26,Air,Tempat Tinggal,Pengeluaran,950522.0,Kartu Debit
1071,2025-06-08,Membership,Pembayaran Langganan,Pengeluaran,139798.0,Transfer Bank
1072,2024-11-30,Kirim uang,Transfer Teman/Keluarga,Pemasukan,375000.0,Kartu Kredit
1073,2026-03-03,Gym membership,Pembayaran Langganan,Pengeluaran,193077.0,Kartu Debit
1074,2025-05-15,Gym membership,Pembayaran Langganan,Pengeluaran,89208.0,Kartu Kredit
1075,2026-04-08,Transfer,Hiburan,Pengeluaran,68060.0,E-Wallet
1076,2025-10-16,Trf,Transfer Teman/Keluarga,Pengeluaran,322581.0,Kartu Debit
1077,2024-09-18,THR,Gaji,Pemasukan,5829131.0,Tunai
1078,2025-07-18,Transfer,Transfer Teman/Keluarga,Pemasukan,116997.0,E-Wallet
1079,2025-04-29,Membership,Pembayaran Langganan,Pengeluaran,81761.0,Kartu Kredit
1080,2024-06-30,Pulsa,Pulsa & Internet,Pengeluaran,118335.0,Tunai
1081,2025-09-16,Grab,Transportasi,Pengeluaran,10896.0,Transfer Bank
1082,2026-03-24,Transfer,Hiburan,Pengeluaran,61855.0,Kartu Kredit
1083,2026-03-02,Bayar kos,Tempat Tinggal,Pengeluaran,838814.0,Kartu Debit
1084,2024-06-27,Paket data,Pulsa & Internet,Pengeluaran,51442.0,Transfer Bank
1085,2024-09-27,Game online,Hiburan,Pengeluaran,224170.0,Kartu Debit
1086,2026-01-10,Transfer,Transfer Teman/Keluarga,Pengeluaran,195199.0,Kartu Debit
1087,2025-12-04,Pembayaran digital,Makanan & Minuman,Pengeluaran,32861.0,Transfer Bank
1088,2026-03-18,Konser,Hiburan,Pengeluaran,115271.0,Kartu Kredit
1089,2025-12-03,Makan siang,Makanan & Minuman,Pengeluaran,51126.0,Kartu Debit
1090,2024-06-24,Cloud storage,Pembayaran Langganan,Pengeluaran,89271.0,Kartu Debit
1091,2025-03-03,Beli pakaian,Belanja Bulanan,Pengeluaran,48032.0,Tunai
1092,2024-11-07,Cafe,Makanan & Minuman,Pengeluaran,43970.0,Tunai
1093,2024-08-22,Shopee,Belanja Bulanan,Pengeluaran,108304.0,Kartu Debit
1095,2025-05-27,Gojek,Transportasi,Pengeluaran,9378.0,Kartu Kredit
1096,2024-10-22,Patungan,Transfer Teman/Keluarga,Pemasukan,363688.0,Kartu Debit
1097,2024-06-17,Lazada,Belanja Bulanan,Pengeluaran,350433.0,Kartu Debit
1098,2025-11-10,Marketplace,Belanja Bulanan,Pengeluaran,174367.0,Tunai
1099,2025-08-17,Kirim uang,Transfer Teman/Keluarga,Pemasukan,315958.0,Kartu Debit
1100,2024-05-30,Tagihan,Pembayaran Langganan,Pengeluaran,187893.0,E-Wallet
1101,2025-02-13,Konser,Hiburan,Pengeluaran,124484.0,Kartu Debit
1102,2025-12-27,Tokopedia,Belanja Bulanan,Pengeluaran,212500.0,Transfer Bank
1104,2025-08-10,Transfer,Transfer Teman/Keluarga,Pemasukan,405756.0,Kartu Debit
1105,2026-05-06,Restoran,Makanan & Minuman,Pengeluaran,47828.0,Kartu Debit
1106,2024-07-16,Grab,Transportasi,Pengeluaran,12495.0,Transfer Bank
1107,2026-04-13,Wifi rumah,Pulsa & Internet,Pengeluaran,125619.0,Tunai
1108,2024-10-25,Pulsa,Pulsa & Internet,Pengeluaran,92379.0,Kartu Debit
1109,2024-10-13,Patungan,Transfer Teman/Keluarga,Pengeluaran,300847.0,Kartu Debit
1110,2026-01-21,Spotify,Hiburan,Pengeluaran,12163.0,E-Wallet
1111,2026-05-24,Trf,Transfer Teman/Keluarga,Pengeluaran,320000.0,Transfer Bank
1112,2025-06-09,Trf,Belanja Bulanan,Pengeluaran,348189.0,E-Wallet
1113,2026-04-29,Bayar teman,Transfer Teman/Keluarga,Pengeluaran,151278.0,Kartu Debit
1114,2025-04-28,Gaji bulanan,Gaji,Pemasukan,17368785.0,Transfer Bank
5008,2025-06-16,Bonus,Gaji,Pemasukan,7408496.0,Kartu Debit
1116,2025-10-05,Minimarket,Makanan & Minuman,Pengeluaran,27874.0,Kartu Debit
1117,2025-05-25,Subscription,Hiburan,Pengeluaran,193384.0,Tunai
1118,2024-07-16,Spotfy,Hiburan,Pengeluaran,82355.0,Kartu Kredit
1119,2025-07-08,Spotify,Hiburan,Pengeluaran,25885.0,Kartu Kredit
1120,2025-05-04,Listrik,Tempat Tinggal,Pengeluaran,832841.0,Kartu Debit
1121,2025-05-08,Supermarket,Belanja Bulanan,Pengeluaran,348340.0,Kartu Debit
1122,2025-02-08,Kirim uang,Transfer Teman/Keluarga,Pengeluaran,265863.0,E-Wallet
1123,2026-01-10,Kirim uang,Transfer Teman/Keluarga,Pemasukan,289603.0,E-Wallet
1124,2024-08-29,THR,Gaji,Pemasukan,11211218.0,Kartu Debit
1125,2024-06-07,Minimarket,Makanan & Minuman,Pengeluaran,47545.0,Kartu Kredit
1126,2026-04-15,Gojek,Transportasi,Pengeluaran,52309.0,Transfer Bank
1127,2025-05-08,Gym membership,Pembayaran Langganan,Pengeluaran,128934.0,E-Wallet
1128,2024-11-20,Bensin,Transportasi,Pengeluaran,14015.0,Kartu Kredit
1129,2025-04-25,Cafe,Makanan & Minuman,Pengeluaran,55155.0,Kartu Debit
1130,2026-01-11,Bonus,Gaji,Pemasukan,6207607.0,E-Wallet
1131,2026-01-23,Bayar teman,Transfer Teman/Keluarga,Pemasukan,10000.0,Tunai
1132,2025-02-17,Pulsa,Pulsa & Internet,Pengeluaran,65584.0,E-Wallet
1133,2026-03-07,Bayar kos,Tempat Tinggal,Pengeluaran,989138.0,Kartu Debit
1134,2026-05-16,Air,Tempat Tinggal,Pengeluaran,624173.0,Kartu Debit
1135,2025-04-22,Paket data,Pulsa & Internet,Pengeluaran,94183.0,Kartu Debit
1136,2024-06-09,Paket data,Pulsa & Internet,Pengeluaran,153031.0,E-Wallet
5009,2026-02-04,Marketplace,Pembayaran Langganan,Pengeluaran,28839.0,E-Wallet
1138,2026-05-14,Gojek,Transportasi,Pengeluaran,10000.0,E-Wallet
1139,2025-02-01,Konser,Hiburan,Pengeluaran,56695.0,Kartu Debit
1140,2026-04-17,Gaji bulanan,Gaji,Pemasukan,6585633.0,Tunai
1141,2024-08-15,Transfer,Transfer Teman/Keluarga,Pemasukan,300410.0,Tunai
1142,2024-09-19,Kirim uang,Transfer Teman/Keluarga,Pengeluaran,543576.0,Kartu Debit
1143,2024-08-16,Konser,Hiburan,Pengeluaran,93525.0,Kartu Kredit
1144,2026-04-03,Trf,Transfer Teman/Keluarga,Pengeluaran,257996.0,Tunai
1145,2026-05-25,Tagihan internet,Pulsa & Internet,Pengeluaran,110666.0,Transfer Bank
1146,2025-06-19,Service AC,Tempat Tinggal,Pengeluaran,623247.0,Tunai
1147,2024-05-31,Patungan,Transfer Teman/Keluarga,Pengeluaran,10000.0,E-Wallet
1148,2024-09-08,Peralatan rumah,Belanja Bulanan,Pengeluaran,288346.0,E-Wallet
1149,2025-06-05,Ngopi,Makanan & Minuman,Pengeluaran,40695.0,Kartu Debit
1150,2025-07-24,Beli pakaian,Belanja Bulanan,Pengeluaran,140871.0,E-Wallet
1151,2024-06-12,Tokopedia,Belanja Bulanan,Pengeluaran,296210.0,Kartu Debit
1152,2025-06-05,Minimarket,Belanja Bulanan,Pengeluaran,115879.0,E-Wallet
1153,2024-06-02,GrabbFood,Makanan & Minuman,Pengeluaran,11674.0,Transfer Bank
1155,2024-11-27,Kirim uang,Transfer Teman/Keluarga,Pengeluaran,303032.0,Transfer Bank
1156,2026-03-31,Bayar teman,Transfer Teman/Keluarga,Pemasukan,211610.0,E-Wallet
1157,2024-09-26,Peralatan rumah,Belanja Bulanan,Pengeluaran,338482.0,Kartu Kredit
1158,2025-09-26,KRL,Transportasi,Pengeluaran,15625.0,E-Wallet
1159,2025-05-25,Pembayaran digital,Transportasi,Pengeluaran,16546.0,E-Wallet
1160,2025-10-15,Paket data,Pulsa & Internet,Pengeluaran,90058.0,Kartu Debit
1161,2025-03-17,THR,Gaji,Pemasukan,7023741.0,Kartu Kredit
1162,2024-08-13,Gym membership,Pembayaran Langganan,Pengeluaran,91604.0,Kartu Debit
1163,2024-11-05,GrabFood,Makanan & Minuman,Pengeluaran,45486.0,Kartu Debit
1164,2025-05-06,Marketplace,Pembayaran Langganan,Pengeluaran,114863.0,Transfer Bank
1165,2024-10-18,Gaji bulanan,Gaji,Pemasukan,7706106.0,Kartu Debit
1166,2025-02-06,Bayar teman,Transfer Teman/Keluarga,Pengeluaran,146177.0,E-Wallet
1167,2024-10-08,Kirim uang,Transfer Teman/Keluarga,Pemasukan,363060.0,Kartu Debit
1168,2026-05-01,Transfer,Transfer Teman/Keluarga,Pemasukan,178848.0,Tunai
1169,2025-08-22,Minimarket,Makanan & Minuman,Pengeluaran,537001.0,Tunai
1170,2025-07-04,Kirim uang,Transfer Teman/Keluarga,Pemasukan,413160.0,Kartu Debit
1171,2026-04-07,Transfer,Transfer Teman/Keluarga,Pengeluaran,142746.0,Kartu Kredit
1172,2026-02-03,Patungan,Transfer Teman/Keluarga,Pengeluaran,95713.0,Kartu Debit
1173,2025-11-01,Game online,Hiburan,Pengeluaran,281326.0,Transfer Bank
1174,2025-08-07,Konser,Hiburan,Pengeluaran,70742.0,Kartu Debit
1175,2026-05-16,Makan malam,Makanan & Minuman,Pengeluaran,27346.0,Kartu Debit
1176,2025-11-02,Iuran lingkungan,Tempat Tinggal,Pengeluaran,936088.0,E-Wallet
1177,2025-05-20,Transfer,Transfer Teman/Keluarga,Pemasukan,147312.0,Transfer Bank
1178,2025-07-06,Gaji bulanan,Gaji,Pemasukan,4042324.0,Kartu Debit
1179,2026-01-10,Bioskop,Hiburan,Pengeluaran,104656.0,Kartu Debit
1180,2025-10-02,Bioskop,Hiburan,Pengeluaran,68597.0,Kartu Kredit
1181,2026-05-09,Pembayaran digital,Belanja Bulanan,Pengeluaran,207722.0,Tunai
1182,2025-09-22,Bioskop,Hiburan,Pengeluaran,215392.0,Kartu Debit
1183,2025-10-06,Gaji bulanan,Gaji,Pemasukan,5112938.0,E-Wallet
1184,2026-04-08,Subscription,Pembayaran Langganan,Pengeluaran,140457.0,Transfer Bank
1185,2024-11-21,Paket data,Pulsa & Internet,Pengeluaran,75971.0,Kartu Debit
1186,2025-09-07,Gojek,Transportasi,Pengeluaran,26378.0,Kartu Debit
1187,2024-11-10,Cafe,Makanan & Minuman,Pengeluaran,45011.0,Kartu Debit
1188,2024-09-17,Kirim uang,Transfer Teman/Keluarga,Pemasukan,115503.0,Tunai
1189,2025-10-08,Paket data,Pulsa & Internet,Pengeluaran,10000.0,Kartu Debit
1190,2024-06-22,Tokopedia,Belanja Bulanan,Pengeluaran,134940.0,Kartu Kredit
1191,2025-04-07,Tagihan,Transportasi,Pengeluaran,116507.0,Kartu Debit
1192,2025-03-25,Cafe,Makanan & Minuman,Pengeluaran,65691.0,Kartu Debit
1193,2024-06-21,MRT,Transportasi,Pengeluaran,74408.0,Tunai
1194,2025-10-22,Paket data,Pulsa & Internet,Pengeluaran,81497.0,E-Wallet
1195,2026-05-01,Liburan,Hiburan,Pengeluaran,39261.0,Transfer Bank
1196,2024-10-14,THR,Gaji,Pemasukan,17176095.0,Kartu Debit
1197,2025-01-08,Restoran,Makanan & Minuman,Pengeluaran,20664.0,E-Wallet
1198,2026-05-08,Makan malam,Makanan & Minuman,Pengeluaran,39971.0,E-Wallet
1199,2026-05-05,Bayar teman,Transfer Teman/Keluarga,Pengeluaran,84449.0,E-Wallet
1200,2025-01-20,Tol,Transportasi,Pengeluaran,19125.0,Kartu Debit
1201,2024-10-04,Wifi rumah,Pulsa & Internet,Pengeluaran,75806.0,Kartu Kredit
1202,2026-01-31,Bonus,Gaji,Pemasukan,7392346.0,Kartu Debit
1203,2026-01-07,Mkn malam,Makanan & Minuman,Pengeluaran,23717.0,Kartu Debit
1204,2024-10-28,Game online,Hiburan,Pengeluaran,339985.0,Kartu Kredit
1205,2024-11-19,Patungan,Transfer Teman/Keluarga,Pemasukan,389206.0,Kartu Kredit
1206,2025-03-09,Bayar teman,Transfer Teman/Keluarga,Pengeluaran,386024.0,Tunai
1207,2026-01-21,Gojek,Transportasi,Pengeluaran,25846.0,Transfer Bank
1208,2025-06-14,Cloud storage,Pembayaran Langganan,Pengeluaran,76545.0,Tunai
1209,2025-06-20,Kirim uang,Transfer Teman/Keluarga,Pemasukan,385059.0,Kartu Debit
1210,2026-03-29,Tol,Transportasi,Pengeluaran,34795.0,E-Wallet
1211,2025-12-17,Game online,Hiburan,Pengeluaran,29604.0,Kartu Debit
1212,2026-04-03,Membership,Pembayaran Langganan,Pengeluaran,1546405.0,Kartu Debit
1213,2025-05-19,Parkir,Transportasi,Pengeluaran,38995.0,Kartu Debit
1214,2025-10-03,Makan malam,Makanan & Minuman,Pengeluaran,23674.0,Tunai
1215,2024-12-23,Ngopi,Makanan & Minuman,Pengeluaran,33062.0,Kartu Kredit
1216,2025-09-26,Gaji bulanan,Gaji,Pemasukan,7499695.0,Kartu Debit
1217,2025-12-05,Kirim uang,Transfer Teman/Keluarga,Pengeluaran,89372.0,Kartu Kredit
1218,2024-10-10,Iuran lingkungan,Tempat Tinggal,Pengeluaran,1235443.0,Kartu Debit
1219,2024-06-10,Gojek,Transportasi,Pengeluaran,60308.0,Kartu Kredit
1220,2026-05-15,Makan siang,Makanan & Minuman,Pengeluaran,68758.0,Tunai
1221,2025-01-29,Minimarket,Belanja Bulanan,Pengeluaran,222835.0,Kartu Debit
1222,2026-05-16,Grab,Transportasi,Pengeluaran,20642.0,Kartu Debit
1223,2025-06-01,Patungan,Transfer Teman/Keluarga,Pengeluaran,132360.0,E-Wallet
1224,2026-01-17,Subscription,Pembayaran Langganan,Pengeluaran,117728.0,E-Wallet
1225,2025-03-09,Bonus,Gaji,Pemasukan,8063033.0,E-Wallet
1226,2024-05-27,Marketplace,Tempat Tinggal,Pengeluaran,671944.0,Kartu Kredit
1227,2025-08-09,Jajan,Makanan & Minuman,Pengeluaran,31907.0,E-Wallet
1228,2026-01-21,MRT,Transportasi,Pengeluaran,45668.0,Tunai
1229,2026-04-29,Patungan,Transfer Teman/Keluarga,Pengeluaran,135971.0,Kartu Debit
1230,2026-01-11,Transfer,Transfer Teman/Keluarga,Pengeluaran,293070.0,E-Wallet
1231,2025-12-02,MRT,Transportasi,Pengeluaran,16129.0,Kartu Kredit
1232,2024-12-15,Bayar teman,Transfer Teman/Keluarga,Pemasukan,136321.0,Transfer Bank
1233,2025-06-09,Wifi rumah,Pulsa & Internet,Pengeluaran,88488.0,Kartu Kredit
1234,2025-04-03,Tagihan internet,Pulsa & Internet,Pengeluaran,101201.0,E-Wallet
1235,2024-08-09,Pulsa,Pulsa & Internet,Pengeluaran,86795.0,Kartu Debit
1236,2025-10-03,Netflix,Hiburan,Pengeluaran,85121.0,Kartu Debit
1237,2026-03-22,Transfer,Belanja Bulanan,Pemasukan,462779.0,Transfer Bank
1238,2025-09-29,Bayar teman,Transfer Teman/Keluarga,Pemasukan,10000.0,Kartu Kredit
1239,2024-08-29,Kirim uang,Transfer Teman/Keluarga,Pengeluaran,68946.0,Kartu Debit
1240,2024-09-16,Supermarket,Belanja Bulanan,Pengeluaran,95067.0,E-Wallet
1241,2025-05-17,Bayar teman,Transfer Teman/Keluarga,Pengeluaran,300782.0,Tunai
1242,2026-02-01,Cloud storage,Pembayaran Langganan,Pengeluaran,41450.0,E-Wallet
1243,2025-08-09,Konser,Hiburan,Pengeluaran,143258.0,Kartu Kredit
1244,2026-05-17,Wifi rumah,Pulsa & Internet,Pengeluaran,114466.0,E-Wallet
1245,2025-09-02,Wifi rumah,Pulsa & Internet,Pengeluaran,237931.0,E-Wallet
1246,2025-09-16,Konser,Hiburan,Pengeluaran,48516.0,Tunai
1247,2024-10-08,Gaji bulanan,Gaji,Pemasukan,9981350.0,Kartu Kredit
1248,2025-05-15,Game online,Hiburan,Pengeluaran,60672.0,Tunai
1249,2025-03-16,Mkn siang,Makanan & Minuman,Pengeluaran,53922.0,Kartu Kredit
1250,2026-03-11,Gojek,Transportasi,Pengeluaran,11261.0,E-Wallet
1251,2025-06-21,Gym membership,Pembayaran Langganan,Pengeluaran,238251.0,Kartu Debit
1252,2025-02-13,Grab,Transportasi,Pengeluaran,24624.0,Transfer Bank
1253,2024-06-16,Konser,Hiburan,Pengeluaran,392535.0,Kartu Debit
1254,2025-12-24,Iuran lingkungan,Tempat Tinggal,Pengeluaran,993517.0,Kartu Kredit
1256,2025-01-10,Patungan,Transfer Teman/Keluarga,Pemasukan,519454.0,Tunai
1257,2024-08-15,Bayar kos,Tempat Tinggal,Pengeluaran,593407.0,E-Wallet
1258,2026-03-21,Spotify,Hiburan,Pengeluaran,233514.0,Lainnya
1259,2024-09-05,Makan siang,Makanan & Minuman,Pengeluaran,63578.0,Kartu Debit
1260,2026-05-07,Tagihan internet,Pulsa & Internet,Pengeluaran,94520.0,Kartu Kredit
1261,2025-05-30,Trf,Transfer Teman/Keluarga,Pemasukan,315479.0,Kartu Debit
1262,2024-08-14,Minimarket,Makanan & Minuman,Pengeluaran,46687.0,Kartu Debit
1263,2026-01-01,Tagihan internet,Pulsa & Internet,Pengeluaran,53866.0,Tunai
1264,2025-07-10,Patungan,Transfer Teman/Keluarga,Pemasukan,12794.0,Kartu Debit
1265,2025-04-13,Patungan,Transfer Teman/Keluarga,Pengeluaran,143646.0,E-Wallet
1266,2025-04-16,Cloud storage,Pembayaran Langganan,Pengeluaran,237195.0,E-Wallet
1267,2024-07-29,Patungan,Transfer Teman/Keluarga,Pemasukan,310072.0,Kartu Debit
1268,2024-08-15,Transfer,Transfer Teman/Keluarga,Pengeluaran,269659.0,E-Wallet
1269,2026-01-19,Pembayaran digital,Transfer Teman/Keluarga,Pengeluaran,10000.0,Tunai
1270,2024-08-13,Bensin,Transportasi,Pengeluaran,10000.0,E-Wallet
1271,2025-02-20,Peralatan rumah,Belanja Bulanan,Pengeluaran,169464.0,Kartu Kredit
1273,2025-10-28,Air,Tempat Tinggal,Pengeluaran,896216.0,Tunai
1274,2025-08-11,Transfer,Belanja Bulanan,Pengeluaran,203443.0,Transfer Bank
1275,2024-12-02,Pulsa,Pulsa & Internet,Pengeluaran,105013.0,Kartu Debit
1276,2024-10-13,Shopee,Belanja Bulanan,Pengeluaran,130594.0,Kartu Kredit
1277,2024-07-13,Parkir,Transportasi,Pengeluaran,57716.0,Kartu Kredit
1278,2024-09-08,Patungan,Transfer Teman/Keluarga,Pengeluaran,297572.0,E-Wallet
5010,2024-09-17,Bioskop,Hiburan,Pengeluaran,113191.0,Tunai
1280,2025-11-13,THR,Gaji,Pemasukan,6420923.0,Transfer Bank
1281,2026-03-13,Wifi rumah,Pulsa & Internet,Pengeluaran,173355.0,Kartu Kredit
1282,2024-09-12,THR,Gaji,Pemasukan,4474203.0,E-Wallet
1283,2025-06-09,Pembayaran digital,Transfer Teman/Keluarga,Pengeluaran,148759.0,Kartu Debit
1284,2024-07-07,Gym membership,Pembayaran Langganan,Pengeluaran,95815.0,Kartu Debit
1285,2025-01-20,Trf,Hiburan,Pengeluaran,177817.0,Kartu Debit
1286,2025-12-20,Bayar teman,Transfer Teman/Keluarga,Pengeluaran,281170.0,Kartu Debit
1287,2026-04-04,Makan siang,Makanan & Minuman,Pengeluaran,58516.0,Kartu Kredit
1288,2024-11-27,Subscription,Pembayaran Langganan,Pengeluaran,98571.0,E-Wallet
1289,2025-08-21,Supermarket,Belanja Bulanan,Pengeluaran,203231.0,E-Wallet
1290,2024-09-02,Parkir,Transportasi,Pengeluaran,52966.0,Transfer Bank
1291,2025-03-12,Bayar kos,Tempat Tinggal,Pengeluaran,513988.0,E-Wallet
1292,2025-07-12,Game online,Hiburan,Pengeluaran,201785.0,Kartu Debit
1293,2025-06-03,Liburan,Hiburan,Pengeluaran,263097.0,Kartu Kredit
1294,2025-09-04,Gym membership,Pembayaran Langganan,Pengeluaran,71533.0,E-Wallet
1295,2024-06-03,Supermarket,Belanja Bulanan,Pengeluaran,88595.0,Kartu Debit
1296,2025-06-20,Jajan,Makanan & Minuman,Pengeluaran,34815.0,Kartu Debit
1297,2025-09-15,Patungan,Transfer Teman/Keluarga,Pengeluaran,292929.0,Kartu Kredit
1298,2024-11-02,Bayar teman,Transfer Teman/Keluarga,Pengeluaran,10000.0,E-Wallet
1299,2025-05-19,MRT,Transportasi,Pengeluaran,13390.0,Kartu Kredit
1300,2024-11-09,Tagihan internet,Pulsa & Internet,Pengeluaran,100378.0,Transfer Bank
1301,2025-01-19,Liburan,Hiburan,Pengeluaran,111602.0,E-Wallet
1302,2025-01-12,Restoran,Makanan & Minuman,Pengeluaran,23265.0,Transfer Bank
1303,2025-09-21,Wifi rumah,Pulsa & Internet,Pengeluaran,96652.0,Kartu Debit
1304,2024-07-13,Gojek,Transportasi,Pengeluaran,17294.0,Kartu Kredit
1305,2025-07-03,Makan malam,Makanan & Minuman,Pengeluaran,56383.0,Tunai
1306,2026-02-25,Liburan,Hiburan,Pengeluaran,121436.0,Kartu Kredit
1307,2026-02-23,Bayar teman,Transfer Teman/Keluarga,Pengeluaran,82972.0,Kartu Kredit
1308,2025-02-26,Tokopedia,Belanja Bulanan,Pengeluaran,394385.0,Tunai
1309,2024-09-09,Makan malam,Makanan & Minuman,Pengeluaran,39424.0,E-Wallet
1310,2025-06-16,Pembayaran digital,Pulsa & Internet,Pengeluaran,120296.0,Kartu Debit
1311,2024-11-28,Game online,Hiburan,Pengeluaran,184357.0,Kartu Kredit
1312,2025-09-05,Subscription,Pembayaran Langganan,Pengeluaran,454017.0,Transfer Bank
1313,2026-04-23,MRT,Transportasi,Pengeluaran,11336.0,Transfer Bank
1314,2024-06-21,Membership,Pembayaran Langganan,Pengeluaran,38072.0,Transfer Bank
1315,2025-05-12,Iuran lingkungan,Tempat Tinggal,Pengeluaran,734219.0,Kartu Debit
1316,2025-04-03,Kirim uang,Transfer Teman/Keluarga,Pemasukan,44130.0,Kartu Debit
1317,2025-08-17,Parkir,Transportasi,Pengeluaran,56876.0,Kartu Kredit
1318,2025-07-06,Spotify,Hiburan,Pengeluaran,53436.0,E-Wallet
1319,2025-04-01,THR,Gaji,Pemasukan,6627774.0,Tunai
1320,2024-08-10,Restoran,Makanan & Minuman,Pengeluaran,49539.0,Kartu Kredit
1321,2024-12-17,Bioskop,Hiburan,Pengeluaran,110203.0,Tunai
1322,2026-02-25,KRL,Transportasi,Pengeluaran,35239.0,Tunai
1323,2024-10-02,Marketplace,Pembayaran Langganan,Pengeluaran,85093.0,E-Wallet
1324,2026-05-21,Bayar teman,Transfer Teman/Keluarga,Pengeluaran,73918.0,Kartu Debit
1325,2026-03-19,Marketplace,Pembayaran Langganan,Pengeluaran,165393.0,Kartu Debit
1326,2025-11-07,Minimarket,Makanan & Minuman,Pengeluaran,87154.0,Kartu Kredit
1327,2024-08-31,Membership,Pembayaran Langganan,Pengeluaran,160736.0,Tunai
1328,2025-09-06,Pembayaran digital,Pembayaran Langganan,Pengeluaran,36759.0,E-Wallet
1329,2025-01-22,Pulsa,Pulsa & Internet,Pengeluaran,135176.0,Kartu Kredit
1330,2025-08-25,Tagihan,Pembayaran Langganan,Pengeluaran,32999.0,E-Wallet
1331,2026-03-18,Tol,Transportasi,Pengeluaran,10000.0,Kartu Debit
1332,2024-06-27,Tagihan,Transfer Teman/Keluarga,Pengeluaran,244626.0,Kartu Kredit
1333,2024-06-05,Cloud storage,Pembayaran Langganan,Pengeluaran,178021.0,Kartu Debit
1334,2024-12-16,Membership,Pembayaran Langganan,Pengeluaran,106326.0,Tunai
1335,2025-04-09,Netflix,Hiburan,Pengeluaran,52899.0,E-Wallet
1336,2025-03-07,Kirim uang,Transfer Teman/Keluarga,Pengeluaran,240723.0,Kartu Debit
1337,2025-03-11,Tagihan,Tempat Tinggal,Pengeluaran,943586.0,Tunai
1338,2025-09-05,Patungan,Transfer Teman/Keluarga,Pemasukan,257470.0,Kartu Kredit
1339,2026-01-08,Bonus,Gaji,Pemasukan,7502471.0,Kartu Debit
1340,2024-12-29,Iuran lingkungan,Tempat Tinggal,Pengeluaran,947917.0,Transfer Bank
1341,2025-02-16,Game online,Hiburan,Pengeluaran,66135.0,Kartu Debit
1342,2024-10-10,Service AC,Tempat Tinggal,Pengeluaran,652496.0,Kartu Debit
1343,2025-10-21,Game online,Hiburan,Pengeluaran,23234.0,E-Wallet
1344,2024-08-12,Transfer,Transfer Teman/Keluarga,Pengeluaran,529411.0,Tunai
1345,2024-08-12,Paket data,Pulsa & Internet,Pengeluaran,40434.0,Kartu Debit
1346,2024-07-25,Bioskop,Hiburan,Pengeluaran,105438.0,E-Wallet
1347,2024-09-01,Mkn malam,Makanan & Minuman,Pengeluaran,76738.0,E-Wallet
1348,2025-10-13,Bonus,Gaji,Pemasukan,7446052.0,Tunai
1349,2025-12-08,Restoran,Makanan & Minuman,Pengeluaran,47852.0,Kartu Kredit
1351,2024-11-22,Gaji bulanan,Gaji,Pemasukan,5721296.0,Transfer Bank
1352,2026-05-02,MRT,Transportasi,Pengeluaran,50014.0,Transfer Bank
1353,2024-11-09,MRT,Transportasi,Pengeluaran,16900.0,Kartu Kredit
1354,2026-04-22,Transfer Teman/Keluarga,Transfer Teman/Keluarga,Pengeluaran,248764.0,Kartu Debit
1355,2025-06-18,Listrik,Tempat Tinggal,Pengeluaran,655036.0,Kartu Debit
1356,2025-06-17,Jajan,Makanan & Minuman,Pengeluaran,140604.0,Transfer Bank
1357,2025-12-15,Shopee,Belanja Bulanan,Pengeluaran,148814.0,E-Wallet
1358,2024-10-29,Paket data,Pulsa & Internet,Pengeluaran,115832.0,E-Wallet
1359,2025-04-23,Bonus,Gaji,Pemasukan,5711356.0,E-Wallet
1360,2026-03-19,Bayar kos,Tempat Tinggal,Pengeluaran,778961.0,Kartu Kredit
1361,2025-04-05,Bensin,Transportasi,Pengeluaran,10000.0,E-Wallet
1362,2026-01-31,Cloud storage,Pembayaran Langganan,Pengeluaran,122816.0,Kartu Debit
1363,2025-05-28,Marketplace,Belanja Bulanan,Pengeluaran,107296.0,E-Wallet
1364,2024-10-15,Bayar teman,Transfer Teman/Keluarga,Pemasukan,154258.0,Kartu Debit
1365,2025-07-22,Beli pakaian,Belanja Bulanan,Pengeluaran,76565.0,Tunai
1366,2025-02-10,Bayar teman,Transfer Teman/Keluarga,Pengeluaran,76453.0,Tunai
1367,2024-11-30,Pulsa & Internet,Pulsa & Internet,Pengeluaran,139609.0,Transfer Bank
1368,2025-03-26,Supermarket,Belanja Bulanan,Pengeluaran,127644.0,Transfer Bank
1369,2025-07-12,Marketplace,Transfer Teman/Keluarga,Pemasukan,165252.0,E-Wallet
1370,2026-03-24,Transfer,Transfer Teman/Keluarga,Pemasukan,313481.0,E-Wallet
1371,2025-06-02,Transfer,Tempat Tinggal,Pengeluaran,2583398.0,Kartu Kredit
1372,2025-09-21,Cafe,Makanan & Minuman,Pengeluaran,50176.0,Kartu Debit
1373,2025-08-04,Tagihan internet,Pulsa & Internet,Pengeluaran,94844.0,E-Wallet
1375,2025-08-01,Bonus,Gaji,Pemasukan,7153494.0,Tunai
1376,2025-08-25,Tagihan,Pembayaran Langganan,Pengeluaran,94423.0,E-Wallet
1377,2026-02-20,Transfer,Belanja Bulanan,Pengeluaran,428711.0,Kartu Debit
1378,2025-11-20,Subscription,Hiburan,Pengeluaran,97955.0,E-Wallet
1379,2025-06-30,Patungan,Transfer Teman/Keluarga,Pengeluaran,239072.0,Kartu Debit
1380,2025-12-30,Beli pakaian,Belanja Bulanan,Pengeluaran,501962.0,Kartu Kredit
1382,2025-10-19,Grabb,Transportasi,Pengeluaran,78838.0,E-Wallet
1383,2025-04-20,Netfliix,Hiburan,Pengeluaran,231592.0,Kartu Debit
1384,2025-01-07,Bayar teman,Transfer Teman/Keluarga,Pemasukan,524564.0,E-Wallet
1385,2026-02-20,Cloud storage,Pembayaran Langganan,Pengeluaran,175987.0,Tunai
1386,2024-07-16,THR,Gaji,Pemasukan,6321823.0,E-Wallet
1387,2024-11-18,Minimarket,Makanan & Minuman,Pengeluaran,31673.0,Transfer Bank
1388,2026-03-26,Service AC,Tempat Tinggal,Pengeluaran,640769.0,E-Wallet
1389,2025-08-08,Supermarket,Belanja Bulanan,Pengeluaran,201195.0,Kartu Debit
1390,2025-07-20,Peralatan rumah,Belanja Bulanan,Pengeluaran,163628.0,Kartu Debit
1391,2025-09-09,Membership,Pembayaran Langganan,Pengeluaran,180758.0,Kartu Kredit
1392,2024-07-25,Bayar teman,Transfer Teman/Keluarga,Pengeluaran,226276.0,Tunai
1393,2025-04-12,Trf,Transfer Teman/Keluarga,Pemasukan,222782.0,E-Wallet
1394,2026-04-07,Restoran,Makanan & Minuman,Pengeluaran,47873.0,Kartu Debit
1395,2025-04-17,KRL,Transportasi,Pengeluaran,42860.0,E-Wallet
1396,2026-04-01,Marketplace,Pulsa & Internet,Pengeluaran,167943.0,Kartu Kredit
1397,2026-04-18,GrabFood,Makanan & Minuman,Pengeluaran,97261.0,Kartu Debit
1398,2025-05-24,Service AC,Tempat Tinggal,Pengeluaran,843753.0,Transfer Bank
1399,2024-12-19,Tokopedia,Belanja Bulanan,Pengeluaran,145194.0,Tunai
1400,2024-08-29,Marketplace,Pembayaran Langganan,Pengeluaran,157188.0,Kartu Debit
1401,2024-06-29,Pembayaran digital,Hiburan,Pengeluaran,138022.0,Kartu Debit
1402,2024-07-31,Pembayaran digital,Pembayaran Langganan,Pengeluaran,160774.0,Tunai
1403,2025-04-16,Patungan,Transfer Teman/Keluarga,Pengeluaran,232008.0,Tunai
1404,2025-02-04,Cloud storage,Pembayaran Langganan,Pengeluaran,164424.0,Kartu Debit
1405,2024-09-19,GoFood,Makanan & Minuman,Pengeluaran,99915.0,Tunai
1406,2024-08-01,Lazada,Belanja Bulanan,Pengeluaran,243709.0,Transfer Bank
1407,2026-04-27,Paket data,Pulsa & Internet,Pengeluaran,211162.0,E-Wallet
1408,2026-03-28,Tagihan,Pembayaran Langganan,Pengeluaran,92772.0,Kartu Debit
1409,2024-12-28,Tagihan,Belanja Bulanan,Pengeluaran,287566.0,Transfer Bank
1410,2024-11-24,Subscription,Pembayaran Langganan,Pengeluaran,121680.0,E-Wallet
1411,2025-01-09,Netflix,Hiburan,Pengeluaran,57800.0,Transfer Bank
1412,2024-10-24,MRT,Transportasi,Pengeluaran,31189.0,Kartu Kredit
1413,2024-06-22,Kirim uang,Transfer Teman/Keluarga,Pemasukan,103695.0,Tunai
1414,2026-04-03,Air,Tempat Tinggal,Pengeluaran,1175876.0,Kartu Debit
1415,2026-02-16,Air,Tempat Tinggal,Pengeluaran,1100456.0,Tunai
1416,2024-06-29,Beli pakaian,Belanja Bulanan,Pengeluaran,64669.0,Kartu Debit
1417,2024-12-04,Minimarket,Belanja Bulanan,Pengeluaran,67135.0,Kartu Debit
1418,2026-01-19,Cloud storage,Pembayaran Langganan,Pengeluaran,78735.0,Transfer Bank
1419,2024-12-19,Transfer,Transfer Teman/Keluarga,Pemasukan,10000.0,Tunai
1420,2025-07-11,Patungan,Transfer Teman/Keluarga,Pemasukan,237089.0,Tunai
1421,2024-06-30,Makan malam,Makanan & Minuman,Pengeluaran,29148.0,Kartu Debit
1422,2025-07-23,Pulsa,Pulsa & Internet,Pengeluaran,53110.0,Tunai
1423,2024-07-30,Pulsa,Pulsa & Internet,Pengeluaran,107242.0,Tunai
1424,2025-10-23,Gaji bulanan,Gaji,Pemasukan,7488600.0,Kartu Debit
1425,2024-11-04,Gaji bulanan,Gaji,Pemasukan,6705759.0,Tunai
1426,2025-07-10,Liburan,Hiburan,Pengeluaran,83410.0,E-Wallet
1427,2025-01-06,Gaji bulanan,Gaji,Pemasukan,9129692.0,Kartu Debit
1428,2024-12-29,Tagihan internet,Pulsa & Internet,Pengeluaran,108483.0,Kartu Debit
1429,2025-05-04,Game online,Hiburan,Pengeluaran,42104.0,E-Wallet
1430,2025-09-15,GrabFood,Makanan & Minuman,Pengeluaran,53189.0,Kartu Debit
1431,2025-03-02,Patungan,Transfer Teman/Keluarga,Pengeluaran,348246.0,E-Wallet
1432,2026-05-04,Pulsa,Pulsa & Internet,Pengeluaran,190057.0,Kartu Kredit
1433,2026-01-04,Minimarket,Makanan & Minuman,Pengeluaran,24710.0,Tunai
1434,2025-01-09,Jajan,Makanan & Minuman,Pengeluaran,10602.0,Transfer Bank
1435,2025-04-27,Bonus,Gaji,Pemasukan,6069663.0,Kartu Debit
1436,2026-02-15,GrabFood,Makanan & Minuman,Pengeluaran,47525.0,Transfer Bank
1437,2025-10-08,Bayar kos,Tempat Tinggal,Pengeluaran,750025.0,Transfer Bank
1438,2024-11-21,MRT,Transportasi,Pengeluaran,28947.0,Kartu Debit
1439,2026-03-01,Bensin,Transportasi,Pengeluaran,18333.0,Transfer Bank
1440,2024-09-16,Tagihan,Gaji,Pemasukan,6235217.0,E-Wallet
1441,2025-03-15,Cloud storage,Pembayaran Langganan,Pengeluaran,145587.0,Kartu Debit
1442,2025-07-24,Cloud storage,Pembayaran Langganan,Pengeluaran,88302.0,Kartu Debit
1443,2026-03-27,Cafe,Makanan & Minuman,Pengeluaran,74753.0,Kartu Debit
1444,2026-03-28,Parkir,Transportasi,Pengeluaran,33667.0,Kartu Debit
1445,2025-02-22,Pulsa,Pulsa & Internet,Pengeluaran,189972.0,E-Wallet
1446,2025-06-27,Paket data,Pulsa & Internet,Pengeluaran,166956.0,E-Wallet
1447,2025-12-27,Kirim uang,Transfer Teman/Keluarga,Pengeluaran,374610.0,Kartu Debit
1448,2024-11-08,Subscription,Hiburan,Pengeluaran,395831.0,Transfer Bank
1449,2025-12-13,Minimarket,Belanja Bulanan,Pengeluaran,93435.0,Tunai
1450,2025-01-09,Restoran,Makanan & Minuman,Pengeluaran,73459.0,Kartu Debit
1451,2025-08-17,Minimarket,Makanan & Minuman,Pengeluaran,39276.0,Transfer Bank
1452,2024-12-15,Pulsa,Pulsa & Internet,Pengeluaran,89438.0,Kartu Kredit
1453,2024-06-17,Bayar teman,Transfer Teman/Keluarga,Pengeluaran,349786.0,Kartu Debit
1454,2026-01-07,Patungan,Transfer Teman/Keluarga,Pemasukan,327630.0,Kartu Debit
1455,2025-02-20,Cafe,Makanan & Minuman,Pengeluaran,70067.0,Kartu Kredit
1456,2025-01-28,Wifi rumah,Pulsa & Internet,Pengeluaran,155453.0,Kartu Debit
1457,2024-09-27,Service AC,Tempat Tinggal,Pengeluaran,788439.0,Kartu Debit
1458,2025-04-05,Transfer,Tempat Tinggal,Pengeluaran,772153.0,Kartu Debit
1459,2024-12-19,Transfer,Transfer Teman/Keluarga,Pemasukan,342716.0,Transfer Bank
1460,2025-04-07,Tagihan internet,Pulsa & Internet,Pengeluaran,160378.0,Kartu Debit
1461,2025-03-05,Marketplace,Belanja Bulanan,Pengeluaran,141355.0,Transfer Bank
1462,2026-03-08,Cloud storage,Pembayaran Langganan,Pengeluaran,70037.0,Kartu Debit
1463,2025-01-16,Bayar teman,Transfer Teman/Keluarga,Pemasukan,163617.0,Kartu Debit
1464,2025-03-22,Transfer,Transfer Teman/Keluarga,Pemasukan,6896.0,Kartu Kredit
1465,2024-09-27,Subscription,Hiburan,Pengeluaran,87532.0,Kartu Debit
1466,2025-02-27,Jajan,Makanan & Minuman,Pengeluaran,53300.0,Kartu Debit
1467,2026-04-06,Spotfy,Hiburan,Pengeluaran,110387.0,E-Wallet
1468,2026-04-17,Pulsa,Pulsa & Internet,Pengeluaran,122856.0,E-Wallet
1469,2024-07-07,Supermarket,Belanja Bulanan,Pengeluaran,152937.0,E-Wallet
1470,2026-04-03,Service AC,Tempat Tinggal,Pengeluaran,707743.0,E-Wallet
1471,2024-09-12,Patungan,Transfer Teman/Keluarga,Pengeluaran,79679.0,E-Wallet
1472,2024-08-19,Jajan,Makanan & Minuman,Pengeluaran,59758.0,Kartu Debit
1473,2025-07-10,Gym membership,Pembayaran Langganan,Pengeluaran,113009.0,Kartu Debit
1474,2024-07-24,Bayar teman,Transfer Teman/Keluarga,Pemasukan,896770.0,E-Wallet
1475,2026-03-27,Kirim uang,Transfer Teman/Keluarga,Pemasukan,117376.0,Transfer Bank
1476,2025-04-16,Membership,Pembayaran Langganan,Pengeluaran,10000.0,E-Wallet
1477,2026-04-04,Air,Tempat Tinggal,Pengeluaran,591022.0,Kartu Debit
1478,2025-09-04,Parkir,Transportasi,Pengeluaran,22267.0,Transfer Bank
1479,2025-03-06,MRT,Transportasi,Pengeluaran,41797.0,Kartu Debit
1480,2024-09-08,Tagihan internet,Pulsa & Internet,Pengeluaran,118499.0,E-Wallet
1481,2025-07-20,Spotify,Hiburan,Pengeluaran,26841.0,E-Wallet
1482,2025-03-04,Netflix,Hiburan,Pengeluaran,180768.0,Transfer Bank
1483,2024-09-25,Membership,Pembayaran Langganan,Pengeluaran,208290.0,Kartu Kredit
1484,2025-11-09,Peralatan rumah,Belanja Bulanan,Pengeluaran,123648.0,Kartu Kredit
1485,2026-04-22,Kirim uang,Transfer Teman/Keluarga,Pemasukan,378013.0,Tunai
1486,2025-12-26,Bayar teman,Transfer Teman/Keluarga,Pengeluaran,194591.0,E-Wallet
1487,2026-03-15,Gym membership,Pembayaran Langganan,Pengeluaran,30355.0,E-Wallet
1488,2024-07-03,Lazada,Belanja Bulanan,Pengeluaran,143517.0,E-Wallet
1489,2025-05-16,Air,Tempat Tinggal,Pengeluaran,1007537.0,Transfer Bank
1490,2026-01-27,Bioskop,Hiburan,Pengeluaran,16960.0,Kartu Debit
1491,2025-05-21,Patungan,Transfer Teman/Keluarga,Pemasukan,299986.0,Kartu Kredit
1492,2026-01-25,Gym membership,Pembayaran Langganan,Pengeluaran,130190.0,Tunai
1493,2025-06-16,Netflix,Hiburan,Pengeluaran,76347.0,Kartu Kredit
1494,2024-12-01,Trf,Transfer Teman/Keluarga,Pengeluaran,307883.0,E-Wallet
1495,2026-04-21,Spotify,Hiburan,Pengeluaran,152701.0,Transfer Bank
1496,2025-01-09,Ngopi,Makanan & Minuman,Pengeluaran,20076.0,Transfer Bank
1497,2026-03-13,Tol,Transportasi,Pengeluaran,14550.0,E-Wallet
1498,2025-09-10,Paket data,Pulsa & Internet,Pengeluaran,115182.0,Kartu Kredit
1499,2025-03-25,Kirim uang,Transfer Teman/Keluarga,Pengeluaran,286432.0,Kartu Debit
1500,2024-12-11,Bayar teman,Transfer Teman/Keluarga,Pengeluaran,10000.0,Kartu Debit
1501,2026-01-15,Gym membership,Pembayaran Langganan,Pengeluaran,235406.0,Kartu Debit
1502,2024-08-19,Patungan,Transfer Teman/Keluarga,Pengeluaran,133807.0,Kartu Kredit
1503,2026-02-27,Bayar teman,Transfer Teman/Keluarga,Pengeluaran,10000.0,E-Wallet
1504,2025-04-17,Minimarket,Belanja Bulanan,Pengeluaran,165087.0,Kartu Kredit
5011,2025-10-15,Patungan,Transfer Teman/Keluarga,Pengeluaran,496506.0,Kartu Kredit
1506,2025-01-11,Cloud storage,Pembayaran Langganan,Pengeluaran,141638.0,Transfer Bank
1507,2024-12-02,Game online,Hiburan,Pengeluaran,37918.0,Kartu Kredit
1508,2025-07-21,Wifi rumah,Pulsa & Internet,Pengeluaran,107463.0,Tunai
1509,2025-01-13,Grab,Transportasi,Pengeluaran,16686.0,Kartu Kredit
1510,2024-12-26,Spotify,Pembayaran Langganan,Pengeluaran,183696.0,Tunai
1511,2026-04-23,Patungan,Transfer Teman/Keluarga,Pengeluaran,426631.0,Kartu Debit
1512,2024-10-10,Makan siang,Makanan & Minuman,Pengeluaran,53538.0,Tunai
1513,2024-12-20,Patungan,Transfer Teman/Keluarga,Pengeluaran,502686.0,Kartu Debit
1514,2026-02-27,Kirim uang,Transfer Teman/Keluarga,Pengeluaran,526584.0,Tunai
1515,2024-07-29,Mkn malam,Makanan & Minuman,Pengeluaran,54348.0,Transfer Bank
1516,2025-01-28,Gaji bulanan,Gaji,Pemasukan,6238701.0,Transfer Bank
1517,2025-12-15,Bayar teman,Transfer Teman/Keluarga,Pengeluaran,90366.0,E-Wallet
1518,2024-06-29,Wifi rumah,Pulsa & Internet,Pengeluaran,139808.0,Kartu Kredit
1519,2026-04-19,Gojek,Transportasi,Pengeluaran,10597.0,Tunai
1520,2024-05-28,Minimarket,Makanan & Minuman,Pengeluaran,26902.0,Transfer Bank
1521,2025-10-27,Tagihan,Pulsa & Internet,Pengeluaran,46699.0,Lainnya
1522,2024-06-17,Gaji bulanan,Gaji,Pemasukan,6739718.0,Kartu Kredit
1523,2025-12-22,Beli pakaian,Belanja Bulanan,Pengeluaran,127777.0,E-Wallet
1524,2024-08-04,Paket data,Pulsa & Internet,Pengeluaran,115732.0,E-Wallet
1525,2025-05-19,Gaji bulanan,Gaji,Pemasukan,6559575.0,Kartu Kredit
1526,2026-01-30,Minimarket,Makanan & Minuman,Pengeluaran,54127.0,Kartu Debit
1527,2024-10-16,Pembayaran digital,Transfer Teman/Keluarga,Pemasukan,767083.0,E-Wallet
1528,2024-09-30,Transfer,Transfer Teman/Keluarga,Pengeluaran,205542.0,Kartu Debit
1529,2025-09-21,Lazada,Belanja Bulanan,Pengeluaran,178914.0,E-Wallet
1530,2026-01-30,Gym membership,Pembayaran Langganan,Pengeluaran,137834.0,Kartu Debit
1531,2025-06-08,Transfer,Tempat Tinggal,Pengeluaran,465603.0,E-Wallet
1532,2025-04-14,Gym membership,Pembayaran Langganan,Pengeluaran,58013.0,Kartu Debit
1533,2025-03-23,Parkir,Transportasi,Pengeluaran,18208.0,E-Wallet
1534,2025-03-03,Bensin,Transportasi,Pengeluaran,19536.0,Tunai
1535,2025-12-04,Gym membership,Pembayaran Langganan,Pengeluaran,412970.0,Transfer Bank
1536,2026-04-25,Bayar teman,Transfer Teman/Keluarga,Pengeluaran,216352.0,Kartu Kredit
1537,2025-08-25,THR,Gaji,Pemasukan,7411644.0,Tunai
1538,2024-09-05,Gaji bulanan,Gaji,Pemasukan,25421468.0,E-Wallet
1539,2024-06-01,THR,Gaji,Pemasukan,5621103.0,Transfer Bank
1540,2024-11-05,Wifi rumah,Pulsa & Internet,Pengeluaran,156820.0,Kartu Debit
1541,2025-07-19,MRT,Transportasi,Pengeluaran,50178.0,Tunai
1542,2025-07-11,Pembayaran digital,Pulsa & Internet,Pengeluaran,93594.0,Kartu Debit
1543,2024-08-05,Spotify,Hiburan,Pengeluaran,1763147.0,Kartu Debit
1544,2025-02-24,Bonus,Gaji,Pemasukan,6105484.0,Kartu Debit
1545,2024-09-13,Marketplace,Transfer Teman/Keluarga,Pemasukan,148563.0,E-Wallet
1546,2024-08-30,Patungan,Transfer Teman/Keluarga,Pengeluaran,147231.0,E-Wallet
1547,2025-08-19,Transfer,Transfer Teman/Keluarga,Pengeluaran,174271.0,Tunai
1548,2025-10-03,Liburan,Hiburan,Pengeluaran,166869.0,Kartu Kredit
1549,2024-09-30,Membership,Pembayaran Langganan,Pengeluaran,50502.0,Tunai
1550,2024-10-28,Transfer,Transfer Teman/Keluarga,Pengeluaran,6231.0,Transfer Bank
1551,2025-11-25,Marketplace,Pulsa & Internet,Pengeluaran,167373.0,Kartu Debit
1552,2026-02-16,Subscription,Pembayaran Langganan,Pengeluaran,180001.0,Kartu Debit
1553,2025-03-04,Gojek,Transportasi,Pengeluaran,23770.0,Transfer Bank
1554,2024-11-26,Tokopedia,Belanja Bulanan,Pengeluaran,170970.0,Kartu Kredit
1555,2025-10-06,Patungan,Transfer Teman/Keluarga,Pemasukan,303520.0,E-Wallet
1556,2024-11-09,Kirim uang,Transfer Teman/Keluarga,Pemasukan,841170.0,Kartu Kredit
1557,2026-01-15,Ngopi,Makanan & Minuman,Pengeluaran,57767.0,E-Wallet
1558,2025-08-19,Spotify,Hiburan,Pengeluaran,92376.0,Transfer Bank
1559,2025-12-09,Makan malam,Makanan & Minuman,Pengeluaran,51722.0,Kartu Debit
1560,2026-02-07,Transfer,Transfer Teman/Keluarga,Pemasukan,137961.0,Kartu Debit
1561,2025-09-09,Subscription,Pembayaran Langganan,Pengeluaran,81010.0,Transfer Bank
1562,2026-04-17,Subscription,Pembayaran Langganan,Pengeluaran,125050.0,Kartu Debit
1563,2025-10-05,Bensin,Transportasi,Pengeluaran,17520.0,Tunai
1564,2026-01-11,Lazada,Belanja Bulanan,Pengeluaran,242052.0,E-Wallet
1565,2025-08-18,Netflix,Hiburan,Pengeluaran,37028.0,Kartu Debit
1566,2025-03-13,Patungan,Transfer Teman/Keluarga,Pemasukan,176848.0,Kartu Debit
1567,2025-06-21,Kirim uang,Transfer Teman/Keluarga,Pemasukan,50622.0,Transfer Bank
1568,2024-09-20,Gojek,Transportasi,Pengeluaran,23833.0,Transfer Bank
1569,2024-09-29,Peralatan rumah,Belanja Bulanan,Pengeluaran,187058.0,Kartu Debit
1570,2025-10-12,Membership,Pembayaran Langganan,Pengeluaran,89447.0,Tunai
1571,2025-01-15,Shopee,Belanja Bulanan,Pengeluaran,84861.0,Lainnya
1572,2024-10-10,Bayar kos,Tempat Tinggal,Pengeluaran,939868.0,Kartu Debit
1573,2025-07-07,Transfer,Belanja Bulanan,Pengeluaran,33474.0,Kartu Kredit
1574,2024-09-16,Makan malam,Makanan & Minuman,Pengeluaran,55271.0,Kartu Debit
1575,2026-03-06,Patungan,Transfer Teman/Keluarga,Pemasukan,204075.0,E-Wallet
1576,2026-02-06,Bayar teman,Transfer Teman/Keluarga,Pemasukan,360189.0,Transfer Bank
1577,2025-08-29,Membership,Pembayaran Langganan,Pengeluaran,15497.0,Transfer Bank
1578,2024-06-07,Bensin,Transportasi,Pengeluaran,18477.0,Kartu Debit
1579,2025-06-30,Shopee,Belanja Bulanan,Pengeluaran,172003.0,Tunai
1580,2025-06-17,Tagihan internet,Pulsa & Internet,Pengeluaran,74947.0,Kartu Debit
1581,2025-02-16,Marketplace,Pembayaran Langganan,Pengeluaran,42718.0,Tunai
1582,2024-09-10,GrabFood,Makanan & Minuman,Pengeluaran,27478.0,Transfer Bank
1583,2025-02-19,Bonus,Gaji,Pemasukan,7138275.0,Transfer Bank
1584,2025-07-15,KRL,Transportasi,Pengeluaran,10000.0,Transfer Bank
1585,2025-05-29,Ngopi,Makanan & Minuman,Pengeluaran,43590.0,Kartu Debit
1586,2024-09-10,Kirim uang,Transfer Teman/Keluarga,Pengeluaran,253714.0,E-Wallet
1587,2025-08-10,Paket data,Pulsa & Internet,Pengeluaran,179533.0,Kartu Debit
1588,2025-11-18,Bensin,Transportasi,Pengeluaran,24892.0,Kartu Debit
1589,2024-09-25,Service AC,Tempat Tinggal,Pengeluaran,1144628.0,E-Wallet
1590,2024-11-12,Transfer,Transfer Teman/Keluarga,Pengeluaran,442993.0,Kartu Debit
1591,2025-09-16,Transfer,Transfer Teman/Keluarga,Pengeluaran,158502.0,Kartu Debit
1592,2025-02-13,KRL,Transportasi,Pengeluaran,23393.0,Kartu Kredit
1593,2026-02-19,Membership,Pembayaran Langganan,Pengeluaran,123769.0,E-Wallet
1594,2024-08-31,Parkir,Transportasi,Pengeluaran,25491.0,Tunai
1595,2025-10-10,Grab,Transportasi,Pengeluaran,10000.0,Kartu Debit
1596,2025-08-10,Pembayaran digital,Gaji,Pemasukan,7360274.0,Tunai
1597,2026-05-19,Air,Tempat Tinggal,Pengeluaran,1050472.0,Transfer Bank
1598,2025-07-15,Pulsa,Pulsa & Internet,Pengeluaran,66557.0,Tunai
1599,2025-02-01,Peralatan rumah,Belanja Bulanan,Pengeluaran,331786.0,Kartu Debit
1600,2025-08-26,Kirim uang,Transfer Teman/Keluarga,Pemasukan,363927.0,Transfer Bank
1601,2025-04-22,GrabFood,Makanan & Minuman,Pengeluaran,66106.0,Kartu Debit
1602,2024-07-20,Kirim uang,Transfer Teman/Keluarga,Pengeluaran,81813.0,E-Wallet
1603,2024-06-18,Listrik,Tempat Tinggal,Pengeluaran,1082352.0,Tunai
1604,2025-03-19,Pulsa,Pulsa & Internet,Pengeluaran,45657.0,Kartu Kredit
1605,2026-02-13,Subscription,Pembayaran Langganan,Pengeluaran,55215.0,Kartu Debit
1606,2024-09-27,Restoran,Makanan & Minuman,Pengeluaran,48637.0,Kartu Debit
1607,2025-07-30,Service AC,Tempat Tinggal,Pengeluaran,940992.0,Transfer Bank
1608,2024-12-18,Marketplace,Pulsa & Internet,Pengeluaran,146375.0,E-Wallet
1609,2025-02-25,GoFood,Makanan & Minuman,Pengeluaran,116157.0,E-Wallet
1610,2025-12-18,Spotify,Hiburan,Pengeluaran,283904.0,Kartu Debit
1611,2025-07-31,GrabFood,Belanja Bulanan,Pengeluaran,62112.0,Tunai
1612,2026-01-08,Minimarket,Belanja Bulanan,Pengeluaran,77495.0,Tunai
1613,2026-05-10,Gaji bulanan,Gaji,Pemasukan,6333225.0,Tunai
1614,2025-01-01,Grab,Transportasi,Pengeluaran,118172.0,Tunai
1615,2025-05-25,Pembayaran digital,Pembayaran Langganan,Pengeluaran,44331.0,Kartu Debit
1616,2026-01-27,Beli pakaian,Belanja Bulanan,Pengeluaran,371346.0,Kartu Debit
1617,2026-03-12,MRT,Transportasi,Pengeluaran,13508.0,Transfer Bank
1618,2024-11-30,Trf,Transfer Teman/Keluarga,Pemasukan,155496.0,Tunai
1619,2025-08-29,Pulsa,Pulsa & Internet,Pengeluaran,129278.0,Kartu Debit
1620,2025-09-06,MRT,Transportasi,Pengeluaran,35855.0,Kartu Debit
1621,2026-05-05,Subscription,Pembayaran Langganan,Pengeluaran,201478.0,Kartu Debit
1622,2026-05-05,Minimarket,Belanja Bulanan,Pengeluaran,68831.0,Lainnya
1623,2024-07-30,Transfer,Transfer Teman/Keluarga,Pengeluaran,112578.0,Kartu Debit
1624,2026-02-19,MRT,Transportasi,Pengeluaran,17022.0,E-Wallet
1625,2026-05-15,THR,Gaji,Pemasukan,5069547.0,Kartu Debit
1626,2025-04-04,Pembayaran digital,Tempat Tinggal,Pengeluaran,786034.0,Kartu Debit
1627,2025-08-17,Makan malam,Makanan & Minuman,Pengeluaran,53988.0,Kartu Kredit
1628,2025-01-29,Minimarket,Belanja Bulanan,Pengeluaran,58005.0,Kartu Kredit
1629,2025-12-23,THR,Gaji,Pemasukan,6246119.0,Kartu Kredit
1630,2025-02-25,Supermarket,Belanja Bulanan,Pengeluaran,117365.0,Kartu Debit
1631,2025-06-30,Iuran lingkungan,Tempat Tinggal,Pengeluaran,1130810.0,Kartu Debit
1632,2025-12-04,Pulsa,Pulsa & Internet,Pengeluaran,18551.0,Kartu Debit
1633,2025-06-10,Supermarket,Belanja Bulanan,Pengeluaran,166665.0,Tunai
1634,2025-01-17,Transfer,Transfer Teman/Keluarga,Pemasukan,310631.0,Tunai
1635,2024-08-19,Minimarket,Belanja Bulanan,Pengeluaran,511259.0,E-Wallet
1636,2024-06-28,Supermarket,Belanja Bulanan,Pengeluaran,189795.0,E-Wallet
1637,2025-11-01,Tagihan internet,Pulsa & Internet,Pengeluaran,67015.0,E-Wallet
1638,2025-11-28,Minimarket,Belanja Bulanan,Pengeluaran,125139.0,E-Wallet
1639,2025-06-30,Cloud storage,Pembayaran Langganan,Pengeluaran,121944.0,Kartu Debit
1640,2025-08-26,KRL,Transportasi,Pengeluaran,8658.0,E-Wallet
1641,2024-06-20,Air,Tempat Tinggal,Pengeluaran,883834.0,Tunai
1642,2025-06-15,Pembayaran digital,Hiburan,Pengeluaran,148710.0,Kartu Kredit
1643,2024-10-31,Supermarket,Belanja Bulanan,Pengeluaran,275670.0,E-Wallet
5012,2025-12-05,Transfer,Transfer Teman/Keluarga,Pemasukan,313839.0,Tunai
1645,2024-07-31,Transfer,Hiburan,Pengeluaran,214406.0,Tunai
1646,2024-09-11,Gym membership,Pembayaran Langganan,Pengeluaran,95625.0,Kartu Debit
1647,2025-01-31,Patungan,Transfer Teman/Keluarga,Pemasukan,157475.0,E-Wallet
1648,2024-05-28,Beli pakaian,Belanja Bulanan,Pengeluaran,119172.0,E-Wallet
1649,2025-03-23,GrabFood,Belanja Bulanan,Pengeluaran,56767.0,E-Wallet
1650,2025-01-04,Kirim uang,Transfer Teman/Keluarga,Pengeluaran,298131.0,Tunai
1651,2025-10-29,Bioskop,Hiburan,Pengeluaran,87974.0,E-Wallet
1652,2025-04-17,Tagihan internet,Pulsa & Internet,Pengeluaran,153215.0,Tunai
1653,2026-04-08,Bayar kos,Tempat Tinggal,Pengeluaran,1180265.0,Transfer Bank
1654,2024-10-23,Gaji bulanan,Gaji,Pemasukan,6066792.0,Kartu Debit
1655,2025-04-21,Transfer,Belanja Bulanan,Pengeluaran,239252.0,E-Wallet
1656,2025-03-17,Minimarket,Belanja Bulanan,Pengeluaran,154484.0,Kartu Kredit
1657,2024-08-27,Pembayaran digital,Gaji,Pemasukan,5992214.0,E-Wallet
1658,2025-09-03,Subscription,Hiburan,Pengeluaran,133514.0,Transfer Bank
1659,2025-12-30,Cafe,Makanan & Minuman,Pengeluaran,50871.0,Kartu Kredit
1660,2024-07-04,Pembayaran digital,Pulsa & Internet,Pengeluaran,325055.0,E-Wallet
1661,2026-05-04,Membership,Pembayaran Langganan,Pengeluaran,277048.0,Kartu Debit
1662,2024-12-11,Pulsa,Pulsa & Internet,Pengeluaran,87120.0,Kartu Kredit
1663,2024-08-03,THR,Gaji,Pemasukan,6587042.0,Transfer Bank
1664,2025-02-27,Cafe,Makanan & Minuman,Pengeluaran,17172.0,E-Wallet
1665,2024-06-30,Bayar teman,Transfer Teman/Keluarga,Pengeluaran,238417.0,Kartu Debit
1666,2026-05-17,Minimarket,Belanja Bulanan,Pengeluaran,190123.0,Kartu Debit
1667,2024-05-27,Grab,Transportasi,Pengeluaran,9874.0,E-Wallet
1668,2025-03-15,Peralatan rumah,Belanja Bulanan,Pengeluaran,61797.0,Kartu Kredit
1669,2025-12-20,Bioskop,Hiburan,Pengeluaran,57933.0,E-Wallet
1670,2025-10-06,Gojek,Transportasi,Pengeluaran,21419.0,Tunai
1671,2025-08-16,GrabFood,Makanan & Minuman,Pengeluaran,31433.0,E-Wallet
1673,2026-01-05,Bayar teman,Transfer Teman/Keluarga,Pengeluaran,161001.0,Kartu Debit
1674,2024-07-19,Lazada,Belanja Bulanan,Pengeluaran,236460.0,Kartu Kredit
1675,2025-09-03,Gym membership,Pembayaran Langganan,Pengeluaran,133674.0,E-Wallet
1676,2025-02-22,Marketplace,Makanan & Minuman,Pengeluaran,32614.0,Tunai
1677,2024-07-08,Minimarket,Makanan & Minuman,Pengeluaran,93828.0,Transfer Bank
1678,2024-12-11,THR,Gaji,Pemasukan,5582879.0,Tunai
1679,2025-08-01,Game online,Hiburan,Pengeluaran,136767.0,Kartu Kredit
1680,2026-03-03,KRL,Transportasi,Pengeluaran,41347.0,Tunai
1681,2025-04-19,Tokopedia,Belanja Bulanan,Pengeluaran,265559.0,Transfer Bank
1682,2026-03-09,Paket data,Pulsa & Internet,Pengeluaran,24363.0,Transfer Bank
1683,2025-03-14,Subscription,Pembayaran Langganan,Pengeluaran,183233.0,Kartu Kredit
1684,2024-06-14,Tagihan,Pembayaran Langganan,Pengeluaran,69290.0,Kartu Debit
1685,2025-03-04,Bioskop,Hiburan,Pengeluaran,145418.0,Transfer Bank
1686,2025-05-08,Bayar kos,Tempat Tinggal,Pengeluaran,955174.0,Kartu Kredit
1687,2025-04-03,Kirim uang,Transfer Teman/Keluarga,Pemasukan,163311.0,Tunai
1689,2025-07-25,Bensin,Transportasi,Pengeluaran,17128.0,Kartu Debit
1690,2025-04-05,Lazada,Belanja Bulanan,Pengeluaran,182512.0,Kartu Debit
1691,2025-04-01,Listrik,Tempat Tinggal,Pengeluaran,1730107.0,Kartu Debit
1692,2025-11-18,Tol,Transportasi,Pengeluaran,46388.0,Transfer Bank
1693,2025-10-26,Pulsa & Internet,Pulsa & Internet,Pengeluaran,96810.0,E-Wallet
1694,2024-06-07,Bayar teman,Transfer Teman/Keluarga,Pemasukan,348664.0,E-Wallet
1695,2026-02-18,Shopee,Belanja Bulanan,Pengeluaran,157193.0,Kartu Debit
1696,2025-10-18,Air,Tempat Tinggal,Pengeluaran,805520.0,E-Wallet
1697,2024-06-18,Gojek,Transportasi,Pengeluaran,11162.0,E-Wallet
1698,2025-10-09,Ngopi,Makanan & Minuman,Pengeluaran,41962.0,Kartu Kredit
1699,2024-08-13,Makanan & Minuman,Makanan & Minuman,Pengeluaran,24775.0,E-Wallet
1700,2026-03-04,Tol,Transportasi,Pengeluaran,48960.0,E-Wallet
1701,2024-11-11,Patungan,Transfer Teman/Keluarga,Pemasukan,250201.0,Kartu Debit
1702,2025-04-09,Restoran,Makanan & Minuman,Pengeluaran,64849.0,Tunai
1703,2025-09-08,Spotify,Hiburan,Pengeluaran,45734.0,Transfer Bank
1704,2024-08-15,Pembayaran digital,Pulsa & Internet,Pengeluaran,58392.0,Kartu Debit
1705,2025-11-15,Lazada,Belanja Bulanan,Pengeluaran,430454.0,E-Wallet
1706,2024-07-11,THR,Gaji,Pemasukan,6796169.0,Kartu Debit
1707,2025-11-07,Marketplace,Tempat Tinggal,Pengeluaran,996078.0,Kartu Debit
1708,2025-08-27,Bayar teman,Transfer Teman/Keluarga,Pemasukan,392647.0,Kartu Debit
1709,2025-05-28,Spotfy,Hiburan,Pengeluaran,177645.0,Tunai
1710,2025-11-27,KRL,Transportasi,Pengeluaran,10145.0,Kartu Debit
1711,2025-05-16,Wifi rumah,Pulsa & Internet,Pengeluaran,114406.0,Kartu Debit
1712,2025-09-25,Gym membership,Pembayaran Langganan,Pengeluaran,105343.0,E-Wallet
1713,2025-11-06,Pembayaran digital,Gaji,Pemasukan,6847436.0,Kartu Debit
1714,2025-09-28,Tokopedia,Belanja Bulanan,Pengeluaran,181882.0,Transfer Bank
1715,2025-10-03,Netflix,Hiburan,Pengeluaran,104237.0,E-Wallet
1716,2025-04-01,Pulsa,Pulsa & Internet,Pengeluaran,79735.0,Tunai
1717,2025-10-29,Cloud storage,Pembayaran Langganan,Pengeluaran,69040.0,E-Wallet
5013,2026-05-13,Mkn malam,Makanan & Minuman,Pengeluaran,44917.0,Transfer Bank
1719,2024-12-07,Ngopi,Makanan & Minuman,Pengeluaran,41421.0,Kartu Debit
1720,2025-03-20,Mkn siang,Makanan & Minuman,Pengeluaran,43226.0,Tunai
1721,2026-04-02,Bayar kos,Tempat Tinggal,Pengeluaran,806963.0,Kartu Kredit
1722,2026-03-20,Kirim uang,Transfer Teman/Keluarga,Pemasukan,956299.0,Kartu Debit
1724,2025-03-30,Grab,Transportasi,Pengeluaran,44770.0,Kartu Debit
1725,2025-03-28,Pulsa & Internet,Pulsa & Internet,Pengeluaran,44847.0,Transfer Bank
1726,2025-08-10,Cloud storage,Pembayaran Langganan,Pengeluaran,103347.0,E-Wallet
1727,2025-12-25,Marketplace,Hiburan,Pengeluaran,243748.0,Transfer Bank
1728,2026-03-16,Bensin,Transportasi,Pengeluaran,77638.0,Tunai
1729,2024-07-26,Beli pakaian,Belanja Bulanan,Pengeluaran,313591.0,Tunai
1730,2025-08-17,Bayar teman,Transfer Teman/Keluarga,Pemasukan,140010.0,E-Wallet
1731,2024-07-08,Air,Tempat Tinggal,Pengeluaran,342761.0,Kartu Kredit
1732,2025-03-10,Peralatan rumah,Belanja Bulanan,Pengeluaran,142513.0,E-Wallet
1733,2025-04-20,Transfer,Transfer Teman/Keluarga,Pengeluaran,405477.0,Tunai
1734,2024-08-02,Shopee,Belanja Bulanan,Pengeluaran,90616.0,Kartu Kredit
1735,2024-08-11,Air,Tempat Tinggal,Pengeluaran,507765.0,Kartu Debit
1736,2024-11-04,Listrik,Tempat Tinggal,Pengeluaran,1653912.0,Kartu Debit
1737,2026-01-20,Membership,Pembayaran Langganan,Pengeluaran,95311.0,Kartu Kredit
1738,2024-10-30,Tagihan,Pulsa & Internet,Pengeluaran,125596.0,E-Wallet
1739,2024-12-14,Pulsa,Pulsa & Internet,Pengeluaran,47364.0,Kartu Debit
1740,2026-01-30,Bonus,Gaji,Pemasukan,6021979.0,Kartu Kredit
1741,2024-08-08,GrabFood,Makanan & Minuman,Pengeluaran,88964.0,E-Wallet
1742,2026-03-13,Lazada,Belanja Bulanan,Pengeluaran,162176.0,Kartu Kredit
1743,2025-04-03,Gym membership,Pembayaran Langganan,Pengeluaran,130690.0,Transfer Bank
1744,2025-12-28,KRL,Transportasi,Pengeluaran,259461.0,Kartu Kredit
1745,2026-04-12,Bayar kos,Tempat Tinggal,Pengeluaran,1006176.0,Kartu Kredit
1746,2025-07-20,Shopee,Belanja Bulanan,Pengeluaran,143730.0,Transfer Bank
1747,2025-08-21,Minimarket,Makanan & Minuman,Pengeluaran,62532.0,E-Wallet
1748,2025-12-08,Konser,Hiburan,Pengeluaran,79165.0,Tunai
1750,2025-02-06,Supermarket,Belanja Bulanan,Pengeluaran,122664.0,Kartu Debit
1751,2026-03-21,Bayar teman,Transfer Teman/Keluarga,Pemasukan,179302.0,E-Wallet
1752,2025-03-08,Gym membership,Pembayaran Langganan,Pengeluaran,68629.0,Transfer Bank
1753,2026-01-09,Beli pakaian,Belanja Bulanan,Pengeluaran,165674.0,Kartu Debit
1754,2025-10-02,Peralatan rumah,Belanja Bulanan,Pengeluaran,206928.0,Kartu Debit
1755,2024-09-04,Patungan,Transfer Teman/Keluarga,Pengeluaran,127783.0,E-Wallet
1756,2024-12-03,Shopee,Belanja Bulanan,Pengeluaran,250375.0,Tunai
1757,2026-01-31,Marketplace,Transportasi,Pengeluaran,30189.0,Transfer Bank
1758,2025-02-14,Bensin,Transportasi,Pengeluaran,46719.0,Kartu Debit
1759,2025-10-15,Paket data,Pulsa & Internet,Pengeluaran,145208.0,Kartu Debit
1760,2025-01-03,Marketplace,Makanan & Minuman,Pengeluaran,48345.0,Kartu Debit
1761,2025-09-17,Air,Tempat Tinggal,Pengeluaran,910772.0,E-Wallet
1763,2025-12-21,Grab,Transportasi,Pengeluaran,21355.0,E-Wallet
1764,2025-05-28,Membership,Pembayaran Langganan,Pengeluaran,197123.0,E-Wallet
1765,2026-04-01,Beli pakaian,Belanja Bulanan,Pengeluaran,145044.0,Transfer Bank
1766,2024-12-07,Paket data,Pulsa & Internet,Pengeluaran,96307.0,Transfer Bank
1767,2025-06-09,Patungan,Transfer Teman/Keluarga,Pemasukan,483446.0,Tunai
1768,2025-02-23,Transfer,Transfer Teman/Keluarga,Pemasukan,323511.0,Kartu Debit
1769,2024-06-04,Pulsa,Pulsa & Internet,Pengeluaran,121906.0,Transfer Bank
1770,2026-03-03,Marketplace,Transportasi,Pengeluaran,27528.0,E-Wallet
1771,2024-09-20,Marketplace,Transportasi,Pengeluaran,15713.0,Tunai
1772,2026-05-24,Parkir,Transportasi,Pengeluaran,31156.0,E-Wallet
1773,2026-01-06,Bayar teman,Transfer Teman/Keluarga,Pengeluaran,100466.0,Tunai
1774,2024-11-13,Kirim uang,Transfer Teman/Keluarga,Pengeluaran,237862.0,Tunai
1775,2025-05-09,Air,Tempat Tinggal,Pengeluaran,57393.0,Kartu Kredit
1776,2025-11-22,Minimarket,Belanja Bulanan,Pengeluaran,211040.0,E-Wallet
1777,2025-01-05,Bayar kos,Tempat Tinggal,Pengeluaran,837529.0,Transfer Bank
1778,2025-07-01,Makan siang,Makanan & Minuman,Pengeluaran,34182.0,E-Wallet
1779,2024-11-02,Ngopi,Makanan & Minuman,Pengeluaran,50680.0,E-Wallet
1780,2026-04-27,Cloud storage,Pembayaran Langganan,Pengeluaran,120097.0,Kartu Kredit
1781,2025-09-10,Service AC,Tempat Tinggal,Pengeluaran,953693.0,Tunai
1782,2024-08-26,Bensin,Transportasi,Pengeluaran,11673.0,Transfer Bank
1783,2026-05-12,Patungan,Transfer Teman/Keluarga,Pemasukan,264671.0,Tunai
1784,2025-08-09,Kirim uang,Transfer Teman/Keluarga,Pengeluaran,337702.0,Tunai
1785,2024-11-10,Restoran,Makanan & Minuman,Pengeluaran,42595.0,Tunai
1786,2024-08-08,Tagihan,Tempat Tinggal,Pengeluaran,1146063.0,Kartu Debit
1787,2026-01-14,Membership,Pembayaran Langganan,Pengeluaran,106480.0,Kartu Debit
1788,2025-04-30,Subscription,Pembayaran Langganan,Pengeluaran,104995.0,Tunai
1790,2026-01-05,Tagihan internet,Pulsa & Internet,Pengeluaran,100607.0,E-Wallet
1791,2024-08-21,Bayar teman,Transfer Teman/Keluarga,Pemasukan,103779.0,Kartu Kredit
1792,2025-11-12,Patungan,Transfer Teman/Keluarga,Pemasukan,10000.0,E-Wallet
1793,2026-04-20,Subscription,Pembayaran Langganan,Pengeluaran,166957.0,Kartu Kredit
1794,2024-10-11,Pulsa,Pulsa & Internet,Pengeluaran,129400.0,Kartu Debit
1795,2024-11-09,Bayar kos,Tempat Tinggal,Pengeluaran,1259100.0,Kartu Kredit
1796,2024-06-08,MRT,Transportasi,Pengeluaran,41994.0,Kartu Debit
1797,2024-07-03,Cafe,Makanan & Minuman,Pengeluaran,36986.0,Kartu Debit
1798,2024-12-04,Gaji bulanan,Gaji,Pemasukan,5792397.0,Kartu Kredit
1799,2025-07-12,Supermarket,Belanja Bulanan,Pengeluaran,125455.0,Tunai
1800,2025-12-25,GrabbFood,Makanan & Minuman,Pengeluaran,92991.0,Kartu Debit
1801,2025-11-17,KRL,Transportasi,Pengeluaran,10000.0,Kartu Kredit
1802,2025-01-10,Air,Tempat Tinggal,Pengeluaran,673022.0,Kartu Debit
1803,2026-03-15,Bayar kos,Tempat Tinggal,Pengeluaran,835764.0,E-Wallet
1804,2024-09-15,Supermarket,Belanja Bulanan,Pengeluaran,137562.0,Kartu Kredit
1805,2025-03-22,Subscription,Pembayaran Langganan,Pengeluaran,245178.0,Transfer Bank
1806,2026-05-17,Bensin,Transportasi,Pengeluaran,33924.0,Kartu Debit
1807,2025-12-20,Transfer,Transfer Teman/Keluarga,Pemasukan,226254.0,Kartu Kredit
1808,2025-07-07,KRL,Transportasi,Pengeluaran,17066.0,Transfer Bank
1809,2025-09-22,Kirim uang,Transfer Teman/Keluarga,Pemasukan,352032.0,Kartu Kredit
1810,2024-06-23,Wifi rumah,Pulsa & Internet,Pengeluaran,92046.0,E-Wallet
1812,2025-01-26,Cloud storage,Pembayaran Langganan,Pengeluaran,128719.0,Transfer Bank
1813,2025-06-30,Game online,Hiburan,Pengeluaran,102270.0,Kartu Debit
1814,2024-10-26,Tagihan,Pembayaran Langganan,Pengeluaran,270217.0,Kartu Debit
1815,2024-07-15,Air,Tempat Tinggal,Pengeluaran,911946.0,Tunai
1816,2026-05-10,Gym membership,Pembayaran Langganan,Pengeluaran,309409.0,Tunai
1817,2025-04-27,Gym membership,Pembayaran Langganan,Pengeluaran,131211.0,E-Wallet
1818,2025-05-09,Subscription,Hiburan,Pengeluaran,202133.0,Kartu Debit
1819,2024-06-18,KRL,Transportasi,Pengeluaran,31180.0,Kartu Kredit
1820,2026-01-29,Liburan,Hiburan,Pengeluaran,68318.0,E-Wallet
1821,2024-12-08,THR,Gaji,Pemasukan,7445254.0,Tunai
1822,2025-08-10,Grab,Transportasi,Pengeluaran,98600.0,Tunai
1823,2025-07-01,Listrik,Tempat Tinggal,Pengeluaran,680702.0,E-Wallet
1824,2025-06-07,Wifi rumah,Pulsa & Internet,Pengeluaran,116622.0,Kartu Debit
1825,2024-09-19,Trf,Belanja Bulanan,Pengeluaran,82242.0,Kartu Kredit
1826,2026-04-19,Bensin,Transportasi,Pengeluaran,13610.0,Tunai
1827,2026-05-11,Gojek,Transportasi,Pengeluaran,27954.0,E-Wallet
1828,2024-10-19,Gojek,Transportasi,Pengeluaran,16190.0,Kartu Kredit
1829,2024-09-14,Transportasi,Transportasi,Pengeluaran,14977.0,Kartu Debit
1830,2025-04-06,Kirim uang,Transfer Teman/Keluarga,Pengeluaran,97828.0,Transfer Bank
1831,2024-08-10,Makan malam,Makanan & Minuman,Pengeluaran,61682.0,Kartu Debit
1832,2024-07-26,Ngopi,Makanan & Minuman,Pengeluaran,68885.0,Tunai
1833,2025-05-01,Restoran,Makanan & Minuman,Pengeluaran,74122.0,Transfer Bank
1834,2026-03-29,Pembayaran digital,Transportasi,Pengeluaran,38749.0,Kartu Debit
1835,2024-07-17,Lazada,Belanja Bulanan,Pengeluaran,133672.0,Transfer Bank
1836,2026-05-05,Hiburan,Hiburan,Pengeluaran,304572.0,Tunai
1837,2025-01-17,Kirim uang,Transfer Teman/Keluarga,Pemasukan,126688.0,Kartu Debit
1838,2024-10-19,Konser,Hiburan,Pengeluaran,42045.0,Kartu Kredit
1839,2024-07-19,Peralatan rumah,Belanja Bulanan,Pengeluaran,69964.0,E-Wallet
1840,2025-09-26,Patungan,Transfer Teman/Keluarga,Pengeluaran,81992.0,Kartu Debit
1841,2026-01-06,Grab,Transportasi,Pengeluaran,10000.0,E-Wallet
1842,2024-12-18,Gojek,Transportasi,Pengeluaran,18445.0,Tunai
1843,2024-06-11,Subscription,Hiburan,Pengeluaran,88904.0,Kartu Kredit
1844,2025-12-16,Transfer Teman/Keluarga,Transfer Teman/Keluarga,Pemasukan,448791.0,Kartu Kredit
1845,2024-07-05,Lazada,Belanja Bulanan,Pengeluaran,276877.0,E-Wallet
1846,2025-09-21,Peralatan rumah,Belanja Bulanan,Pengeluaran,134885.0,Transfer Bank
1847,2026-03-18,Kirim uang,Transfer Teman/Keluarga,Pemasukan,499559.0,E-Wallet
1848,2024-09-13,Gojek,Transportasi,Pengeluaran,31389.0,E-Wallet
1849,2025-03-15,Game online,Hiburan,Pengeluaran,93667.0,Kartu Debit
1850,2025-01-31,Grab,Transportasi,Pengeluaran,11798.0,Kartu Debit
1851,2025-05-04,Air,Tempat Tinggal,Pengeluaran,1233620.0,E-Wallet
1852,2025-11-15,GoFood,Makanan & Minuman,Pengeluaran,72447.0,Tunai
1853,2025-12-19,Patungan,Transfer Teman/Keluarga,Pemasukan,321432.0,Transfer Bank
1854,2026-05-09,Cafe,Makanan & Minuman,Pengeluaran,74599.0,Kartu Debit
1855,2025-07-02,GrabbFood,Makanan & Minuman,Pengeluaran,80423.0,Tunai
1856,2026-03-16,Bioskop,Hiburan,Pengeluaran,108955.0,Kartu Kredit
1857,2025-11-29,Transfer,Transfer Teman/Keluarga,Pengeluaran,139034.0,E-Wallet
1858,2024-12-26,MRT,Transportasi,Pengeluaran,5478.0,Kartu Kredit
1859,2024-10-17,Ngopi,Makanan & Minuman,Pengeluaran,31656.0,Kartu Kredit
1860,2025-07-14,Kirim uang,Transfer Teman/Keluarga,Pemasukan,350471.0,Kartu Debit
1861,2026-03-31,Trf,Transfer Teman/Keluarga,Pemasukan,79857.0,Kartu Debit
1862,2024-09-22,Marketplace,Gaji,Pemasukan,33883891.0,Kartu Debit
1863,2026-02-06,Bayar teman,Transfer Teman/Keluarga,Pemasukan,201011.0,Tunai
1864,2026-02-27,Tol,Transportasi,Pengeluaran,44795.0,E-Wallet
1865,2024-06-28,Membership,Pembayaran Langganan,Pengeluaran,211724.0,Kartu Debit
1866,2024-06-18,Patungan,Transfer Teman/Keluarga,Pengeluaran,237843.0,Kartu Debit
1867,2024-11-22,Pulsa,Pulsa & Internet,Pengeluaran,65516.0,Kartu Debit
1868,2025-12-31,Paket data,Pulsa & Internet,Pengeluaran,104632.0,E-Wallet
1869,2025-12-08,Pulsa,Pulsa & Internet,Pengeluaran,111470.0,E-Wallet
1870,2026-01-01,Transfer,Belanja Bulanan,Pengeluaran,227919.0,E-Wallet
1871,2024-10-28,Air,Tempat Tinggal,Pengeluaran,898149.0,Kartu Kredit
1872,2026-04-25,Tol,Transportasi,Pengeluaran,105824.0,Kartu Debit
1873,2026-01-25,Bonus,Gaji,Pemasukan,5798036.0,Tunai
1874,2025-11-03,Liburan,Hiburan,Pengeluaran,18339.0,Lainnya
1875,2025-08-24,Tagihan,Transportasi,Pengeluaran,11618.0,Kartu Debit
1876,2025-11-24,Bayar teman,Transfer Teman/Keluarga,Pengeluaran,240589.0,Kartu Kredit
1877,2025-03-27,Minimarket,Belanja Bulanan,Pengeluaran,447270.0,E-Wallet
1878,2026-02-07,Bensin,Transportasi,Pengeluaran,10000.0,Tunai
1879,2024-10-16,Spotify,Hiburan,Pengeluaran,102742.0,E-Wallet
1880,2024-12-15,Patungan,Transfer Teman/Keluarga,Pengeluaran,292723.0,Kartu Kredit
1881,2024-07-23,Tol,Transportasi,Pengeluaran,43555.0,Kartu Kredit
1882,2025-08-06,Pulsa,Pulsa & Internet,Pengeluaran,722956.0,Transfer Bank
1883,2025-09-09,Membership,Pembayaran Langganan,Pengeluaran,116525.0,Kartu Debit
1884,2025-09-01,Konser,Hiburan,Pengeluaran,59007.0,Kartu Kredit
1885,2025-08-10,Game online,Hiburan,Pengeluaran,48091.0,Kartu Kredit
1886,2025-11-10,Bayar teman,Transfer Teman/Keluarga,Pengeluaran,183961.0,E-Wallet
1887,2024-07-30,Tol,Transportasi,Pengeluaran,21532.0,Transfer Bank
1888,2026-01-04,Patungan,Transfer Teman/Keluarga,Pengeluaran,330765.0,Kartu Kredit
1889,2025-08-30,Tol,Transportasi,Pengeluaran,7472.0,Lainnya
1890,2025-10-01,Transfer,Transfer Teman/Keluarga,Pengeluaran,13189.0,Kartu Debit
1891,2025-07-17,Spotify,Hiburan,Pengeluaran,123740.0,E-Wallet
1892,2024-10-19,Game online,Hiburan,Pengeluaran,55883.0,Transfer Bank
1893,2025-11-19,Game online,Hiburan,Pengeluaran,19700.0,Kartu Debit
1894,2026-02-09,Patungan,Transfer Teman/Keluarga,Pemasukan,246694.0,E-Wallet
1895,2025-07-09,Gaji bulanan,Gaji,Pemasukan,6773328.0,Tunai
1896,2024-12-31,Bonus,Gaji,Pemasukan,41574423.0,Kartu Debit
1897,2024-07-08,Subscription,Pembayaran Langganan,Pengeluaran,162561.0,Tunai
1898,2026-02-13,Cloud storage,Pembayaran Langganan,Pengeluaran,121167.0,Transfer Bank
1899,2024-12-03,Kirim uang,Transfer Teman/Keluarga,Pengeluaran,199713.0,Kartu Debit
1900,2025-03-27,Patungan,Transfer Teman/Keluarga,Pemasukan,48840.0,E-Wallet
1901,2026-03-02,Iuran lingkungan,Tempat Tinggal,Pengeluaran,844859.0,Tunai
1902,2025-06-17,Air,Tempat Tinggal,Pengeluaran,1273431.0,Kartu Debit
1903,2025-02-12,Minimarket,Belanja Bulanan,Pengeluaran,220744.0,E-Wallet
1904,2025-12-21,Bonus,Gaji,Pemasukan,5255701.0,Transfer Bank
1905,2025-01-16,Transfer,Transfer Teman/Keluarga,Pengeluaran,296673.0,Kartu Kredit
1906,2025-02-08,Minimarket,Makanan & Minuman,Pengeluaran,50737.0,Tunai
1907,2025-01-07,Liburan,Hiburan,Pengeluaran,192799.0,Transfer Bank
1908,2025-10-01,KRL,Transportasi,Pengeluaran,102443.0,Kartu Kredit
1909,2026-03-24,Parkir,Transportasi,Pengeluaran,39212.0,E-Wallet
1910,2024-12-19,Membership,Pembayaran Langganan,Pengeluaran,103376.0,Tunai
1911,2025-08-22,Liburan,Hiburan,Pengeluaran,183947.0,Transfer Bank
1912,2025-04-13,Tempat Tinggal,Tempat Tinggal,Pengeluaran,569562.0,E-Wallet
1913,2024-06-08,Gym membership,Pembayaran Langganan,Pengeluaran,73988.0,Transfer Bank
1914,2025-07-19,Kirim uang,Transfer Teman/Keluarga,Pengeluaran,260210.0,E-Wallet
1915,2024-11-15,Supermarket,Belanja Bulanan,Pengeluaran,184270.0,E-Wallet
1916,2026-03-20,Patungan,Transfer Teman/Keluarga,Pemasukan,261717.0,Kartu Kredit
1917,2025-01-01,Trf,Transfer Teman/Keluarga,Pengeluaran,88946.0,Kartu Kredit
1918,2026-01-18,MRT,Transportasi,Pengeluaran,26603.0,Tunai
1919,2025-04-03,Listrik,Tempat Tinggal,Pengeluaran,1011259.0,Kartu Debit
1920,2025-07-31,Minimarket,Makanan & Minuman,Pengeluaran,49751.0,E-Wallet
1921,2025-12-05,Marketplace,Transfer Teman/Keluarga,Pengeluaran,139779.0,Kartu Debit
1922,2026-02-15,Transfer,Transfer Teman/Keluarga,Pemasukan,10000.0,Tunai
1923,2024-05-26,Makan malam,Makanan & Minuman,Pengeluaran,36993.0,Tunai
1924,2024-08-23,Jajan,Makanan & Minuman,Pengeluaran,62207.0,Tunai
1925,2025-10-05,Tokopedia,Belanja Bulanan,Pengeluaran,218436.0,Transfer Bank
1926,2025-01-06,Transfer,Transfer Teman/Keluarga,Pemasukan,350030.0,E-Wallet
1927,2024-07-13,Bensin,Transportasi,Pengeluaran,84245.0,Kartu Kredit
1928,2024-10-15,Paket data,Pulsa & Internet,Pengeluaran,117044.0,E-Wallet
1929,2024-10-29,Cloud storage,Pembayaran Langganan,Pengeluaran,109259.0,E-Wallet
1930,2026-01-10,Peralatan rumah,Belanja Bulanan,Pengeluaran,117064.0,Tunai
1931,2025-09-27,Transfer,Transfer Teman/Keluarga,Pemasukan,405082.0,Kartu Kredit
1932,2026-01-21,Gaji bulanan,Gaji,Pemasukan,6174031.0,Transfer Bank
1933,2025-02-22,Bayar teman,Transfer Teman/Keluarga,Pengeluaran,231357.0,E-Wallet
1934,2025-08-06,Bayar teman,Transfer Teman/Keluarga,Pemasukan,200151.0,Kartu Kredit
1935,2025-04-27,Tagihan,Pembayaran Langganan,Pengeluaran,151086.0,Transfer Bank
1936,2026-02-12,Netflix,Hiburan,Pengeluaran,68156.0,Kartu Kredit
1938,2026-04-05,Netflix,Hiburan,Pengeluaran,761253.0,Kartu Debit
1939,2024-10-23,Tagihan internet,Pulsa & Internet,Pengeluaran,96321.0,E-Wallet
1940,2024-12-15,Beli pakaian,Belanja Bulanan,Pengeluaran,164064.0,Kartu Debit
1941,2025-09-27,Kirim uang,Transfer Teman/Keluarga,Pengeluaran,135081.0,Kartu Debit
1942,2026-05-19,Cloud storage,Pembayaran Langganan,Pengeluaran,52316.0,Kartu Debit
1943,2025-07-16,Kirim uang,Transfer Teman/Keluarga,Pengeluaran,332452.0,Kartu Debit
1944,2025-02-04,Spotify,Hiburan,Pengeluaran,348363.0,Kartu Kredit
1945,2025-06-07,Pembayaran digital,Pembayaran Langganan,Pengeluaran,133119.0,Transfer Bank
1946,2026-01-14,Patungan,Transfer Teman/Keluarga,Pengeluaran,183051.0,Kartu Debit
5014,2025-10-05,Pulsa,Pulsa & Internet,Pengeluaran,85242.0,E-Wallet
1948,2025-02-20,Marketplace,Pembayaran Langganan,Pengeluaran,132828.0,Lainnya
1949,2025-11-08,Gojek,Transportasi,Pengeluaran,37387.0,Kartu Debit
1950,2025-05-31,Lazada,Belanja Bulanan,Pengeluaran,137736.0,Transfer Bank
1951,2025-02-09,Paket data,Pulsa & Internet,Pengeluaran,76563.0,Kartu Debit
1952,2026-02-27,THR,Gaji,Pemasukan,6220988.0,Kartu Kredit
1953,2024-08-15,Pulsa,Pulsa & Internet,Pengeluaran,31633.0,E-Wallet
1954,2025-03-27,Pulsa,Pulsa & Internet,Pengeluaran,149190.0,Tunai
1955,2025-07-17,Cloud storage,Pembayaran Langganan,Pengeluaran,163461.0,Kartu Debit
1956,2024-11-02,Kirim uang,Transfer Teman/Keluarga,Pemasukan,360343.0,E-Wallet
1957,2025-02-08,Air,Tempat Tinggal,Pengeluaran,362364.0,Kartu Debit
1958,2025-10-21,Membership,Pembayaran Langganan,Pengeluaran,368479.0,E-Wallet
1959,2026-02-28,Bensin,Transportasi,Pengeluaran,17933.0,E-Wallet
1960,2025-07-23,Jajan,Makanan & Minuman,Pengeluaran,10000.0,E-Wallet
1961,2025-06-15,Pembayaran digital,Pembayaran Langganan,Pengeluaran,245671.0,Kartu Debit
1962,2024-07-26,Konser,Hiburan,Pengeluaran,140689.0,E-Wallet
1963,2026-04-03,Bayar teman,Transfer Teman/Keluarga,Pengeluaran,40329.0,Transfer Bank
1964,2024-11-15,Tagihan internet,Pulsa & Internet,Pengeluaran,148103.0,Tunai
1965,2025-03-08,Bayar kos,Tempat Tinggal,Pengeluaran,1037718.0,Kartu Kredit
1966,2025-04-28,Bonus,Gaji,Pemasukan,7023544.0,Kartu Debit
1967,2025-02-16,Grabb,Transportasi,Pengeluaran,44460.0,Transfer Bank
1968,2026-03-31,Transportasi,Transportasi,Pengeluaran,58918.0,Kartu Debit
1969,2025-03-28,Bayar teman,Transfer Teman/Keluarga,Pengeluaran,127347.0,Tunai
1970,2024-12-08,Makan siang,Makanan & Minuman,Pengeluaran,27323.0,Kartu Kredit
1971,2025-01-26,Cloud storage,Pembayaran Langganan,Pengeluaran,195152.0,Transfer Bank
1972,2025-06-24,Minimarket,Belanja Bulanan,Pengeluaran,68132.0,Kartu Debit
1973,2025-04-03,Air,Tempat Tinggal,Pengeluaran,822092.0,Kartu Debit
1974,2025-01-13,Jajan,Makanan & Minuman,Pengeluaran,39041.0,Tunai
1975,2024-09-22,Gaji,Gaji,Pemasukan,3023363.0,Kartu Kredit
1976,2025-11-23,Kirim uang,Transfer Teman/Keluarga,Pengeluaran,358620.0,E-Wallet
1977,2024-08-07,Tagihan internet,Pulsa & Internet,Pengeluaran,83607.0,E-Wallet
1978,2026-01-02,Bensin,Transportasi,Pengeluaran,43444.0,Kartu Debit
1979,2024-06-30,Listrik,Tempat Tinggal,Pengeluaran,1019302.0,E-Wallet
1980,2025-01-26,Game online,Hiburan,Pengeluaran,46365.0,E-Wallet
1981,2024-12-12,Bensin,Transportasi,Pengeluaran,53592.0,Kartu Kredit
1982,2025-05-30,Pembayaran digital,Transfer Teman/Keluarga,Pengeluaran,171357.0,Kartu Debit
1983,2025-03-05,Hiburan,Hiburan,Pengeluaran,249177.0,Transfer Bank
1984,2025-02-07,Shopee,Belanja Bulanan,Pengeluaran,149557.0,E-Wallet
1985,2025-11-02,Transfer,Transfer Teman/Keluarga,Pemasukan,218699.0,E-Wallet
1986,2025-01-04,Tagihan,Hiburan,Pengeluaran,79310.0,Transfer Bank
1987,2025-12-02,Pembayaran digital,Pembayaran Langganan,Pengeluaran,112257.0,Kartu Debit
1988,2024-09-18,Marketplace,Makanan & Minuman,Pengeluaran,32966.0,E-Wallet
1989,2024-06-04,Air,Tempat Tinggal,Pengeluaran,781897.0,Kartu Kredit
1990,2024-07-26,Iuran lingkungan,Tempat Tinggal,Pengeluaran,1158431.0,Kartu Debit
1991,2025-05-05,Makan malam,Makanan & Minuman,Pengeluaran,19799.0,Transfer Bank
1992,2024-12-01,Liburan,Hiburan,Pengeluaran,84594.0,Kartu Debit
1993,2024-12-27,Spotify,Hiburan,Pengeluaran,210857.0,Kartu Kredit
1994,2025-06-19,Gaji bulanan,Gaji,Pemasukan,6668242.0,E-Wallet
1995,2024-07-25,Netflix,Hiburan,Pengeluaran,137710.0,Kartu Debit
1996,2025-08-26,Cloud storage,Pembayaran Langganan,Pengeluaran,15186.0,Tunai
1997,2024-11-03,Makan malam,Makanan & Minuman,Pengeluaran,55123.0,Transfer Bank
1998,2025-05-16,Minimarket,Belanja Bulanan,Pengeluaran,295568.0,Kartu Debit
1999,2026-01-29,Service AC,Tempat Tinggal,Pengeluaran,721866.0,E-Wallet
2000,2024-07-20,Bonus,Gaji,Pemasukan,5858777.0,Transfer Bank
2001,2025-04-18,Kirim uang,Transfer Teman/Keluarga,Pengeluaran,197922.0,Tunai
2002,2025-11-11,Kirim uang,Transfer Teman/Keluarga,Pemasukan,826493.0,E-Wallet
2003,2025-07-05,Jajan,Makanan & Minuman,Pengeluaran,15961.0,E-Wallet
2004,2025-04-03,Pembayaran digital,Transfer Teman/Keluarga,Pengeluaran,165799.0,Transfer Bank
2005,2026-05-11,Marketplace,Hiburan,Pengeluaran,59834.0,Kartu Kredit
2006,2026-01-09,Bensin,Transportasi,Pengeluaran,7040.0,Transfer Bank
2007,2025-03-07,Tagihan,Transfer Teman/Keluarga,Pemasukan,257213.0,Kartu Kredit
2008,2025-12-13,Air,Tempat Tinggal,Pengeluaran,938756.0,Kartu Debit
2009,2026-05-15,Marketplace,Hiburan,Pengeluaran,77330.0,Kartu Debit
2010,2024-09-28,Gaji bulanan,Gaji,Pemasukan,4829705.0,Kartu Debit
2011,2026-01-04,Tempat Tinggal,Tempat Tinggal,Pengeluaran,834531.0,Tunai
2012,2024-12-02,Belanja Bulanan,Belanja Bulanan,Pengeluaran,166189.0,Kartu Kredit
2013,2025-10-03,Wifi rumah,Pulsa & Internet,Pengeluaran,125706.0,Kartu Debit
2014,2025-11-22,Cafe,Makanan & Minuman,Pengeluaran,66085.0,Kartu Debit
2015,2025-05-11,Tagihan internet,Pulsa & Internet,Pengeluaran,95540.0,Lainnya
2016,2026-02-06,Listrik,Tempat Tinggal,Pengeluaran,897000.0,Transfer Bank
2017,2025-08-26,Transfer,Transfer Teman/Keluarga,Pemasukan,519865.0,Kartu Kredit
2018,2025-02-15,Bonus,Gaji,Pemasukan,7982728.0,Transfer Bank
2019,2025-10-26,Supermarket,Belanja Bulanan,Pengeluaran,125219.0,Kartu Debit
2020,2025-02-21,Supermarket,Belanja Bulanan,Pengeluaran,213076.0,Kartu Debit
2021,2026-01-05,Bonus,Gaji,Pemasukan,6519838.0,Transfer Bank
2022,2024-12-23,Gaji bulanan,Gaji,Pemasukan,4421908.0,Kartu Debit
2023,2025-12-24,Trf,Transfer Teman/Keluarga,Pengeluaran,88267.0,Transfer Bank
2024,2024-08-10,Gaji bulanan,Gaji,Pemasukan,6801672.0,Kartu Debit
2025,2025-01-07,Subscription,Pembayaran Langganan,Pengeluaran,98693.0,Kartu Debit
2026,2024-08-06,Netflix,Hiburan,Pengeluaran,39745.0,Tunai
2027,2024-06-04,Marketplce,Transportasi,Pengeluaran,37426.0,Transfer Bank
2028,2026-02-08,Patungan,Transfer Teman/Keluarga,Pengeluaran,19498.0,Tunai
2029,2025-08-27,Gaji bulanan,Gaji,Pemasukan,6074984.0,Kartu Debit
2030,2024-06-16,Patungan,Transfer Teman/Keluarga,Pengeluaran,296723.0,Kartu Kredit
2031,2025-04-03,Transfer,Transfer Teman/Keluarga,Pemasukan,124430.0,E-Wallet
2032,2025-01-03,Subscription,Pembayaran Langganan,Pengeluaran,120376.0,Transfer Bank
2033,2024-11-28,Shopee,Belanja Bulanan,Pengeluaran,125083.0,E-Wallet
2034,2026-01-03,Wifi rumah,Pulsa & Internet,Pengeluaran,79056.0,E-Wallet
2035,2024-09-01,Parkir,Transportasi,Pengeluaran,18301.0,Transfer Bank
2036,2024-07-16,Kirim uang,Transfer Teman/Keluarga,Pengeluaran,10000.0,Kartu Debit
2037,2025-04-06,Tol,Transportasi,Pengeluaran,43294.0,Kartu Debit
2038,2024-12-22,Shopee,Belanja Bulanan,Pengeluaran,78563.0,Kartu Debit
2039,2026-03-20,Pulsa,Pulsa & Internet,Pengeluaran,83136.0,E-Wallet
2040,2026-04-25,Liburan,Hiburan,Pengeluaran,126215.0,Kartu Kredit
2041,2024-08-25,KRL,Transportasi,Pengeluaran,32628.0,Kartu Debit
2042,2025-08-14,Membership,Pembayaran Langganan,Pengeluaran,68963.0,Kartu Debit
2043,2025-04-06,Bonus,Gaji,Pemasukan,6067194.0,E-Wallet
2044,2026-05-14,Parkir,Transportasi,Pengeluaran,31722.0,Tunai
2045,2025-11-27,KRL,Transportasi,Pengeluaran,6004.0,E-Wallet
2046,2025-05-23,Listrik,Tempat Tinggal,Pengeluaran,692836.0,Kartu Debit
2047,2024-12-20,Makan siang,Makanan & Minuman,Pengeluaran,68442.0,Transfer Bank
2048,2025-09-01,Pulsa & Internet,Pulsa & Internet,Pengeluaran,121426.0,Kartu Kredit
2049,2024-06-27,Bayar teman,Transfer Teman/Keluarga,Pengeluaran,140031.0,E-Wallet
2050,2025-04-24,Gaji bulanan,Gaji,Pemasukan,6238661.0,Kartu Kredit
2051,2025-03-09,Shopee,Belanja Bulanan,Pengeluaran,173230.0,Tunai
2052,2025-06-17,Tagihan internet,Pulsa & Internet,Pengeluaran,93205.0,Kartu Debit
2053,2024-11-22,Spotify,Hiburan,Pengeluaran,310431.0,E-Wallet
2054,2025-05-27,Subscription,Pembayaran Langganan,Pengeluaran,373782.0,E-Wallet
2055,2025-03-19,Patungan,Transfer Teman/Keluarga,Pemasukan,317591.0,Kartu Kredit
2056,2026-01-07,Tol,Transportasi,Pengeluaran,33142.0,Tunai
2057,2025-09-24,Peralatan rumah,Belanja Bulanan,Pengeluaran,201626.0,Kartu Debit
2058,2025-04-12,Marketplace,Pembayaran Langganan,Pengeluaran,35324.0,E-Wallet
2059,2024-06-28,Cloud storage,Pembayaran Langganan,Pengeluaran,111792.0,Kartu Debit
2060,2025-01-10,Membership,Pembayaran Langganan,Pengeluaran,214876.0,E-Wallet
2061,2025-02-08,GoFood,Makanan & Minuman,Pengeluaran,41866.0,Tunai
2062,2024-06-18,GoFood,Makanan & Minuman,Pengeluaran,64706.0,E-Wallet
2063,2024-08-22,Pulsa,Pulsa & Internet,Pengeluaran,102476.0,Kartu Debit
2064,2025-04-24,Mkn siang,Makanan & Minuman,Pengeluaran,25616.0,Tunai
2065,2026-01-17,Trf,Transfer Teman/Keluarga,Pemasukan,234364.0,Kartu Debit
2066,2024-12-19,Paket data,Pulsa & Internet,Pengeluaran,171970.0,Transfer Bank
2067,2025-09-03,Spotify,Hiburan,Pengeluaran,180092.0,E-Wallet
2068,2024-11-17,Transfer,Pulsa & Internet,Pengeluaran,117665.0,E-Wallet
2069,2025-05-27,Marketplce,Pembayaran Langganan,Pengeluaran,94943.0,Kartu Debit
2070,2025-01-08,Pulsa,Pulsa & Internet,Pengeluaran,73274.0,E-Wallet
2071,2024-09-15,Gym membership,Pembayaran Langganan,Pengeluaran,73123.0,Kartu Debit
2072,2025-04-21,Bensin,Transportasi,Pengeluaran,18289.0,Kartu Debit
2073,2024-11-17,Makan siang,Makanan & Minuman,Pengeluaran,60834.0,Kartu Kredit
2074,2024-10-11,KRL,Transportasi,Pengeluaran,53484.0,Transfer Bank
2075,2025-08-20,Bioskop,Hiburan,Pengeluaran,568428.0,Kartu Debit
2076,2025-04-26,Tagihan,Transfer Teman/Keluarga,Pengeluaran,347099.0,Kartu Kredit
2077,2026-02-02,Wifi rumah,Pulsa & Internet,Pengeluaran,34884.0,E-Wallet
2078,2025-08-11,Tagihan,Pulsa & Internet,Pengeluaran,417258.0,E-Wallet
2079,2025-11-17,Gojek,Transportasi,Pengeluaran,10000.0,E-Wallet
2080,2024-08-31,Wifi rumah,Pulsa & Internet,Pengeluaran,93094.0,E-Wallet
2081,2025-05-05,Listrik,Tempat Tinggal,Pengeluaran,675726.0,Kartu Debit
2082,2025-02-27,Tagihan,Transfer Teman/Keluarga,Pengeluaran,261336.0,Transfer Bank
2083,2024-12-21,Pulsa,Pulsa & Internet,Pengeluaran,276264.0,Kartu Kredit
2084,2024-10-24,Tagihan,Tempat Tinggal,Pengeluaran,693872.0,Transfer Bank
2085,2024-11-15,THR,Gaji,Pemasukan,7097584.0,Transfer Bank
5015,2024-06-12,Tagihan internet,Pulsa & Internet,Pengeluaran,143508.0,Tunai
2087,2025-04-09,Bensin,Transportasi,Pengeluaran,21021.0,Kartu Kredit
2088,2024-11-18,Tol,Transportasi,Pengeluaran,23333.0,E-Wallet
2089,2025-02-03,Kirim uang,Transfer Teman/Keluarga,Pengeluaran,112120.0,Kartu Kredit
2090,2026-02-17,Transfer,Pembayaran Langganan,Pengeluaran,234016.0,Kartu Kredit
2091,2025-08-10,Liburan,Hiburan,Pengeluaran,202023.0,Kartu Debit
2092,2025-04-25,Tokopedia,Belanja Bulanan,Pengeluaran,117928.0,E-Wallet
2093,2024-09-18,Iuran lingkungan,Tempat Tinggal,Pengeluaran,165214.0,E-Wallet
2094,2025-04-06,Listrik,Tempat Tinggal,Pengeluaran,711705.0,Tunai
2095,2025-10-05,Patungan,Transfer Teman/Keluarga,Pemasukan,211907.0,E-Wallet
2096,2025-10-01,GoFood,Makanan & Minuman,Pengeluaran,69496.0,E-Wallet
2097,2026-04-24,Bensin,Transportasi,Pengeluaran,11363.0,Transfer Bank
2098,2026-04-07,Tagihan internet,Pulsa & Internet,Pengeluaran,42257.0,Tunai
2099,2025-08-29,Subscription,Hiburan,Pengeluaran,161212.0,Kartu Debit
2100,2024-09-24,Gaji bulanan,Gaji,Pemasukan,7795850.0,Transfer Bank
2101,2025-03-23,Lazada,Belanja Bulanan,Pengeluaran,119481.0,Lainnya
2102,2024-09-16,Subscription,Pembayaran Langganan,Pengeluaran,203002.0,Kartu Kredit
2103,2026-04-20,Kirim uang,Transfer Teman/Keluarga,Pemasukan,187841.0,Tunai
2104,2025-05-20,MRT,Transportasi,Pengeluaran,20804.0,Tunai
2105,2024-07-09,Trf,Makanan & Minuman,Pengeluaran,69402.0,Kartu Debit
2106,2024-05-26,Patungan,Transfer Teman/Keluarga,Pemasukan,214087.0,E-Wallet
2107,2026-03-29,Pembayaran Langganan,Pembayaran Langganan,Pengeluaran,13236.0,Kartu Kredit
2108,2025-01-27,Pembayaran digital,Tempat Tinggal,Pengeluaran,931952.0,E-Wallet
2109,2026-04-18,Game online,Hiburan,Pengeluaran,192285.0,Transfer Bank
2110,2024-07-26,Game online,Hiburan,Pengeluaran,58785.0,Transfer Bank
2111,2025-02-20,Shopee,Belanja Bulanan,Pengeluaran,250800.0,E-Wallet
2112,2025-02-23,Service AC,Tempat Tinggal,Pengeluaran,2339752.0,E-Wallet
2113,2025-10-27,Wifi rumah,Pulsa & Internet,Pengeluaran,59683.0,Transfer Bank
2114,2024-07-31,Bonus,Gaji,Pemasukan,7129124.0,Kartu Kredit
2115,2025-01-24,Bayar kos,Tempat Tinggal,Pengeluaran,710113.0,Kartu Debit
2116,2025-10-21,Marketplace,Makanan & Minuman,Pengeluaran,37848.0,E-Wallet
2117,2026-04-21,Bioskop,Hiburan,Pengeluaran,295885.0,E-Wallet
2118,2026-03-26,Patungan,Transfer Teman/Keluarga,Pengeluaran,230361.0,Kartu Debit
2119,2025-06-03,Bensin,Transportasi,Pengeluaran,53830.0,Transfer Bank
2120,2025-10-11,Peralatan rumah,Belanja Bulanan,Pengeluaran,133858.0,Kartu Kredit
2121,2024-10-14,Gaji bulanan,Gaji,Pemasukan,6693706.0,E-Wallet
2122,2024-06-26,Spotify,Hiburan,Pengeluaran,32502.0,Kartu Debit
2123,2024-12-30,Listrik,Tempat Tinggal,Pengeluaran,852147.0,E-Wallet
2124,2025-02-25,Minimarket,Makanan & Minuman,Pengeluaran,33723.0,Kartu Debit
2125,2025-07-04,Beli pakaian,Belanja Bulanan,Pengeluaran,261909.0,E-Wallet
2126,2026-05-12,Gym membership,Pembayaran Langganan,Pengeluaran,197042.0,Kartu Debit
2127,2024-09-30,Bioskop,Hiburan,Pengeluaran,10000.0,Kartu Kredit
2128,2025-02-18,Grabb,Transportasi,Pengeluaran,20314.0,Kartu Kredit
2130,2025-07-08,Marketplace,Belanja Bulanan,Pengeluaran,122749.0,Kartu Debit
2131,2025-07-12,Tagihan internet,Pulsa & Internet,Pengeluaran,40238.0,Kartu Kredit
2132,2025-09-24,Paket data,Pulsa & Internet,Pengeluaran,102734.0,Tunai
2133,2025-08-08,Spotify,Hiburan,Pengeluaran,29070.0,Kartu Kredit
2134,2025-10-02,Spotify,Hiburan,Pengeluaran,99919.0,Transfer Bank
2135,2025-10-10,Transfer,Transfer Teman/Keluarga,Pemasukan,138224.0,Transfer Bank
2136,2026-03-14,Tagihan,Transfer Teman/Keluarga,Pengeluaran,234254.0,Tunai
2137,2024-06-21,Subscription,Pembayaran Langganan,Pengeluaran,156767.0,Tunai
2138,2024-08-08,Iuran lingkungan,Tempat Tinggal,Pengeluaran,1799678.0,E-Wallet
2139,2024-06-13,Bonus,Gaji,Pemasukan,4831366.0,E-Wallet
2140,2026-02-17,Belanja Bulanan,Belanja Bulanan,Pengeluaran,169992.0,Kartu Debit
2141,2024-09-12,Cloud storage,Pembayaran Langganan,Pengeluaran,57831.0,E-Wallet
2142,2025-09-18,Gaji bulanan,Gaji,Pemasukan,6815663.0,Transfer Bank
2143,2026-05-07,Gaji bulanan,Gaji,Pemasukan,6159395.0,Kartu Debit
2144,2024-11-10,Gaji bulanan,Gaji,Pemasukan,6944753.0,Tunai
2145,2025-04-23,Membership,Pembayaran Langganan,Pengeluaran,10000.0,E-Wallet
2146,2026-03-15,Service AC,Tempat Tinggal,Pengeluaran,658233.0,E-Wallet
2147,2024-11-27,Pulsa,Pulsa & Internet,Pengeluaran,75846.0,E-Wallet
2148,2025-02-18,Cloud storage,Pembayaran Langganan,Pengeluaran,91950.0,Kartu Kredit
2149,2025-07-20,Paket data,Pulsa & Internet,Pengeluaran,51407.0,Kartu Debit
2152,2024-08-28,Lazada,Belanja Bulanan,Pengeluaran,217438.0,Kartu Kredit
2153,2024-10-10,Cloud storage,Pembayaran Langganan,Pengeluaran,204721.0,Tunai
2155,2025-02-27,Gym membership,Pembayaran Langganan,Pengeluaran,32059.0,Transfer Bank
2156,2025-10-08,Pulsa,Pulsa & Internet,Pengeluaran,84645.0,Tunai
2157,2025-08-16,Subscription,Pembayaran Langganan,Pengeluaran,132136.0,Kartu Debit
2159,2025-08-07,Jajan,Makanan & Minuman,Pengeluaran,25337.0,Tunai
2160,2024-12-03,Air,Tempat Tinggal,Pengeluaran,992605.0,Tunai
2161,2026-05-03,Trf,Transfer Teman/Keluarga,Pemasukan,200285.0,E-Wallet
2162,2026-04-12,Tagihan internet,Pulsa & Internet,Pengeluaran,101177.0,Kartu Debit
2163,2026-03-15,Gym membership,Pembayaran Langganan,Pengeluaran,150998.0,Tunai
2164,2024-10-26,Bonus,Gaji,Pemasukan,6585766.0,Kartu Debit
2165,2024-10-16,Bonus,Gaji,Pemasukan,6244922.0,Kartu Debit
2166,2024-12-11,Cloud storage,Pembayaran Langganan,Pengeluaran,233306.0,Tunai
2167,2026-04-12,Transfer,Transfer Teman/Keluarga,Pengeluaran,225363.0,Kartu Debit
2168,2024-10-26,GoFood,Makanan & Minuman,Pengeluaran,73408.0,Kartu Debit
2169,2024-10-08,Bayar teman,Transfer Teman/Keluarga,Pemasukan,54573.0,Transfer Bank
2170,2026-05-14,Bayar kos,Tempat Tinggal,Pengeluaran,541864.0,Tunai
2171,2024-07-06,Cloud storage,Pembayaran Langganan,Pengeluaran,78930.0,E-Wallet
2172,2024-12-13,Spotify,Pembayaran Langganan,Pengeluaran,584216.0,E-Wallet
2173,2026-02-07,Cloud storage,Pembayaran Langganan,Pengeluaran,155468.0,Kartu Kredit
2174,2026-03-04,Marketplace,Transfer Teman/Keluarga,Pengeluaran,10000.0,E-Wallet
2175,2025-06-18,Transfer,Belanja Bulanan,Pemasukan,10000.0,Kartu Debit
2176,2024-12-03,Cafe,Makanan & Minuman,Pengeluaran,111965.0,Kartu Debit
2177,2025-03-16,Bayar kos,Tempat Tinggal,Pengeluaran,1359597.0,Transfer Bank
2178,2025-09-01,Gaji bulanan,Gaji,Pemasukan,6736186.0,E-Wallet
2179,2025-02-22,Bioskop,Hiburan,Pengeluaran,83552.0,Kartu Kredit
2180,2025-03-01,Marketplace,Belanja Bulanan,Pengeluaran,3042.0,Kartu Kredit
2181,2025-04-17,Gojek,Transportasi,Pengeluaran,18640.0,Transfer Bank
2182,2026-02-25,Konser,Hiburan,Pengeluaran,57141.0,E-Wallet
2183,2025-03-17,MRT,Transportasi,Pengeluaran,30377.0,Kartu Kredit
2184,2024-06-09,Bioskop,Hiburan,Pengeluaran,55807.0,Kartu Debit
2185,2025-04-18,GrabFood,Makanan & Minuman,Pengeluaran,53523.0,Transfer Bank
2186,2024-10-22,Game online,Hiburan,Pengeluaran,45234.0,Tunai
2187,2026-05-18,THR,Gaji,Pemasukan,7457528.0,Kartu Debit
2188,2024-09-03,Minimarket,Makanan & Minuman,Pengeluaran,47819.0,E-Wallet
2189,2025-07-06,Bioskop,Hiburan,Pengeluaran,101119.0,Kartu Debit
2191,2025-02-23,Game online,Hiburan,Pengeluaran,175323.0,Kartu Debit
2192,2025-01-26,Iuran lingkungan,Tempat Tinggal,Pengeluaran,853667.0,Transfer Bank
2193,2024-11-16,Service AC,Tempat Tinggal,Pengeluaran,573593.0,Kartu Kredit
2194,2024-09-22,Beli pakaian,Belanja Bulanan,Pengeluaran,72404.0,E-Wallet
2195,2025-01-01,KRL,Transportasi,Pengeluaran,23456.0,Kartu Debit
2196,2024-12-24,Air,Tempat Tinggal,Pengeluaran,910783.0,Kartu Debit
2197,2026-04-04,Ngopi,Makanan & Minuman,Pengeluaran,40595.0,Kartu Debit
2198,2025-10-17,Membership,Pembayaran Langganan,Pengeluaran,10000.0,Tunai
2199,2025-12-11,Kirim uang,Transfer Teman/Keluarga,Pengeluaran,172289.0,E-Wallet
2200,2024-09-08,Bensin,Transportasi,Pengeluaran,15044.0,Kartu Debit
2201,2026-03-24,Peralatan rumah,Belanja Bulanan,Pengeluaran,66372.0,Transfer Bank
2202,2026-05-01,Subscription,Pembayaran Langganan,Pengeluaran,75009.0,Tunai
2203,2025-01-05,Air,Tempat Tinggal,Pengeluaran,618251.0,Tunai
2204,2024-08-18,Iuran lingkungan,Tempat Tinggal,Pengeluaran,510007.0,E-Wallet
2205,2025-02-16,Patungan,Transfer Teman/Keluarga,Pengeluaran,434169.0,Kartu Debit
2206,2024-12-15,Minimarket,Belanja Bulanan,Pengeluaran,170789.0,Kartu Debit
2207,2026-01-13,Kirim uang,Transfer Teman/Keluarga,Pengeluaran,97655.0,E-Wallet
2208,2024-11-22,Patungan,Transfer Teman/Keluarga,Pemasukan,41365.0,Kartu Debit
2209,2024-10-08,Supermarket,Belanja Bulanan,Pengeluaran,127877.0,Kartu Debit
2210,2025-12-13,Transfer,Transfer Teman/Keluarga,Pengeluaran,41410.0,Kartu Debit
2211,2025-06-23,Trf,Transfer Teman/Keluarga,Pengeluaran,68001.0,E-Wallet
2212,2026-01-08,Gym membership,Pembayaran Langganan,Pengeluaran,181346.0,Tunai
2213,2024-09-09,Gaji bulanan,Gaji,Pemasukan,6073254.0,Lainnya
2214,2026-02-08,Transfer,Belanja Bulanan,Pengeluaran,463141.0,Tunai
2216,2025-10-30,Transfer,Belanja Bulanan,Pengeluaran,222440.0,Kartu Kredit
2217,2026-04-14,Tokopedia,Belanja Bulanan,Pengeluaran,50035.0,E-Wallet
2218,2025-08-04,Membership,Pembayaran Langganan,Pengeluaran,126062.0,E-Wallet
2219,2024-08-13,Game online,Hiburan,Pengeluaran,137132.0,Kartu Debit
2220,2025-10-17,Cafe,Makanan & Minuman,Pengeluaran,71772.0,Tunai
2221,2025-09-21,Cloud storage,Pembayaran Langganan,Pengeluaran,132567.0,Transfer Bank
2222,2024-08-09,Patungan,Transfer Teman/Keluarga,Pengeluaran,325879.0,E-Wallet
2223,2024-06-15,KRL,Transportasi,Pengeluaran,86767.0,Kartu Kredit
2224,2026-02-09,Bonus,Gaji,Pemasukan,26531423.0,E-Wallet
2225,2025-12-09,Bonus,Gaji,Pemasukan,5811416.0,E-Wallet
2226,2026-04-22,Bayar teman,Transfer Teman/Keluarga,Pemasukan,548896.0,Kartu Debit
2227,2025-08-16,Liburan,Hiburan,Pengeluaran,133764.0,E-Wallet
2228,2025-06-18,Jajan,Makanan & Minuman,Pengeluaran,52058.0,Kartu Kredit
2229,2026-02-21,Game online,Hiburan,Pengeluaran,19539.0,Kartu Debit
2231,2026-03-18,Subcription,Pembayaran Langganan,Pengeluaran,113223.0,Tunai
2232,2024-12-28,Spotify,Hiburan,Pengeluaran,98792.0,E-Wallet
2233,2024-07-24,Membership,Pembayaran Langganan,Pengeluaran,27333.0,E-Wallet
2234,2024-08-14,Supermarket,Belanja Bulanan,Pengeluaran,462355.0,Kartu Debit
2235,2025-06-27,Kirim uang,Transfer Teman/Keluarga,Pengeluaran,25786.0,Kartu Kredit
2236,2025-07-12,Trf,Transfer Teman/Keluarga,Pemasukan,142513.0,E-Wallet
2237,2024-12-19,Paket data,Pulsa & Internet,Pengeluaran,132383.0,Transfer Bank
2238,2026-01-05,KRL,Transportasi,Pengeluaran,17324.0,Kartu Debit
2239,2026-03-27,Restoran,Makanan & Minuman,Pengeluaran,91076.0,Kartu Kredit
2240,2025-05-11,Minimarket,Makanan & Minuman,Pengeluaran,62059.0,E-Wallet
2241,2026-05-13,Liburan,Hiburan,Pengeluaran,172237.0,E-Wallet
2242,2025-10-07,Pembayaran digital,Transportasi,Pengeluaran,22953.0,Tunai
2243,2024-11-19,Beli pakaian,Belanja Bulanan,Pengeluaran,134707.0,Tunai
2244,2025-10-20,Marketplace,Transfer Teman/Keluarga,Pengeluaran,343624.0,Transfer Bank
2245,2024-06-06,Tol,Transportasi,Pengeluaran,39111.0,Kartu Debit
2246,2024-10-08,Transfer,Transfer Teman/Keluarga,Pengeluaran,264141.0,E-Wallet
2247,2025-01-15,Wifi rumah,Pulsa & Internet,Pengeluaran,58545.0,E-Wallet
2248,2025-11-20,Wifi rumah,Pulsa & Internet,Pengeluaran,119944.0,Transfer Bank
2249,2025-05-01,KRL,Transportasi,Pengeluaran,42620.0,Kartu Debit
5016,2025-10-27,Transfer,Transfer Teman/Keluarga,Pengeluaran,100253.0,Kartu Kredit
2251,2025-06-23,Bonus,Gaji,Pemasukan,6915034.0,Kartu Debit
2252,2025-05-29,Bioskop,Hiburan,Pengeluaran,136976.0,Kartu Debit
2253,2026-05-08,Game online,Hiburan,Pengeluaran,43512.0,Kartu Debit
2254,2024-11-29,Transfer,Belanja Bulanan,Pengeluaran,217877.0,Kartu Debit
2255,2025-04-25,Tagihan,Belanja Bulanan,Pengeluaran,336903.0,Kartu Debit
2256,2024-11-01,Iuran lingkungan,Tempat Tinggal,Pengeluaran,611288.0,Transfer Bank
2257,2024-07-03,Liburan,Hiburan,Pengeluaran,134938.0,Kartu Debit
2258,2025-07-08,Liburan,Hiburan,Pengeluaran,453610.0,Transfer Bank
2259,2024-07-15,Wifi rumah,Pulsa & Internet,Pengeluaran,107773.0,Transfer Bank
2260,2025-10-27,Lazada,Belanja Bulanan,Pengeluaran,565854.0,Kartu Debit
2261,2025-06-07,Bayar teman,Transfer Teman/Keluarga,Pemasukan,208731.0,E-Wallet
2262,2025-04-24,Bioskop,Hiburan,Pengeluaran,208994.0,Tunai
2263,2025-10-01,Service AC,Tempat Tinggal,Pengeluaran,805968.0,Kartu Kredit
2264,2025-10-09,Tagihan,Makanan & Minuman,Pengeluaran,17321.0,Kartu Debit
2265,2024-08-05,Pembayaran digital,Transfer Teman/Keluarga,Pengeluaran,186275.0,Kartu Kredit
2266,2024-06-27,Tagihan,Hiburan,Pengeluaran,180553.0,Tunai
2267,2025-05-02,Paket data,Pulsa & Internet,Pengeluaran,32201.0,Tunai
2268,2025-06-26,Tol,Transportasi,Pengeluaran,98330.0,E-Wallet
2269,2025-03-22,Transfer,Transfer Teman/Keluarga,Pengeluaran,183650.0,E-Wallet
2270,2024-08-21,Kirim uang,Transfer Teman/Keluarga,Pengeluaran,444374.0,Kartu Kredit
2271,2025-12-02,Bensin,Transportasi,Pengeluaran,37651.0,E-Wallet
2272,2025-12-25,Hiburan,Hiburan,Pengeluaran,113089.0,E-Wallet
2273,2024-10-11,Gym membership,Pembayaran Langganan,Pengeluaran,171264.0,Transfer Bank
2274,2025-08-25,Gojek,Transportasi,Pengeluaran,40587.0,Transfer Bank
2275,2026-04-11,Liburan,Hiburan,Pengeluaran,190867.0,Tunai
2276,2025-09-07,THR,Gaji,Pemasukan,8356803.0,Kartu Kredit
2277,2024-08-21,Kirim uang,Transfer Teman/Keluarga,Pengeluaran,340521.0,E-Wallet
2278,2025-07-27,Listrik,Tempat Tinggal,Pengeluaran,568683.0,E-Wallet
2279,2024-10-21,Ngopi,Makanan & Minuman,Pengeluaran,28129.0,Transfer Bank
2280,2024-11-26,Trf,Transfer Teman/Keluarga,Pengeluaran,349384.0,E-Wallet
2281,2024-08-17,Bayar kos,Tempat Tinggal,Pengeluaran,2018097.0,E-Wallet
2282,2025-04-08,Iuran lingkungan,Tempat Tinggal,Pengeluaran,1034705.0,Kartu Debit
2283,2024-08-05,Transfer,Transportasi,Pengeluaran,58892.0,Kartu Kredit
2284,2025-03-01,Grab,Transportasi,Pengeluaran,56891.0,Kartu Debit
2285,2025-08-03,MRT,Transportasi,Pengeluaran,27684.0,Tunai
2286,2025-05-21,THR,Gaji,Pemasukan,6711403.0,Kartu Kredit
2287,2025-03-21,Patungan,Transfer Teman/Keluarga,Pemasukan,243949.0,Tunai
2288,2025-11-26,Marketplace,Pembayaran Langganan,Pengeluaran,110237.0,Transfer Bank
2289,2024-07-31,Tagihan internet,Pulsa & Internet,Pengeluaran,65152.0,Kartu Kredit
2290,2026-01-13,Iuran lingkungan,Tempat Tinggal,Pengeluaran,908260.0,Transfer Bank
2291,2026-02-08,Transfer,Belanja Bulanan,Pengeluaran,113660.0,E-Wallet
2292,2024-06-20,Parkir,Transportasi,Pengeluaran,10000.0,Kartu Debit
2293,2026-02-03,Tagihan internet,Pulsa & Internet,Pengeluaran,113996.0,Kartu Kredit
2294,2026-04-29,Tagihan,Pulsa & Internet,Pengeluaran,65246.0,E-Wallet
2295,2026-04-07,Cafe,Makanan & Minuman,Pengeluaran,71275.0,E-Wallet
2296,2024-08-21,Cafe,Makanan & Minuman,Pengeluaran,19304.0,E-Wallet
2297,2024-07-11,Bensin,Transportasi,Pengeluaran,17210.0,Transfer Bank
2298,2025-02-08,Tol,Transportasi,Pengeluaran,12958.0,E-Wallet
2299,2025-02-27,Air,Tempat Tinggal,Pengeluaran,908828.0,E-Wallet
2300,2025-04-10,Bayar teman,Transfer Teman/Keluarga,Pengeluaran,111328.0,E-Wallet
2302,2025-03-31,Netflix,Hiburan,Pengeluaran,43475.0,Tunai
2303,2024-09-27,KRL,Transportasi,Pengeluaran,10000.0,Transfer Bank
2304,2024-09-26,Game online,Hiburan,Pengeluaran,52680.0,Transfer Bank
2305,2025-08-27,Ngopi,Makanan & Minuman,Pengeluaran,49081.0,Transfer Bank
2306,2024-09-26,Makan siang,Makanan & Minuman,Pengeluaran,61814.0,Tunai
2307,2025-11-09,Bioskop,Hiburan,Pengeluaran,84619.0,Kartu Kredit
2308,2025-01-22,Supermarket,Belanja Bulanan,Pengeluaran,419196.0,E-Wallet
2309,2026-05-09,Lazada,Belanja Bulanan,Pengeluaran,104625.0,Transfer Bank
2310,2025-07-06,Kirim uang,Transfer Teman/Keluarga,Pengeluaran,919713.0,Tunai
2311,2024-08-17,Liburan,Hiburan,Pengeluaran,53663.0,Transfer Bank
2312,2024-11-16,Trf,Transfer Teman/Keluarga,Pengeluaran,113001.0,Kartu Debit
2313,2024-07-20,Gym membership,Pembayaran Langganan,Pengeluaran,295220.0,Kartu Debit
2314,2024-10-09,Gojek,Transportasi,Pengeluaran,22053.0,Kartu Kredit
2315,2026-05-07,Membership,Pembayaran Langganan,Pengeluaran,64918.0,Transfer Bank
2316,2025-07-25,Patungan,Transfer Teman/Keluarga,Pemasukan,11563.0,Kartu Debit
2317,2024-07-31,Iuran lingkungan,Tempat Tinggal,Pengeluaran,1072502.0,E-Wallet
2318,2025-12-14,Paket data,Pulsa & Internet,Pengeluaran,128447.0,Tunai
2319,2025-03-10,Pulsa,Pulsa & Internet,Pengeluaran,23107.0,Kartu Debit
2320,2025-12-13,Tol,Transportasi,Pengeluaran,47146.0,Kartu Debit
2321,2025-08-10,Patungan,Transfer Teman/Keluarga,Pemasukan,109156.0,Kartu Kredit
2322,2025-11-23,Hiburan,Hiburan,Pengeluaran,116942.0,E-Wallet
2323,2024-11-11,Minimarket,Makanan & Minuman,Pengeluaran,35024.0,E-Wallet
2324,2026-02-01,Ngopi,Makanan & Minuman,Pengeluaran,71659.0,E-Wallet
2325,2024-07-30,Tagihan,Pembayaran Langganan,Pengeluaran,55417.0,Kartu Kredit
2326,2025-04-16,Membership,Pembayaran Langganan,Pengeluaran,64653.0,Tunai
2327,2024-12-29,Transfer,Transfer Teman/Keluarga,Pengeluaran,178516.0,Tunai
2328,2025-10-24,Air,Tempat Tinggal,Pengeluaran,711934.0,Kartu Debit
2329,2025-12-08,Patungan,Transfer Teman/Keluarga,Pengeluaran,156380.0,E-Wallet
2330,2024-07-04,Netflix,Hiburan,Pengeluaran,512339.0,E-Wallet
2331,2025-05-19,Tol,Transportasi,Pengeluaran,52839.0,Tunai
2332,2026-05-16,Peralatan rumah,Belanja Bulanan,Pengeluaran,479198.0,Transfer Bank
2333,2025-03-26,MRT,Transportasi,Pengeluaran,10000.0,Kartu Debit
2334,2025-07-31,Paket data,Pulsa & Internet,Pengeluaran,79254.0,Kartu Debit
2335,2025-04-11,Iuran lingkungan,Tempat Tinggal,Pengeluaran,439654.0,E-Wallet
2336,2026-02-06,Restoran,Makanan & Minuman,Pengeluaran,73985.0,E-Wallet
2337,2024-11-03,Lazada,Belanja Bulanan,Pengeluaran,160149.0,Kartu Debit
2338,2024-12-12,THR,Gaji,Pemasukan,5359185.0,Kartu Debit
2339,2024-07-09,Tagihan,Pulsa & Internet,Pengeluaran,115754.0,Tunai
2340,2024-06-11,Patungan,Transfer Teman/Keluarga,Pemasukan,293680.0,Kartu Debit
2341,2024-11-29,Makan malam,Makanan & Minuman,Pengeluaran,42728.0,Transfer Bank
2342,2025-11-01,Bensin,Transportasi,Pengeluaran,14657.0,Kartu Debit
2343,2024-08-27,Peralatan rumah,Belanja Bulanan,Pengeluaran,167085.0,Tunai
2344,2026-03-29,Gym membership,Pembayaran Langganan,Pengeluaran,226021.0,E-Wallet
2345,2025-05-08,Bayar kos,Tempat Tinggal,Pengeluaran,526385.0,Tunai
2346,2024-08-30,Gaji bulanan,Gaji,Pemasukan,7388933.0,Transfer Bank
2347,2025-02-07,Makan malam,Makanan & Minuman,Pengeluaran,41073.0,Kartu Debit
2348,2026-01-11,Kirim uang,Transfer Teman/Keluarga,Pengeluaran,404917.0,Kartu Debit
2349,2025-02-02,Marketplace,Transfer Teman/Keluarga,Pengeluaran,460955.0,Tunai
2350,2025-04-18,Minimarket,Makanan & Minuman,Pengeluaran,13931.0,Kartu Kredit
2351,2025-09-22,Gym membership,Pembayaran Langganan,Pengeluaran,185587.0,E-Wallet
2352,2026-01-01,Kirim uang,Transfer Teman/Keluarga,Pemasukan,191912.0,Tunai
2353,2024-06-10,Listrik,Tempat Tinggal,Pengeluaran,575640.0,E-Wallet
2354,2025-04-03,Transfer,Transfer Teman/Keluarga,Pemasukan,272654.0,Tunai
2355,2024-12-18,Bayar teman,Transfer Teman/Keluarga,Pemasukan,153952.0,Kartu Kredit
2356,2025-01-20,Transfer,Transfer Teman/Keluarga,Pengeluaran,194008.0,Tunai
2357,2026-01-08,Kirim uang,Transfer Teman/Keluarga,Pemasukan,371006.0,Kartu Debit
2358,2025-02-13,Patungan,Transfer Teman/Keluarga,Pengeluaran,608787.0,Tunai
2359,2024-08-07,Makan malam,Makanan & Minuman,Pengeluaran,34652.0,Tunai
2360,2025-03-18,Bensin,Transportasi,Pengeluaran,10000.0,Kartu Kredit
2361,2024-09-06,Membership,Pembayaran Langganan,Pengeluaran,145265.0,Transfer Bank
2362,2025-04-27,Patungan,Transfer Teman/Keluarga,Pengeluaran,387980.0,Kartu Debit
2363,2025-02-21,Cloud storage,Pembayaran Langganan,Pengeluaran,181135.0,E-Wallet
2365,2024-07-14,Bioskop,Hiburan,Pengeluaran,79177.0,E-Wallet
2366,2025-09-07,Tagihan internet,Pulsa & Internet,Pengeluaran,52363.0,Kartu Debit
2367,2025-11-16,Spotify,Hiburan,Pengeluaran,158753.0,Tunai
2368,2025-06-08,Service AC,Tempat Tinggal,Pengeluaran,794600.0,Transfer Bank
2369,2025-09-16,Transfer,Transfer Teman/Keluarga,Pengeluaran,33852.0,E-Wallet
2370,2026-04-30,Tagihan internet,Pulsa & Internet,Pengeluaran,22106.0,E-Wallet
2371,2025-02-16,Subscription,Pembayaran Langganan,Pengeluaran,178707.0,E-Wallet
2372,2026-01-22,Tagihan internet,Pulsa & Internet,Pengeluaran,92596.0,E-Wallet
2373,2025-03-01,Bayar teman,Transfer Teman/Keluarga,Pengeluaran,431819.0,E-Wallet
2374,2026-02-19,Tol,Transportasi,Pengeluaran,102445.0,Transfer Bank
2375,2024-07-31,Liburan,Hiburan,Pengeluaran,68168.0,E-Wallet
2376,2025-08-02,Tagihan,Pulsa & Internet,Pengeluaran,36089.0,Kartu Debit
2377,2025-11-22,Service AC,Tempat Tinggal,Pengeluaran,731786.0,Kartu Debit
2378,2025-07-10,Liburan,Hiburan,Pengeluaran,161524.0,E-Wallet
2379,2025-08-16,Transfer,Belanja Bulanan,Pengeluaran,727463.0,Tunai
2380,2025-06-01,Cafe,Makanan & Minuman,Pengeluaran,44401.0,Transfer Bank
2381,2026-01-17,Wifi rumah,Pulsa & Internet,Pengeluaran,59760.0,Transfer Bank
2382,2024-06-28,THR,Gaji,Pemasukan,6154364.0,Tunai
2383,2025-12-07,Wifi rumah,Pulsa & Internet,Pengeluaran,172303.0,Tunai
2384,2026-01-15,Bayar teman,Transfer Teman/Keluarga,Pemasukan,396004.0,Kartu Debit
2385,2024-11-13,Konser,Hiburan,Pengeluaran,272289.0,Kartu Debit
2386,2024-11-23,Iuran lingkungan,Tempat Tinggal,Pengeluaran,1866703.0,Kartu Debit
2387,2025-05-17,THR,Gaji,Pemasukan,7157785.0,Kartu Debit
2388,2024-08-25,Bayar teman,Transfer Teman/Keluarga,Pemasukan,248000.0,Kartu Debit
2389,2025-04-17,Iuran lingkungan,Tempat Tinggal,Pengeluaran,764323.0,Kartu Kredit
2390,2026-04-12,Cafe,Makanan & Minuman,Pengeluaran,81471.0,E-Wallet
2391,2025-06-25,Shopee,Belanja Bulanan,Pengeluaran,103441.0,Kartu Debit
2392,2024-08-22,Shopee,Belanja Bulanan,Pengeluaran,65901.0,Kartu Kredit
2393,2025-03-18,Tagihan,Hiburan,Pengeluaran,225892.0,Tunai
2394,2025-07-31,Minimarket,Belanja Bulanan,Pengeluaran,190465.0,E-Wallet
2395,2024-08-22,Bayar teman,Transfer Teman/Keluarga,Pemasukan,148361.0,E-Wallet
2396,2024-10-08,Gym membership,Pembayaran Langganan,Pengeluaran,245923.0,Transfer Bank
2397,2024-06-02,Makan siang,Makanan & Minuman,Pengeluaran,32931.0,Transfer Bank
2398,2025-11-18,Grab,Transportasi,Pengeluaran,20356.0,E-Wallet
2399,2026-02-08,Tagihan,Gaji,Pemasukan,5430339.0,Kartu Debit
2400,2025-08-26,Gojek,Transportasi,Pengeluaran,34512.0,Kartu Kredit
2401,2026-05-05,Membership,Pembayaran Langganan,Pengeluaran,196077.0,E-Wallet
2402,2024-11-24,Parkir,Transportasi,Pengeluaran,10523.0,E-Wallet
2403,2025-09-18,Transfer,Transfer Teman/Keluarga,Pengeluaran,509132.0,Kartu Debit
2404,2024-11-03,Parkir,Transportasi,Pengeluaran,46208.0,E-Wallet
2405,2026-02-20,Marketplace,Makanan & Minuman,Pengeluaran,31667.0,Tunai
2406,2025-06-22,Makan siang,Makanan & Minuman,Pengeluaran,64752.0,E-Wallet
2407,2025-12-21,Transfer,Transfer Teman/Keluarga,Pemasukan,144118.0,Kartu Debit
2408,2025-10-21,Supermarket,Belanja Bulanan,Pengeluaran,150821.0,Transfer Bank
2409,2024-09-07,Supermarket,Belanja Bulanan,Pengeluaran,118143.0,Kartu Debit
2410,2025-12-05,Supermarket,Belanja Bulanan,Pengeluaran,142138.0,Kartu Debit
2411,2025-08-03,Bonus,Gaji,Pemasukan,7585859.0,Tunai
2412,2026-03-07,Shopee,Belanja Bulanan,Pengeluaran,144849.0,Kartu Debit
2413,2026-04-11,Service AC,Tempat Tinggal,Pengeluaran,987031.0,E-Wallet
2414,2026-05-03,Trf,Transfer Teman/Keluarga,Pengeluaran,335857.0,Kartu Debit
2415,2026-03-24,Tokopedia,Belanja Bulanan,Pengeluaran,105843.0,E-Wallet
2416,2025-04-25,Tagihan,Gaji,Pemasukan,6327116.0,Kartu Kredit
2417,2025-03-18,MRT,Transportasi,Pengeluaran,10029.0,Tunai
2418,2025-01-12,Gym membership,Pembayaran Langganan,Pengeluaran,20947.0,E-Wallet
2419,2025-01-03,Game online,Hiburan,Pengeluaran,42471.0,Kartu Kredit
2420,2025-08-04,Parkir,Transportasi,Pengeluaran,10000.0,E-Wallet
2421,2024-07-06,Game online,Hiburan,Pengeluaran,268484.0,Tunai
2422,2024-06-18,Liburan,Hiburan,Pengeluaran,72562.0,Transfer Bank
2423,2025-04-13,Bayar kos,Tempat Tinggal,Pengeluaran,701144.0,Kartu Debit
2424,2026-03-02,Bonus,Gaji,Pemasukan,5192245.0,Kartu Debit
2425,2025-07-07,Gym membership,Pembayaran Langganan,Pengeluaran,62997.0,Kartu Debit
2426,2024-08-21,Kirim uang,Transfer Teman/Keluarga,Pengeluaran,241027.0,Tunai
2427,2026-03-13,Tagihan,Pulsa & Internet,Pengeluaran,32724.0,Kartu Debit
2428,2024-10-08,Transfer,Belanja Bulanan,Pemasukan,476879.0,Kartu Debit
2429,2026-04-08,Listrik,Tempat Tinggal,Pengeluaran,567109.0,Tunai
2430,2024-10-22,Cloud storage,Pembayaran Langganan,Pengeluaran,100399.0,E-Wallet
2431,2026-01-26,Konser,Hiburan,Pengeluaran,77641.0,Kartu Kredit
2432,2025-06-19,Spotify,Hiburan,Pengeluaran,3047573.0,Kartu Debit
2433,2026-05-20,Cloud storage,Pembayaran Langganan,Pengeluaran,137896.0,E-Wallet
2434,2025-06-30,Bonus,Gaji,Pemasukan,6272567.0,Kartu Kredit
2435,2025-10-12,Cafe,Makanan & Minuman,Pengeluaran,39976.0,Tunai
2436,2026-01-04,Peralatan rumah,Belanja Bulanan,Pengeluaran,79486.0,Kartu Kredit
2437,2025-08-12,Game online,Hiburan,Pengeluaran,107465.0,Kartu Kredit
2438,2025-09-01,Bioskop,Hiburan,Pengeluaran,353136.0,E-Wallet
2439,2024-06-22,Gym membership,Pembayaran Langganan,Pengeluaran,145877.0,Kartu Debit
2440,2025-10-13,Supermarket,Belanja Bulanan,Pengeluaran,49569.0,E-Wallet
2441,2026-01-04,Transfer,Pembayaran Langganan,Pengeluaran,64700.0,Kartu Kredit
2443,2024-10-13,Paket data,Pulsa & Internet,Pengeluaran,111915.0,Transfer Bank
2444,2024-07-12,Spotify,Hiburan,Pengeluaran,146932.0,Tunai
2445,2026-04-02,Membership,Pembayaran Langganan,Pengeluaran,53511.0,Tunai
2446,2026-05-04,Tagihan internet,Pulsa & Internet,Pengeluaran,152216.0,E-Wallet
2447,2025-10-28,MRT,Transportasi,Pengeluaran,10000.0,Tunai
2448,2025-07-10,Supermarket,Belanja Bulanan,Pengeluaran,379334.0,Kartu Kredit
2449,2026-04-02,Cloud storage,Pembayaran Langganan,Pengeluaran,128659.0,Kartu Debit
2450,2025-05-03,Bayar kos,Tempat Tinggal,Pengeluaran,757845.0,Kartu Kredit
2451,2025-01-16,Cloud storage,Pembayaran Langganan,Pengeluaran,168422.0,Kartu Debit
2452,2025-03-17,MRT,Transportasi,Pengeluaran,25381.0,E-Wallet
2453,2025-04-26,Bensin,Transportasi,Pengeluaran,12458.0,E-Wallet
2454,2026-02-19,Subscription,Pembayaran Langganan,Pengeluaran,212426.0,Tunai
2455,2025-10-14,Wifi rumah,Pulsa & Internet,Pengeluaran,309399.0,E-Wallet
2456,2024-09-22,Patungan,Transfer Teman/Keluarga,Pengeluaran,107356.0,Tunai
2457,2025-10-30,Listrik,Tempat Tinggal,Pengeluaran,1132577.0,Kartu Debit
2458,2024-09-12,Subscription,Pembayaran Langganan,Pengeluaran,102198.0,Kartu Kredit
2459,2025-07-20,Shopee,Belanja Bulanan,Pengeluaran,42732.0,Tunai
2460,2024-08-13,Wifi rumah,Pulsa & Internet,Pengeluaran,36822.0,Transfer Bank
2461,2026-02-09,Membership,Pembayaran Langganan,Pengeluaran,70926.0,Transfer Bank
2462,2025-06-06,Membership,Pembayaran Langganan,Pengeluaran,143843.0,Kartu Debit
2463,2025-08-10,Paket data,Pulsa & Internet,Pengeluaran,133921.0,Tunai
2464,2025-07-21,Service AC,Tempat Tinggal,Pengeluaran,822965.0,E-Wallet
2465,2025-11-27,Spotify,Pembayaran Langganan,Pengeluaran,215016.0,E-Wallet
2466,2024-12-06,Bayar teman,Transfer Teman/Keluarga,Pengeluaran,221004.0,Transfer Bank
2467,2026-02-02,Cloud storage,Pembayaran Langganan,Pengeluaran,208295.0,Kartu Kredit
2468,2024-10-31,Membership,Pembayaran Langganan,Pengeluaran,237100.0,Kartu Debit
2469,2024-06-29,Gym membership,Pembayaran Langganan,Pengeluaran,197331.0,Transfer Bank
2470,2025-01-12,Beli pakaian,Belanja Bulanan,Pengeluaran,475205.0,E-Wallet
2471,2026-04-26,Subscription,Pembayaran Langganan,Pengeluaran,131409.0,Transfer Bank
2472,2024-07-25,Iuran lingkungan,Tempat Tinggal,Pengeluaran,697876.0,Kartu Debit
2473,2025-11-25,Mkn malam,Makanan & Minuman,Pengeluaran,33201.0,Tunai
2474,2024-07-13,GrabFood,Makanan & Minuman,Pengeluaran,21496.0,Kartu Debit
2475,2024-05-31,Paket data,Pulsa & Internet,Pengeluaran,123331.0,Kartu Kredit
2476,2024-10-16,Iuran lingkungan,Tempat Tinggal,Pengeluaran,1207788.0,E-Wallet
2477,2025-06-21,Lazada,Belanja Bulanan,Pengeluaran,142911.0,Kartu Debit
2478,2025-09-03,Tokopedia,Belanja Bulanan,Pengeluaran,339385.0,Kartu Kredit
2479,2026-01-12,Supermarket,Belanja Bulanan,Pengeluaran,119236.0,Kartu Debit
2480,2024-11-23,Pulsa,Pulsa & Internet,Pengeluaran,29384.0,Kartu Kredit
2481,2024-06-27,Ngopi,Makanan & Minuman,Pengeluaran,84818.0,E-Wallet
2482,2024-06-24,THR,Gaji,Pemasukan,6452276.0,Transfer Bank
2483,2024-08-01,Minimarket,Belanja Bulanan,Pengeluaran,69505.0,Kartu Kredit
2484,2026-02-19,Air,Tempat Tinggal,Pengeluaran,414748.0,Transfer Bank
2485,2024-07-09,Game online,Hiburan,Pengeluaran,113817.0,E-Wallet
2486,2024-06-07,Tagihan internet,Pulsa & Internet,Pengeluaran,50952.0,Transfer Bank
2487,2025-05-15,Tagihan,Transfer Teman/Keluarga,Pemasukan,579496.0,Kartu Kredit
2488,2025-08-16,Kirim uang,Transfer Teman/Keluarga,Pemasukan,413430.0,Kartu Kredit
2489,2024-08-27,Cafe,Makanan & Minuman,Pengeluaran,97308.0,Tunai
2490,2025-11-21,Bioskop,Hiburan,Pengeluaran,23346.0,Kartu Debit
2491,2024-09-23,Trf,Transfer Teman/Keluarga,Pemasukan,93255.0,Kartu Debit
2492,2025-10-23,Makan siang,Makanan & Minuman,Pengeluaran,57470.0,E-Wallet
2493,2024-10-06,Cloud storage,Pembayaran Langganan,Pengeluaran,207326.0,Kartu Kredit
2494,2024-12-10,Iuran lingkungan,Tempat Tinggal,Pengeluaran,751654.0,Tunai
2495,2026-04-18,Kirim uang,Transfer Teman/Keluarga,Pemasukan,135637.0,Kartu Debit
2496,2025-03-13,Bayar teman,Transfer Teman/Keluarga,Pengeluaran,1064300.0,Tunai
2497,2026-05-22,THR,Gaji,Pemasukan,30771840.0,Transfer Bank
2498,2025-10-11,Ngopi,Makanan & Minuman,Pengeluaran,36732.0,E-Wallet
2499,2025-02-23,Supermarket,Belanja Bulanan,Pengeluaran,159414.0,Kartu Debit
2500,2025-12-23,Makan siang,Makanan & Minuman,Pengeluaran,30433.0,Kartu Debit
2501,2025-10-12,Tol,Transportasi,Pengeluaran,78503.0,Transfer Bank
2502,2026-03-23,Bayar kos,Tempat Tinggal,Pengeluaran,1438893.0,Tunai
2503,2026-02-17,Trf,Transportasi,Pengeluaran,52441.0,Transfer Bank
2504,2024-10-08,Transfer,Pulsa & Internet,Pengeluaran,49228.0,Transfer Bank
2505,2024-08-21,Wifi rumah,Pulsa & Internet,Pengeluaran,161446.0,Transfer Bank
2506,2024-07-24,Bonus,Gaji,Pemasukan,7166526.0,Transfer Bank
2508,2024-07-17,Tagihan internet,Pulsa & Internet,Pengeluaran,71200.0,Kartu Debit
2509,2025-03-08,KRL,Transportasi,Pengeluaran,11035.0,E-Wallet
2510,2025-11-10,Paket data,Pulsa & Internet,Pengeluaran,152603.0,Transfer Bank
2511,2026-04-06,Subscription,Pembayaran Langganan,Pengeluaran,197075.0,Kartu Debit
2512,2024-08-11,Marketplace,Gaji,Pemasukan,6626188.0,E-Wallet
2513,2024-11-06,Makan malam,Makanan & Minuman,Pengeluaran,95714.0,Kartu Kredit
2514,2025-06-05,Cloud storage,Pembayaran Langganan,Pengeluaran,148608.0,Tunai
2515,2024-12-22,Parkir,Transportasi,Pengeluaran,15356.0,Kartu Debit
2516,2025-12-26,THR,Gaji,Pemasukan,6512899.0,Kartu Debit
2517,2025-01-13,Bayar teman,Transfer Teman/Keluarga,Pengeluaran,271495.0,Kartu Debit
2518,2025-09-20,Paket data,Pulsa & Internet,Pengeluaran,118925.0,Tunai
2519,2025-04-08,Patungan,Transfer Teman/Keluarga,Pengeluaran,144563.0,Transfer Bank
2520,2025-06-30,Membership,Pembayaran Langganan,Pengeluaran,151241.0,E-Wallet
2521,2025-04-24,Membership,Pembayaran Langganan,Pengeluaran,55228.0,Kartu Debit
2522,2024-10-12,Gym membership,Pembayaran Langganan,Pengeluaran,191465.0,Kartu Kredit
2523,2025-08-09,Tokopedia,Belanja Bulanan,Pengeluaran,134791.0,Kartu Debit
5017,2024-08-14,Lazada,Belanja Bulanan,Pengeluaran,132360.0,Kartu Debit
2525,2026-03-24,Liburan,Hiburan,Pengeluaran,100979.0,E-Wallet
2526,2024-06-13,Patungan,Transfer Teman/Keluarga,Pengeluaran,465146.0,Kartu Kredit
2527,2024-12-06,GrabbFood,Makanan & Minuman,Pengeluaran,55695.0,Tunai
2528,2025-12-15,Bayar teman,Transfer Teman/Keluarga,Pemasukan,407259.0,Kartu Kredit
2529,2025-04-06,Wifi rumah,Pulsa & Internet,Pengeluaran,96757.0,E-Wallet
2530,2025-07-03,Air,Tempat Tinggal,Pengeluaran,587471.0,E-Wallet
2531,2025-10-19,Bioskop,Hiburan,Pengeluaran,17240.0,Kartu Debit
2532,2025-01-30,Iuran lingkungan,Tempat Tinggal,Pengeluaran,588790.0,Kartu Debit
2533,2025-11-11,Gym membership,Pembayaran Langganan,Pengeluaran,227035.0,Tunai
2534,2026-04-17,Service AC,Tempat Tinggal,Pengeluaran,1003736.0,Kartu Debit
2535,2025-09-10,Kirim uang,Transfer Teman/Keluarga,Pemasukan,326452.0,E-Wallet
2536,2025-07-03,THR,Gaji,Pemasukan,8848324.0,Transfer Bank
2537,2024-06-15,Patungan,Transfer Teman/Keluarga,Pemasukan,95811.0,Kartu Debit
2538,2025-01-27,Gym membership,Pembayaran Langganan,Pengeluaran,25920.0,Kartu Debit
2540,2024-11-18,Game online,Hiburan,Pengeluaran,37779.0,Kartu Debit
2541,2025-04-16,GrabFood,Belanja Bulanan,Pengeluaran,60364.0,Kartu Debit
2542,2026-04-30,Bioskop,Hiburan,Pengeluaran,82028.0,Kartu Kredit
2543,2025-03-06,Paket data,Pulsa & Internet,Pengeluaran,141386.0,Transfer Bank
2544,2024-10-05,Tagihan internet,Pulsa & Internet,Pengeluaran,182568.0,E-Wallet
2545,2025-12-06,GoFood,Makanan & Minuman,Pengeluaran,61222.0,Kartu Debit
2546,2024-07-16,Transfer,Transfer Teman/Keluarga,Pemasukan,294584.0,Kartu Kredit
2547,2025-04-30,Patungan,Transfer Teman/Keluarga,Pengeluaran,500088.0,Kartu Kredit
2548,2025-10-30,Parkir,Transportasi,Pengeluaran,72520.0,Kartu Debit
2549,2025-05-19,Spotify,Hiburan,Pengeluaran,35105.0,Kartu Debit
2550,2025-05-20,Iuran lingkungan,Tempat Tinggal,Pengeluaran,1032327.0,Transfer Bank
2551,2024-07-12,Cloud storage,Pembayaran Langganan,Pengeluaran,41957.0,Transfer Bank
2552,2026-03-01,Transfer,Transfer Teman/Keluarga,Pemasukan,212545.0,Transfer Bank
2553,2024-12-24,Pembayaran digital,Gaji,Pemasukan,6205240.0,Tunai
2554,2024-10-31,Tokopedia,Belanja Bulanan,Pengeluaran,163622.0,E-Wallet
2555,2025-05-16,MRT,Transportasi,Pengeluaran,8435.0,Kartu Debit
2556,2025-06-09,Bonus,Gaji,Pemasukan,7281145.0,E-Wallet
2557,2025-01-18,Gym membership,Pembayaran Langganan,Pengeluaran,52071.0,Tunai
2558,2024-10-21,Shopee,Belanja Bulanan,Pengeluaran,253984.0,E-Wallet
2559,2024-10-17,Pembayaran digital,Makanan & Minuman,Pengeluaran,47640.0,E-Wallet
2560,2025-01-02,Peralatan rumah,Belanja Bulanan,Pengeluaran,141341.0,Kartu Debit
2561,2026-05-13,Cloud storage,Pembayaran Langganan,Pengeluaran,235468.0,Kartu Kredit
2562,2025-01-07,Transfer,Pembayaran Langganan,Pengeluaran,68161.0,E-Wallet
2563,2024-11-18,GrabFood,Makanan & Minuman,Pengeluaran,47469.0,Kartu Debit
2564,2026-01-03,Minimarket,Belanja Bulanan,Pengeluaran,202973.0,Kartu Debit
2565,2024-06-14,Bioskop,Hiburan,Pengeluaran,36184.0,Kartu Kredit
2566,2025-09-15,Tagihan internet,Pulsa & Internet,Pengeluaran,21418.0,Tunai
2567,2024-06-10,KRL,Transportasi,Pengeluaran,10000.0,Kartu Kredit
2568,2025-08-21,Gym membership,Pembayaran Langganan,Pengeluaran,86777.0,E-Wallet
2569,2026-05-09,Gaji bulanan,Gaji,Pemasukan,5923412.0,Tunai
2570,2026-05-11,Tagihan internet,Pulsa & Internet,Pengeluaran,65445.0,E-Wallet
2572,2025-10-06,Peralatan rumah,Belanja Bulanan,Pengeluaran,127710.0,E-Wallet
2574,2026-01-18,Patungan,Transfer Teman/Keluarga,Pengeluaran,237861.0,Kartu Debit
2575,2024-06-01,Pulsa,Pulsa & Internet,Pengeluaran,95173.0,E-Wallet
2576,2025-11-15,Makan siang,Makanan & Minuman,Pengeluaran,50238.0,E-Wallet
2577,2025-06-19,Marketplace,Transfer Teman/Keluarga,Pemasukan,203866.0,Kartu Kredit
2578,2025-04-17,Tagihan,Pembayaran Langganan,Pengeluaran,164445.0,E-Wallet
2579,2025-11-08,Makan malam,Makanan & Minuman,Pengeluaran,52541.0,Kartu Debit
2580,2026-01-16,Pulsa,Pulsa & Internet,Pengeluaran,167733.0,Kartu Kredit
2581,2026-05-11,Cafe,Makanan & Minuman,Pengeluaran,50613.0,E-Wallet
2582,2025-10-17,Bayar teman,Transfer Teman/Keluarga,Pengeluaran,396139.0,Kartu Debit
2583,2024-05-26,Tagihan,Gaji,Pemasukan,5500355.0,E-Wallet
2584,2025-01-29,Patungan,Transfer Teman/Keluarga,Pengeluaran,273201.0,Kartu Kredit
2585,2025-11-26,MRT,Transportasi,Pengeluaran,32432.0,Kartu Debit
2586,2025-01-13,Marketplace,Pulsa & Internet,Pengeluaran,116362.0,Kartu Debit
2587,2026-01-30,Trf,Transfer Teman/Keluarga,Pengeluaran,349994.0,Kartu Debit
2588,2024-06-18,Membership,Pembayaran Langganan,Pengeluaran,153061.0,Kartu Debit
2589,2026-01-17,Marketplce,Hiburan,Pengeluaran,59074.0,Kartu Debit
2590,2025-01-15,Bonus,Gaji,Pemasukan,28241215.0,Tunai
2591,2024-10-29,Lazada,Belanja Bulanan,Pengeluaran,366291.0,Kartu Kredit
2592,2025-05-24,Subscription,Pembayaran Langganan,Pengeluaran,82003.0,Kartu Kredit
2593,2026-04-10,Patungan,Transfer Teman/Keluarga,Pengeluaran,235485.0,Tunai
2594,2025-12-17,Lazada,Belanja Bulanan,Pengeluaran,87356.0,Kartu Debit
2595,2025-12-18,Shopee,Belanja Bulanan,Pengeluaran,203803.0,Transfer Bank
2596,2026-02-23,THR,Gaji,Pemasukan,5923830.0,Kartu Debit
2597,2024-09-27,Peralatan rumah,Belanja Bulanan,Pengeluaran,92704.0,Tunai
2598,2024-08-12,Cloud storage,Pembayaran Langganan,Pengeluaran,176808.0,Kartu Debit
2599,2024-06-19,GoFood,Makanan & Minuman,Pengeluaran,51100.0,E-Wallet
2600,2026-02-19,Tagihan internet,Pulsa & Internet,Pengeluaran,53437.0,Kartu Debit
2601,2025-03-27,Iuran lingkungan,Tempat Tinggal,Pengeluaran,760502.0,Kartu Kredit
2602,2025-06-23,Tagihan internet,Pulsa & Internet,Pengeluaran,72538.0,Tunai
2603,2024-09-17,THR,Gaji,Pemasukan,7430700.0,Kartu Debit
2604,2026-05-12,Pulsa,Pulsa & Internet,Pengeluaran,56463.0,Kartu Kredit
2605,2025-06-19,Kirim uang,Transfer Teman/Keluarga,Pengeluaran,867333.0,Tunai
2606,2025-08-05,Subscription,Pembayaran Langganan,Pengeluaran,191838.0,Kartu Debit
2607,2024-08-19,Transfer,Makanan & Minuman,Pengeluaran,35656.0,Tunai
5018,2025-10-26,Bensin,Transportasi,Pengeluaran,23719.0,Kartu Debit
2609,2025-01-12,Marketplace,Tempat Tinggal,Pengeluaran,581334.0,Transfer Bank
2610,2025-01-04,Konser,Hiburan,Pengeluaran,80749.0,E-Wallet
2611,2025-02-19,Cafe,Makanan & Minuman,Pengeluaran,73009.0,Tunai
2612,2024-12-29,Game online,Hiburan,Pengeluaran,214057.0,Kartu Debit
2613,2025-06-02,Gojek,Transportasi,Pengeluaran,19406.0,Kartu Kredit
2614,2025-06-26,Transfer,Transfer Teman/Keluarga,Pengeluaran,10000.0,Tunai
2615,2026-04-19,Bonus,Gaji,Pemasukan,7218493.0,Tunai
2616,2025-05-01,Gojek,Transportasi,Pengeluaran,9454.0,Kartu Debit
2617,2026-03-23,Transfer,Transfer Teman/Keluarga,Pengeluaran,355379.0,Kartu Debit
2618,2025-02-19,Kirim uang,Transfer Teman/Keluarga,Pengeluaran,156761.0,Kartu Kredit
2619,2024-10-06,THR,Gaji,Pemasukan,23734206.0,Tunai
2620,2025-09-08,Cloud storage,Pembayaran Langganan,Pengeluaran,166201.0,Tunai
2621,2026-03-24,Minimarket,Belanja Bulanan,Pengeluaran,175812.0,Transfer Bank
2622,2024-09-28,Service AC,Tempat Tinggal,Pengeluaran,907513.0,E-Wallet
2623,2024-06-30,Wifi rumah,Pulsa & Internet,Pengeluaran,104938.0,Tunai
2624,2024-06-15,Pembayaran digital,Gaji,Pemasukan,6116234.0,E-Wallet
2625,2025-11-01,Kirim uang,Transfer Teman/Keluarga,Pengeluaran,209613.0,Tunai
2626,2024-12-12,Bensin,Transportasi,Pengeluaran,27361.0,Kartu Kredit
2627,2025-06-13,Cafe,Makanan & Minuman,Pengeluaran,36129.0,Transfer Bank
2628,2026-02-12,Iuran lingkungan,Tempat Tinggal,Pengeluaran,1240063.0,E-Wallet
2629,2026-05-18,Marketplace,Pembayaran Langganan,Pengeluaran,10000.0,Transfer Bank
2631,2025-05-06,Transfer,Belanja Bulanan,Pengeluaran,116324.0,Kartu Kredit
2632,2025-12-23,Bayar teman,Transfer Teman/Keluarga,Pengeluaran,246634.0,E-Wallet
2633,2026-03-07,Supermarket,Belanja Bulanan,Pengeluaran,158106.0,E-Wallet
2634,2025-06-18,Lazada,Belanja Bulanan,Pengeluaran,52728.0,Kartu Debit
2635,2026-03-27,Makan malam,Makanan & Minuman,Pengeluaran,44042.0,Transfer Bank
2636,2026-02-06,Spotify,Hiburan,Pengeluaran,171036.0,Tunai
2637,2025-12-01,Gaji bulanan,Gaji,Pemasukan,5077855.0,Kartu Debit
2638,2025-11-09,Bonus,Gaji,Pemasukan,7065966.0,E-Wallet
2639,2025-09-02,Tol,Transportasi,Pengeluaran,54536.0,E-Wallet
2640,2025-10-22,Transfer,Belanja Bulanan,Pengeluaran,315673.0,Kartu Debit
2641,2024-12-31,Listrik,Tempat Tinggal,Pengeluaran,931386.0,Kartu Kredit
2642,2025-02-09,GrabbFood,Makanan & Minuman,Pengeluaran,45722.0,Kartu Kredit
2643,2025-01-15,Service AC,Tempat Tinggal,Pengeluaran,1163123.0,Tunai
2645,2025-07-25,Tokopedia,Belanja Bulanan,Pengeluaran,190810.0,Kartu Debit
2646,2026-03-09,Cloud storage,Pembayaran Langganan,Pengeluaran,568097.0,Kartu Debit
2647,2024-07-21,Peralatan rumah,Belanja Bulanan,Pengeluaran,184702.0,E-Wallet
2648,2025-07-04,Bayar teman,Transfer Teman/Keluarga,Pengeluaran,145407.0,Transfer Bank
2649,2024-11-18,Konser,Hiburan,Pengeluaran,152558.0,Kartu Debit
2650,2025-01-16,Minimarket,Belanja Bulanan,Pengeluaran,268832.0,Transfer Bank
2651,2026-05-16,Parkir,Transportasi,Pengeluaran,19571.0,E-Wallet
2652,2024-12-13,Bonus,Gaji,Pemasukan,6868637.0,Kartu Debit
2653,2024-11-18,Tagihan internet,Pulsa & Internet,Pengeluaran,39106.0,Tunai
2654,2025-10-31,Subscription,Pembayaran Langganan,Pengeluaran,43707.0,Lainnya
2655,2024-08-09,THR,Gaji,Pemasukan,5577532.0,E-Wallet
2656,2025-02-07,Kirim uang,Transfer Teman/Keluarga,Pemasukan,271448.0,Kartu Kredit
2657,2024-07-20,Game online,Hiburan,Pengeluaran,29489.0,Kartu Kredit
2658,2025-11-23,Listrik,Tempat Tinggal,Pengeluaran,1234015.0,Kartu Kredit
2659,2025-07-12,Membership,Pembayaran Langganan,Pengeluaran,117021.0,Tunai
2660,2024-11-18,Listrik,Tempat Tinggal,Pengeluaran,660842.0,Kartu Debit
2661,2026-01-21,Marketplace,Belanja Bulanan,Pengeluaran,107653.0,Kartu Debit
2662,2024-11-19,Liburan,Hiburan,Pengeluaran,54754.0,E-Wallet
2663,2025-03-05,Transfer,Belanja Bulanan,Pengeluaran,290825.0,E-Wallet
2664,2024-09-01,Transfer,Tempat Tinggal,Pengeluaran,989680.0,E-Wallet
2665,2025-10-14,Spotify,Hiburan,Pengeluaran,88474.0,Kartu Debit
2666,2024-09-16,Pulsa,Pulsa & Internet,Pengeluaran,73408.0,Kartu Debit
2667,2025-09-17,Bioskop,Hiburan,Pengeluaran,22624.0,Lainnya
2668,2026-03-29,Bayar teman,Transfer Teman/Keluarga,Pemasukan,586819.0,E-Wallet
2669,2025-12-25,Listrik,Tempat Tinggal,Pengeluaran,1066322.0,E-Wallet
2670,2025-04-11,Marketplace,Makanan & Minuman,Pengeluaran,47384.0,Kartu Kredit
2671,2024-08-09,Gym membership,Pembayaran Langganan,Pengeluaran,17038.0,Kartu Debit
2672,2025-12-27,Pulsa & Internet,Pulsa & Internet,Pengeluaran,91199.0,Tunai
2673,2024-07-08,Membership,Pembayaran Langganan,Pengeluaran,136222.0,Tunai
2674,2025-01-17,Kirim uang,Transfer Teman/Keluarga,Pengeluaran,344983.0,Kartu Kredit
2675,2025-07-05,Cloud storage,Pembayaran Langganan,Pengeluaran,96742.0,Kartu Kredit
2676,2026-05-24,Patungan,Transfer Teman/Keluarga,Pengeluaran,103104.0,Transfer Bank
2677,2024-12-23,Patungan,Transfer Teman/Keluarga,Pengeluaran,274504.0,Kartu Debit
2678,2024-07-02,Grab,Transportasi,Pengeluaran,51696.0,E-Wallet
2679,2025-09-27,Gym membership,Pembayaran Langganan,Pengeluaran,93996.0,E-Wallet
2680,2024-10-30,Spotify,Hiburan,Pengeluaran,71292.0,Kartu Debit
2681,2025-04-01,THR,Gaji,Pemasukan,6197716.0,Kartu Debit
2682,2024-09-20,Subscription,Pembayaran Langganan,Pengeluaran,114965.0,Kartu Kredit
2683,2024-12-07,Marketplace,Transfer Teman/Keluarga,Pemasukan,192447.0,Kartu Kredit
2684,2026-01-01,Konser,Hiburan,Pengeluaran,66599.0,Kartu Debit
2685,2026-03-24,Pulsa,Pulsa & Internet,Pengeluaran,102307.0,Transfer Bank
2686,2025-11-01,THR,Gaji,Pemasukan,5927801.0,Kartu Debit
2687,2024-10-13,Marketplace,Gaji,Pemasukan,5944658.0,Transfer Bank
2688,2025-07-13,Subscription,Pembayaran Langganan,Pengeluaran,126073.0,Kartu Kredit
2689,2026-02-28,Transfer,Belanja Bulanan,Pengeluaran,47130.0,Kartu Kredit
2690,2024-06-01,Lazada,Belanja Bulanan,Pengeluaran,128707.0,Kartu Kredit
2691,2025-11-09,Pulsa,Pulsa & Internet,Pengeluaran,161265.0,E-Wallet
2692,2024-06-07,MRT,Transportasi,Pengeluaran,43554.0,Kartu Debit
2693,2025-08-28,MRT,Transportasi,Pengeluaran,47713.0,E-Wallet
2694,2025-11-21,Supermarket,Belanja Bulanan,Pengeluaran,385009.0,Transfer Bank
2695,2024-08-16,Liburan,Hiburan,Pengeluaran,47988.0,E-Wallet
2696,2025-06-20,Gym membership,Pembayaran Langganan,Pengeluaran,118674.0,E-Wallet
2697,2024-10-06,Tagihan internet,Pulsa & Internet,Pengeluaran,121741.0,Transfer Bank
2699,2025-09-20,Mkn malam,Makanan & Minuman,Pengeluaran,28327.0,E-Wallet
2700,2025-03-01,Patungan,Transfer Teman/Keluarga,Pengeluaran,136227.0,E-Wallet
2701,2026-04-30,Bayar teman,Transfer Teman/Keluarga,Pengeluaran,183167.0,E-Wallet
2702,2026-03-10,Bayar teman,Transfer Teman/Keluarga,Pengeluaran,626124.0,Kartu Kredit
2703,2025-07-21,Kirim uang,Transfer Teman/Keluarga,Pengeluaran,510954.0,Kartu Kredit
2704,2024-08-22,Air,Tempat Tinggal,Pengeluaran,1371936.0,Transfer Bank
2705,2024-06-15,Tagihan,Hiburan,Pengeluaran,68523.0,Transfer Bank
2706,2025-08-24,Minimarket,Belanja Bulanan,Pengeluaran,357708.0,Transfer Bank
2707,2025-07-08,Konser,Hiburan,Pengeluaran,64199.0,E-Wallet
2708,2025-11-19,Bayar teman,Transfer Teman/Keluarga,Pengeluaran,381503.0,Kartu Kredit
2709,2025-01-13,Wifi rumah,Pulsa & Internet,Pengeluaran,70658.0,Kartu Debit
2710,2025-06-22,Beli pakaian,Belanja Bulanan,Pengeluaran,78878.0,Kartu Debit
2711,2025-11-04,Marketplace,Transfer Teman/Keluarga,Pemasukan,2973656.0,Kartu Kredit
2712,2024-09-01,Transfer,Transfer Teman/Keluarga,Pengeluaran,10000.0,Kartu Debit
2713,2024-08-27,Air,Tempat Tinggal,Pengeluaran,578256.0,Kartu Kredit
2714,2024-11-06,Tol,Transportasi,Pengeluaran,10095.0,Kartu Debit
2715,2024-11-04,Bayar kos,Tempat Tinggal,Pengeluaran,847816.0,Transfer Bank
2716,2026-04-05,Iuran lingkungan,Tempat Tinggal,Pengeluaran,361922.0,Transfer Bank
2717,2024-09-24,Gojek,Transportasi,Pengeluaran,73986.0,Kartu Debit
2718,2025-12-31,Gaji bulanan,Gaji,Pemasukan,6754698.0,Kartu Debit
2719,2026-01-28,Bayar teman,Transfer Teman/Keluarga,Pengeluaran,293237.0,Kartu Debit
2720,2024-11-25,Subscription,Pembayaran Langganan,Pengeluaran,108713.0,Kartu Debit
2721,2025-10-11,Tokopedia,Belanja Bulanan,Pengeluaran,136442.0,E-Wallet
2722,2025-03-04,Minimarket,Belanja Bulanan,Pengeluaran,161868.0,Kartu Debit
2723,2025-07-25,Mkn malam,Makanan & Minuman,Pengeluaran,48473.0,E-Wallet
2724,2025-04-24,Tol,Transportasi,Pengeluaran,48819.0,Transfer Bank
2725,2026-02-24,Tagihan,Tempat Tinggal,Pengeluaran,390380.0,Transfer Bank
2727,2024-07-31,Air,Tempat Tinggal,Pengeluaran,1304942.0,Kartu Kredit
2728,2025-03-06,Liburan,Hiburan,Pengeluaran,395752.0,E-Wallet
2729,2024-07-11,Membership,Pembayaran Langganan,Pengeluaran,241848.0,Transfer Bank
2730,2024-11-29,Transfer,Belanja Bulanan,Pemasukan,227929.0,Tunai
2731,2025-11-12,MRT,Transportasi,Pengeluaran,14318.0,Transfer Bank
2732,2025-07-11,Wifi rumah,Pulsa & Internet,Pengeluaran,134917.0,Kartu Debit
2733,2026-05-02,Patungan,Transfer Teman/Keluarga,Pemasukan,613928.0,Transfer Bank
2734,2024-07-12,Tol,Transportasi,Pengeluaran,20324.0,Lainnya
2735,2025-11-14,MRT,Transportasi,Pengeluaran,45876.0,Kartu Kredit
2736,2025-04-14,Gym membership,Pembayaran Langganan,Pengeluaran,115138.0,Tunai
2737,2025-07-25,Bayar kos,Tempat Tinggal,Pengeluaran,607562.0,E-Wallet
2738,2024-10-19,Gym membership,Pembayaran Langganan,Pengeluaran,185387.0,E-Wallet
2739,2025-10-03,Lazada,Belanja Bulanan,Pengeluaran,4003611.0,Transfer Bank
2740,2024-10-31,Transfer,Transportasi,Pengeluaran,10000.0,Tunai
2741,2024-09-05,MRT,Transportasi,Pengeluaran,20809.0,Kartu Debit
2742,2026-03-11,Cafe,Makanan & Minuman,Pengeluaran,27053.0,Kartu Debit
2744,2025-07-09,Transfer,Hiburan,Pengeluaran,394549.0,E-Wallet
2745,2025-07-25,Paket data,Pulsa & Internet,Pengeluaran,102927.0,Tunai
2746,2024-08-30,Liburan,Hiburan,Pengeluaran,66114.0,Kartu Debit
2747,2025-09-30,Shopee,Belanja Bulanan,Pengeluaran,129932.0,Kartu Kredit
2748,2024-06-16,Gojek,Transportasi,Pengeluaran,88539.0,Kartu Debit
2749,2025-07-28,Beli pakaian,Belanja Bulanan,Pengeluaran,109422.0,Tunai
2750,2025-06-02,Bioskop,Hiburan,Pengeluaran,128926.0,E-Wallet
2751,2025-10-23,Tagihan internet,Pulsa & Internet,Pengeluaran,141386.0,E-Wallet
2752,2025-10-30,Trf,Belanja Bulanan,Pengeluaran,176788.0,Kartu Debit
2753,2024-09-05,Tokopedia,Belanja Bulanan,Pengeluaran,199599.0,Kartu Kredit
2754,2025-02-01,Iuran lingkungan,Tempat Tinggal,Pengeluaran,1442321.0,Transfer Bank
2755,2026-04-10,Kirim uang,Transfer Teman/Keluarga,Pemasukan,459315.0,Lainnya
2757,2025-01-26,Konser,Hiburan,Pengeluaran,29247.0,E-Wallet
2758,2024-10-20,Subscription,Pembayaran Langganan,Pengeluaran,171095.0,Kartu Debit
2759,2024-10-18,Subscription,Pembayaran Langganan,Pengeluaran,65419.0,Kartu Debit
2760,2026-02-13,Shopee,Belanja Bulanan,Pengeluaran,103753.0,Kartu Kredit
2761,2025-08-25,Gojek,Transportasi,Pengeluaran,40848.0,Kartu Debit
2762,2025-11-04,Bayar teman,Transfer Teman/Keluarga,Pengeluaran,118540.0,Transfer Bank
2763,2024-11-17,GrabFood,Makanan & Minuman,Pengeluaran,63606.0,Kartu Debit
2764,2024-08-26,Makan malam,Makanan & Minuman,Pengeluaran,74901.0,E-Wallet
2765,2026-01-30,Paket data,Pulsa & Internet,Pengeluaran,73913.0,E-Wallet
2766,2025-07-25,Liburan,Hiburan,Pengeluaran,56954.0,Kartu Debit
2767,2024-06-02,Wifi rumah,Pulsa & Internet,Pengeluaran,234172.0,Transfer Bank
2768,2025-06-28,Liburan,Hiburan,Pengeluaran,395168.0,Kartu Kredit
2769,2025-10-06,Minimarket,Makanan & Minuman,Pengeluaran,118535.0,E-Wallet
2770,2025-05-17,Membership,Pembayaran Langganan,Pengeluaran,142466.0,Transfer Bank
2771,2024-08-25,Iuran lingkungan,Tempat Tinggal,Pengeluaran,1075301.0,Kartu Debit
2772,2025-04-08,Gaji bulanan,Gaji,Pemasukan,6925332.0,Kartu Debit
2773,2025-07-10,THR,Gaji,Pemasukan,6865279.0,E-Wallet
2774,2026-01-01,Transfer,Pulsa & Internet,Pengeluaran,88198.0,Kartu Debit
2775,2025-12-16,Liburan,Hiburan,Pengeluaran,229718.0,Kartu Kredit
2776,2026-04-16,Liburan,Hiburan,Pengeluaran,146863.0,Kartu Kredit
2777,2025-04-14,Netflix,Hiburan,Pengeluaran,149740.0,Kartu Debit
2778,2025-01-27,Listrik,Tempat Tinggal,Pengeluaran,1054055.0,Kartu Debit
2779,2024-10-22,Bonus,Gaji,Pemasukan,3560788.0,Kartu Debit
2780,2025-03-21,Spotify,Hiburan,Pengeluaran,157979.0,Kartu Debit
2781,2025-10-02,Gym membership,Pembayaran Langganan,Pengeluaran,17092.0,Transfer Bank
2782,2025-10-03,Bayar teman,Transfer Teman/Keluarga,Pemasukan,208612.0,Kartu Kredit
2783,2024-10-26,Gaji bulanan,Gaji,Pemasukan,3798009.0,Transfer Bank
2784,2025-09-08,Spotfy,Hiburan,Pengeluaran,72860.0,Tunai
2785,2026-03-03,Transfer,Transfer Teman/Keluarga,Pengeluaran,465161.0,Kartu Kredit
5019,2025-06-05,Bayar kos,Tempat Tinggal,Pengeluaran,978408.0,Kartu Debit
2787,2025-05-01,Transfer,Hiburan,Pengeluaran,28663.0,Lainnya
2788,2025-10-15,Listrik,Tempat Tinggal,Pengeluaran,498679.0,Kartu Kredit
2789,2024-12-31,Bayar kos,Tempat Tinggal,Pengeluaran,890595.0,E-Wallet
2790,2025-02-16,MRT,Transportasi,Pengeluaran,25694.0,Kartu Kredit
2791,2024-06-17,Wifi rumah,Pulsa & Internet,Pengeluaran,90253.0,Kartu Kredit
2792,2025-07-30,Wifi rumah,Pulsa & Internet,Pengeluaran,103646.0,Kartu Kredit
2793,2024-08-18,Listrik,Tempat Tinggal,Pengeluaran,1047051.0,Transfer Bank
2794,2025-04-26,Bayar kos,Tempat Tinggal,Pengeluaran,1044057.0,Kartu Debit
2795,2025-06-18,Cloud storage,Pembayaran Langganan,Pengeluaran,122165.0,E-Wallet
2796,2024-09-13,Grab,Transportasi,Pengeluaran,10000.0,Kartu Debit
2797,2024-08-21,Bayar kos,Tempat Tinggal,Pengeluaran,1105406.0,Kartu Debit
2798,2024-07-09,Listrik,Tempat Tinggal,Pengeluaran,644710.0,Tunai
2799,2024-07-24,Bensin,Transportasi,Pengeluaran,36920.0,Kartu Kredit
2800,2025-08-31,Konser,Hiburan,Pengeluaran,104344.0,Kartu Debit
2801,2025-11-03,Grab,Transportasi,Pengeluaran,10000.0,Kartu Debit
2802,2025-08-25,Marketplace,Transfer Teman/Keluarga,Pemasukan,146619.0,Transfer Bank
2803,2024-06-06,Supermarket,Belanja Bulanan,Pengeluaran,80732.0,Kartu Debit
2804,2025-03-15,Parkir,Transportasi,Pengeluaran,66588.0,Transfer Bank
2805,2024-11-06,Marketplace,Gaji,Pemasukan,6454710.0,Kartu Kredit
2806,2024-08-22,MRT,Transportasi,Pengeluaran,83598.0,Kartu Debit
2807,2025-10-12,Bayar teman,Transfer Teman/Keluarga,Pemasukan,197010.0,E-Wallet
2808,2024-06-15,Marketplace,Transfer Teman/Keluarga,Pemasukan,111450.0,Tunai
2809,2025-01-28,Mkn malam,Makanan & Minuman,Pengeluaran,62450.0,Kartu Debit
2810,2024-11-04,Cloud storage,Pembayaran Langganan,Pengeluaran,121350.0,Tunai
2811,2024-12-17,Pulsa,Pulsa & Internet,Pengeluaran,10000.0,Kartu Debit
2812,2025-08-04,KRL,Transportasi,Pengeluaran,17693.0,Transfer Bank
2813,2025-12-12,Tokopedia,Belanja Bulanan,Pengeluaran,32596.0,Kartu Kredit
5020,2025-09-07,Marketplace,Pulsa & Internet,Pengeluaran,130136.0,Kartu Debit
2815,2024-07-12,Wifi rumah,Pulsa & Internet,Pengeluaran,103993.0,Tunai
2816,2025-03-11,Gym membership,Pembayaran Langganan,Pengeluaran,106076.0,Kartu Kredit
2817,2025-01-07,Subscription,Hiburan,Pengeluaran,90060.0,Tunai
2818,2024-11-03,Subscription,Pembayaran Langganan,Pengeluaran,49366.0,Kartu Kredit
2819,2025-05-22,Gym membership,Pembayaran Langganan,Pengeluaran,148112.0,Kartu Kredit
2820,2026-01-06,KRL,Transportasi,Pengeluaran,49349.0,E-Wallet
2821,2025-02-03,Pulsa,Pulsa & Internet,Pengeluaran,26259.0,Kartu Kredit
2822,2025-05-28,Pembayaran digital,Gaji,Pemasukan,6351193.0,E-Wallet
2823,2024-09-03,Minimarket,Makanan & Minuman,Pengeluaran,75638.0,Kartu Debit
2825,2026-03-04,Konser,Hiburan,Pengeluaran,113866.0,Kartu Debit
2826,2026-05-13,Paket data,Pulsa & Internet,Pengeluaran,124395.0,Tunai
2828,2024-09-30,Cafe,Makanan & Minuman,Pengeluaran,56020.0,Tunai
2829,2026-04-15,Bioskop,Hiburan,Pengeluaran,137222.0,E-Wallet
2830,2024-12-17,Grab,Transportasi,Pengeluaran,32227.0,Lainnya
2831,2024-12-19,Tagihan internet,Pulsa & Internet,Pengeluaran,176690.0,Transfer Bank
2832,2025-04-02,Kirim uang,Transfer Teman/Keluarga,Pengeluaran,196075.0,Tunai
2833,2026-03-12,Patungan,Transfer Teman/Keluarga,Pengeluaran,428965.0,Tunai
2834,2024-06-16,Belanja Bulanan,Belanja Bulanan,Pengeluaran,304109.0,E-Wallet
2835,2025-04-25,Parkir,Transportasi,Pengeluaran,10927.0,Kartu Debit
2836,2024-08-03,Transfer,Transfer Teman/Keluarga,Pengeluaran,98495.0,Kartu Debit
2837,2025-03-24,Paket data,Pulsa & Internet,Pengeluaran,74389.0,Kartu Kredit
2838,2025-06-12,Iuran lingkungan,Tempat Tinggal,Pengeluaran,689961.0,Kartu Debit
2839,2025-06-25,Shopee,Belanja Bulanan,Pengeluaran,341762.0,Kartu Kredit
2840,2025-02-20,Liburan,Hiburan,Pengeluaran,66612.0,Tunai
2841,2025-07-04,Bayar kos,Tempat Tinggal,Pengeluaran,492773.0,Kartu Debit
2842,2025-08-21,Bayar kos,Tempat Tinggal,Pengeluaran,1147306.0,E-Wallet
2843,2026-03-16,Service AC,Tempat Tinggal,Pengeluaran,585955.0,Kartu Debit
2844,2026-02-11,Tokopedia,Belanja Bulanan,Pengeluaran,237670.0,Transfer Bank
2845,2026-03-18,Bensin,Transportasi,Pengeluaran,44421.0,Transfer Bank
2846,2026-02-08,Tokopedia,Belanja Bulanan,Pengeluaran,130457.0,Kartu Debit
2847,2025-05-19,Cloud storage,Pembayaran Langganan,Pengeluaran,133716.0,Tunai
2848,2025-07-12,Pulsa,Pulsa & Internet,Pengeluaran,95351.0,Kartu Debit
2849,2026-01-16,Pulsa,Pulsa & Internet,Pengeluaran,157353.0,Transfer Bank
2850,2026-03-30,Cafe,Makanan & Minuman,Pengeluaran,28302.0,E-Wallet
2851,2024-07-17,Pembayaran digital,Tempat Tinggal,Pengeluaran,759109.0,E-Wallet
2852,2025-09-19,Subscription,Pembayaran Langganan,Pengeluaran,117359.0,Tunai
2853,2025-04-17,Shopee,Belanja Bulanan,Pengeluaran,137275.0,Kartu Kredit
2854,2024-08-19,Spotify,Hiburan,Pengeluaran,78863.0,E-Wallet
2855,2025-05-24,Tokopedia,Belanja Bulanan,Pengeluaran,100989.0,Kartu Kredit
2856,2026-05-23,Cafe,Makanan & Minuman,Pengeluaran,52437.0,Kartu Debit
2857,2026-05-14,Tagihan internet,Pulsa & Internet,Pengeluaran,63768.0,Kartu Debit
2858,2025-07-24,Gym membership,Pembayaran Langganan,Pengeluaran,285606.0,Kartu Debit
2859,2025-06-22,Cloud storage,Pembayaran Langganan,Pengeluaran,125471.0,E-Wallet
2860,2024-11-23,Pembayaran digital,Pembayaran Langganan,Pengeluaran,68369.0,Tunai
2861,2025-04-03,Gojek,Transportasi,Pengeluaran,11447.0,Tunai
2863,2025-06-13,Wifi rumah,Pulsa & Internet,Pengeluaran,128173.0,Kartu Debit
2864,2026-01-09,Bioskop,Hiburan,Pengeluaran,269655.0,Transfer Bank
2865,2024-08-07,Jajan,Makanan & Minuman,Pengeluaran,13431.0,Kartu Kredit
2866,2025-06-04,MRT,Transportasi,Pengeluaran,8037.0,E-Wallet
2867,2025-01-18,Grab,Transportasi,Pengeluaran,25149.0,Kartu Debit
2868,2024-07-10,Shopee,Belanja Bulanan,Pengeluaran,282620.0,Transfer Bank
2869,2025-04-14,Tokopedia,Belanja Bulanan,Pengeluaran,134289.0,Kartu Debit
2870,2024-06-06,Tol,Transportasi,Pengeluaran,67496.0,E-Wallet
2871,2024-08-28,Parkir,Transportasi,Pengeluaran,20509.0,E-Wallet
2872,2025-09-27,Minimarket,Makanan & Minuman,Pengeluaran,87545.0,Kartu Debit
2873,2024-12-29,Grab,Transportasi,Pengeluaran,12881.0,Kartu Kredit
2874,2025-09-20,KRL,Transportasi,Pengeluaran,10000.0,Kartu Debit
2875,2024-05-31,Transfer,Tempat Tinggal,Pengeluaran,908561.0,Kartu Kredit
2876,2025-01-07,Pembayaran digital,Makanan & Minuman,Pengeluaran,35974.0,Kartu Debit
2877,2025-11-13,Bensin,Transportasi,Pengeluaran,11586.0,Kartu Kredit
2878,2024-12-27,Transfer,Transfer Teman/Keluarga,Pengeluaran,153828.0,Transfer Bank
2879,2026-05-16,Service AC,Tempat Tinggal,Pengeluaran,954547.0,Kartu Debit
2880,2024-10-31,Bioskop,Hiburan,Pengeluaran,85693.0,E-Wallet
2881,2026-03-28,Bayar teman,Transfer Teman/Keluarga,Pengeluaran,336451.0,E-Wallet
2882,2024-09-23,Liburan,Hiburan,Pengeluaran,60442.0,E-Wallet
2883,2025-10-20,Restoran,Makanan & Minuman,Pengeluaran,67747.0,Kartu Debit
2884,2025-07-03,GoFood,Makanan & Minuman,Pengeluaran,46091.0,Tunai
2885,2025-06-04,Parkir,Transportasi,Pengeluaran,32600.0,Kartu Debit
2886,2025-06-17,Tol,Transportasi,Pengeluaran,32012.0,Tunai
2887,2026-02-28,Transfer Teman/Keluarga,Transfer Teman/Keluarga,Pemasukan,85614.0,Transfer Bank
2888,2025-04-01,Trf,Transfer Teman/Keluarga,Pemasukan,336578.0,E-Wallet
2889,2026-01-15,Kirim uang,Transfer Teman/Keluarga,Pemasukan,65647.0,Kartu Debit
2890,2025-02-27,Bayar teman,Transfer Teman/Keluarga,Pengeluaran,97467.0,Kartu Debit
2891,2024-06-06,Marketplace,Belanja Bulanan,Pengeluaran,126415.0,Kartu Kredit
2892,2024-11-18,Subscription,Hiburan,Pengeluaran,27223.0,Kartu Debit
2893,2025-03-15,GoFood,Makanan & Minuman,Pengeluaran,76483.0,Transfer Bank
2894,2025-08-02,Supermarket,Belanja Bulanan,Pengeluaran,145119.0,Kartu Debit
2895,2026-03-03,Wifi rumah,Pulsa & Internet,Pengeluaran,105994.0,Tunai
2896,2025-03-02,Subscription,Pembayaran Langganan,Pengeluaran,89396.0,Kartu Debit
2897,2026-04-22,Game online,Hiburan,Pengeluaran,99573.0,Kartu Kredit
2898,2026-03-02,Patungan,Transfer Teman/Keluarga,Pemasukan,91692.0,Transfer Bank
2899,2024-08-26,Lazada,Belanja Bulanan,Pengeluaran,400124.0,Kartu Debit
2900,2025-01-30,Parkir,Transportasi,Pengeluaran,39599.0,E-Wallet
2901,2024-10-02,Minimarket,Makanan & Minuman,Pengeluaran,181573.0,Transfer Bank
2902,2026-04-09,Air,Tempat Tinggal,Pengeluaran,950706.0,Transfer Bank
2903,2024-07-29,Tagihan internet,Pulsa & Internet,Pengeluaran,71005.0,Kartu Kredit
2904,2024-07-25,Mkn malam,Makanan & Minuman,Pengeluaran,21854.0,E-Wallet
2905,2026-03-26,Liburan,Hiburan,Pengeluaran,39788.0,E-Wallet
2906,2025-01-08,Jajan,Makanan & Minuman,Pengeluaran,79357.0,Kartu Kredit
2907,2024-12-24,Peralatan rumah,Belanja Bulanan,Pengeluaran,160310.0,E-Wallet
2908,2024-10-31,Transfer,Transfer Teman/Keluarga,Pengeluaran,136582.0,Kartu Debit
2909,2025-04-10,Bonus,Gaji,Pemasukan,6336515.0,Tunai
2910,2025-01-17,Listrik,Tempat Tinggal,Pengeluaran,777389.0,E-Wallet
2911,2025-09-28,Gojek,Transportasi,Pengeluaran,34624.0,Transfer Bank
2912,2026-01-29,Bensin,Transportasi,Pengeluaran,14584.0,E-Wallet
2913,2025-04-21,Pembayaran digital,Transportasi,Pengeluaran,38151.0,Kartu Kredit
2914,2024-07-04,Kirim uang,Transfer Teman/Keluarga,Pengeluaran,410953.0,Kartu Kredit
2915,2025-04-17,Minimarket,Makanan & Minuman,Pengeluaran,54372.0,Kartu Kredit
2916,2024-05-28,Bayar teman,Transfer Teman/Keluarga,Pengeluaran,279064.0,Kartu Kredit
2918,2024-06-04,Parkir,Transportasi,Pengeluaran,17336.0,Kartu Debit
2919,2026-02-10,Jajan,Makanan & Minuman,Pengeluaran,33291.0,Kartu Kredit
2920,2026-02-26,Bayar teman,Transfer Teman/Keluarga,Pengeluaran,225916.0,E-Wallet
2921,2026-01-17,Cloud storage,Pembayaran Langganan,Pengeluaran,86682.0,Kartu Debit
2922,2024-11-03,Listrik,Tempat Tinggal,Pengeluaran,994268.0,Tunai
2923,2026-05-06,MRT,Transportasi,Pengeluaran,21708.0,E-Wallet
2924,2025-01-07,Spotify,Hiburan,Pengeluaran,356099.0,Tunai
2925,2025-11-26,Ngopi,Makanan & Minuman,Pengeluaran,30283.0,E-Wallet
2926,2025-06-21,Tokopedia,Belanja Bulanan,Pengeluaran,179259.0,E-Wallet
2927,2024-08-09,Air,Tempat Tinggal,Pengeluaran,715506.0,Tunai
2929,2025-12-29,Transfer,Transfer Teman/Keluarga,Pemasukan,118613.0,Kartu Debit
2930,2025-08-10,Membership,Pembayaran Langganan,Pengeluaran,71628.0,Transfer Bank
2931,2026-02-20,KRL,Transportasi,Pengeluaran,52090.0,Tunai
2932,2026-04-08,Pulsa,Pulsa & Internet,Pengeluaran,126325.0,E-Wallet
2933,2024-12-02,MRT,Transportasi,Pengeluaran,18100.0,Tunai
2934,2026-02-26,Transfer,Transfer Teman/Keluarga,Pengeluaran,146615.0,Tunai
2935,2024-11-07,Tagihan internet,Pulsa & Internet,Pengeluaran,87200.0,Lainnya
2936,2026-02-21,Minimarket,Belanja Bulanan,Pengeluaran,240873.0,E-Wallet
2937,2026-03-03,Kirim uang,Transfer Teman/Keluarga,Pemasukan,305624.0,Tunai
2938,2025-11-15,Game online,Hiburan,Pengeluaran,40752.0,Kartu Debit
2939,2026-04-22,Restoran,Makanan & Minuman,Pengeluaran,69360.0,Kartu Debit
2940,2024-12-28,Wifi rumah,Pulsa & Internet,Pengeluaran,123580.0,E-Wallet
2941,2025-09-26,Pembayaran digital,Belanja Bulanan,Pengeluaran,39362.0,Kartu Debit
2942,2026-05-02,Bensin,Transportasi,Pengeluaran,58664.0,E-Wallet
2943,2024-09-24,Makan siang,Makanan & Minuman,Pengeluaran,34142.0,Kartu Kredit
2944,2026-02-17,MRT,Transportasi,Pengeluaran,131653.0,Kartu Kredit
2945,2025-10-19,Bayar teman,Transfer Teman/Keluarga,Pengeluaran,114701.0,Tunai
2946,2026-03-04,Membership,Pembayaran Langganan,Pengeluaran,114665.0,Kartu Debit
2947,2025-01-06,Transfer,Belanja Bulanan,Pengeluaran,301879.0,E-Wallet
2948,2025-08-31,Patungan,Transfer Teman/Keluarga,Pemasukan,40093.0,E-Wallet
2949,2024-09-20,Netflix,Hiburan,Pengeluaran,245416.0,Transfer Bank
2950,2026-01-22,Gaji bulanan,Gaji,Pemasukan,4984494.0,Kartu Debit
2951,2026-05-08,Tagihan internet,Pulsa & Internet,Pengeluaran,125185.0,E-Wallet
2952,2026-02-18,Minimarket,Makanan & Minuman,Pengeluaran,43360.0,E-Wallet
2953,2025-10-30,Minimarket,Belanja Bulanan,Pengeluaran,59589.0,Transfer Bank
2954,2026-03-13,THR,Gaji,Pemasukan,6394417.0,Kartu Debit
2955,2025-07-01,Paket data,Pulsa & Internet,Pengeluaran,123004.0,Kartu Debit
2956,2024-11-14,Paket data,Pulsa & Internet,Pengeluaran,104217.0,Transfer Bank
2957,2024-08-13,Netflix,Hiburan,Pengeluaran,531939.0,E-Wallet
2958,2024-08-27,Tol,Transportasi,Pengeluaran,34669.0,Transfer Bank
2959,2024-10-18,Restoran,Makanan & Minuman,Pengeluaran,55995.0,Kartu Kredit
2960,2025-12-27,Iuran lingkungan,Tempat Tinggal,Pengeluaran,781339.0,Kartu Debit
2961,2025-02-21,Membership,Pembayaran Langganan,Pengeluaran,92566.0,Transfer Bank
2962,2026-05-01,Pulsa,Pulsa & Internet,Pengeluaran,96383.0,Transfer Bank
2963,2026-01-08,Gaji bulanan,Gaji,Pemasukan,6874152.0,E-Wallet
2964,2026-02-24,Parkir,Transportasi,Pengeluaran,10000.0,Kartu Debit
2965,2026-04-19,Tokopedia,Belanja Bulanan,Pengeluaran,761335.0,Tunai
2966,2024-10-17,Transfer,Transfer Teman/Keluarga,Pemasukan,376123.0,Kartu Kredit
2967,2025-02-26,Tagihan,Pulsa & Internet,Pengeluaran,79925.0,E-Wallet
2968,2025-08-17,Cloud storage,Pembayaran Langganan,Pengeluaran,174587.0,Kartu Debit
2969,2025-09-02,Pembayaran digital,Pembayaran Langganan,Pengeluaran,114620.0,Kartu Kredit
2970,2025-12-05,Makan siang,Makanan & Minuman,Pengeluaran,60836.0,Kartu Debit
2971,2025-10-12,Parkir,Transportasi,Pengeluaran,67955.0,Kartu Kredit
2972,2024-09-12,Cafe,Makanan & Minuman,Pengeluaran,58231.0,E-Wallet
2973,2024-10-27,Wifi rumah,Pulsa & Internet,Pengeluaran,54136.0,Kartu Kredit
2974,2025-12-23,Tagihan,Transfer Teman/Keluarga,Pemasukan,37671.0,Transfer Bank
2975,2025-06-03,Tagihan,Tempat Tinggal,Pengeluaran,255443.0,Kartu Debit
2976,2024-12-23,Gym membership,Pembayaran Langganan,Pengeluaran,201122.0,E-Wallet
2977,2025-08-29,KRL,Transportasi,Pengeluaran,91674.0,E-Wallet
2978,2026-03-06,Cloud storage,Pembayaran Langganan,Pengeluaran,209506.0,Kartu Debit
2979,2025-09-26,MRT,Transportasi,Pengeluaran,16769.0,Kartu Debit
2980,2024-09-27,Netfliix,Hiburan,Pengeluaran,74357.0,Kartu Kredit
2981,2024-07-17,Tol,Transportasi,Pengeluaran,53978.0,Kartu Debit
2982,2024-10-11,Gaji bulanan,Gaji,Pemasukan,6943792.0,Kartu Debit
2983,2026-01-06,Pembayaran digital,Transportasi,Pengeluaran,17166.0,Kartu Debit
2984,2024-11-12,Cloud storage,Pembayaran Langganan,Pengeluaran,64264.0,Kartu Debit
2985,2025-08-11,Listrik,Tempat Tinggal,Pengeluaran,723967.0,E-Wallet
2986,2024-08-16,Cloud storage,Pembayaran Langganan,Pengeluaran,134290.0,Tunai
2987,2024-07-07,Bioskop,Hiburan,Pengeluaran,54800.0,Tunai
2988,2024-11-27,Bayar kos,Tempat Tinggal,Pengeluaran,931189.0,Tunai
2989,2024-10-29,Gojek,Transportasi,Pengeluaran,38012.0,E-Wallet
2990,2024-12-28,Tagihan internet,Pulsa & Internet,Pengeluaran,124420.0,Kartu Kredit
2991,2026-02-01,Minimarket,Belanja Bulanan,Pengeluaran,84186.0,Tunai
2992,2025-03-17,Pembayaran digital,Belanja Bulanan,Pengeluaran,251254.0,Kartu Kredit
2993,2024-11-20,Shopee,Belanja Bulanan,Pengeluaran,426729.0,Kartu Kredit
2994,2025-02-11,Kirim uang,Transfer Teman/Keluarga,Pemasukan,496614.0,E-Wallet
2995,2024-08-09,Kirim uang,Transfer Teman/Keluarga,Pengeluaran,47831.0,Kartu Kredit
2996,2024-12-20,Gaji bulanan,Gaji,Pemasukan,7213216.0,Kartu Debit
2997,2026-04-22,Pembayaran digital,Tempat Tinggal,Pengeluaran,787715.0,Tunai
2998,2025-08-15,Cafe,Makanan & Minuman,Pengeluaran,21171.0,Kartu Debit
2999,2025-06-02,Patungan,Transfer Teman/Keluarga,Pemasukan,183796.0,E-Wallet
3000,2025-05-13,Minimarket,Makanan & Minuman,Pengeluaran,39650.0,Kartu Debit
3001,2024-11-29,Gaji bulanan,Gaji,Pemasukan,8372237.0,Tunai
3002,2025-05-01,KRL,Transportasi,Pengeluaran,24505.0,Kartu Kredit
3003,2024-06-07,Tagihan,Pulsa & Internet,Pengeluaran,309600.0,Kartu Kredit
3004,2026-05-11,GrabFood,Makanan & Minuman,Pengeluaran,31897.0,E-Wallet
3005,2026-05-22,Belanja Bulanan,Belanja Bulanan,Pengeluaran,344888.0,E-Wallet
3006,2025-09-19,Iuran lingkungan,Tempat Tinggal,Pengeluaran,461741.0,E-Wallet
3007,2025-03-25,Restoran,Makanan & Minuman,Pengeluaran,21928.0,E-Wallet
3008,2025-05-13,Bayar teman,Transfer Teman/Keluarga,Pemasukan,219649.0,E-Wallet
3009,2025-03-14,Shopee,Belanja Bulanan,Pengeluaran,148505.0,Tunai
3010,2025-07-26,THR,Gaji,Pemasukan,7262541.0,Kartu Debit
3011,2024-11-29,Liburan,Hiburan,Pengeluaran,171502.0,Kartu Kredit
3012,2025-03-27,Iuran lingkungan,Tempat Tinggal,Pengeluaran,579898.0,Kartu Debit
3013,2024-08-15,Bioskop,Hiburan,Pengeluaran,43295.0,E-Wallet
3014,2026-03-22,Pembayaran digital,Makanan & Minuman,Pengeluaran,51580.0,Transfer Bank
3015,2025-12-03,Patungan,Transfer Teman/Keluarga,Pengeluaran,206776.0,Tunai
3016,2024-06-19,Shopee,Belanja Bulanan,Pengeluaran,171551.0,E-Wallet
3017,2025-03-25,Tagihan,Transportasi,Pengeluaran,28031.0,Tunai
3018,2025-01-13,Gym membership,Pembayaran Langganan,Pengeluaran,358570.0,E-Wallet
3019,2025-09-03,Kirim uang,Transfer Teman/Keluarga,Pengeluaran,309890.0,Kartu Debit
3020,2026-01-27,Wifi rumah,Pulsa & Internet,Pengeluaran,104792.0,Kartu Kredit
3021,2025-09-28,Pembayaran digital,Tempat Tinggal,Pengeluaran,1813308.0,Kartu Kredit
3022,2024-09-06,Bayar kos,Tempat Tinggal,Pengeluaran,1093530.0,Kartu Debit
3023,2026-04-01,Service AC,Tempat Tinggal,Pengeluaran,727045.0,Kartu Debit
3024,2024-06-22,Makan siang,Makanan & Minuman,Pengeluaran,27140.0,Transfer Bank
3025,2025-05-15,Peralatan rumah,Belanja Bulanan,Pengeluaran,104255.0,E-Wallet
3026,2025-07-03,THR,Gaji,Pemasukan,7028336.0,Tunai
3027,2025-11-24,Iuran lingkungan,Tempat Tinggal,Pengeluaran,1150370.0,Kartu Kredit
3028,2026-03-28,THR,Gaji,Pemasukan,15579232.0,E-Wallet
3029,2024-09-15,Gym membership,Pembayaran Langganan,Pengeluaran,164551.0,Transfer Bank
3030,2025-01-15,Parkir,Transportasi,Pengeluaran,24292.0,Kartu Debit
3031,2024-11-24,Listrik,Tempat Tinggal,Pengeluaran,703926.0,Kartu Debit
3032,2025-05-31,Kirim uang,Transfer Teman/Keluarga,Pengeluaran,244251.0,E-Wallet
3033,2026-02-01,Minimarket,Belanja Bulanan,Pengeluaran,245090.0,Kartu Debit
5021,2024-09-11,Iuran lingkungan,Tempat Tinggal,Pengeluaran,558848.0,Transfer Bank
3035,2024-10-03,Grab,Transportasi,Pengeluaran,11458.0,Tunai
3036,2025-06-22,Konser,Hiburan,Pengeluaran,653265.0,Tunai
3037,2026-01-28,Bayar teman,Transfer Teman/Keluarga,Pengeluaran,128796.0,Tunai
3038,2026-01-16,KRL,Transportasi,Pengeluaran,28821.0,Transfer Bank
3039,2025-04-23,Patungan,Transfer Teman/Keluarga,Pengeluaran,553730.0,Tunai
3040,2026-01-13,Iuran lingkungan,Tempat Tinggal,Pengeluaran,924505.0,Transfer Bank
3041,2024-08-11,Marketplace,Pembayaran Langganan,Pengeluaran,63210.0,Transfer Bank
3042,2025-08-12,Listrik,Tempat Tinggal,Pengeluaran,920298.0,Kartu Kredit
3043,2024-06-15,Wifi rumah,Pulsa & Internet,Pengeluaran,173302.0,E-Wallet
3044,2025-10-07,Wifi rumah,Pulsa & Internet,Pengeluaran,39577.0,Transfer Bank
3045,2026-03-01,Beli pakaian,Belanja Bulanan,Pengeluaran,193523.0,Kartu Debit
3046,2024-07-14,Bensin,Transportasi,Pengeluaran,10000.0,Transfer Bank
3047,2026-04-27,KRL,Transportasi,Pengeluaran,20991.0,Tunai
3048,2025-04-23,Peralatan rumah,Belanja Bulanan,Pengeluaran,276453.0,Kartu Debit
3049,2025-05-28,Service AC,Tempat Tinggal,Pengeluaran,713925.0,Kartu Debit
3050,2024-11-21,Marketplace,Transfer Teman/Keluarga,Pemasukan,277314.0,Tunai
3051,2024-05-31,Membership,Pembayaran Langganan,Pengeluaran,57842.0,Transfer Bank
3052,2025-05-18,Minimarket,Belanja Bulanan,Pengeluaran,241682.0,Kartu Kredit
3053,2025-09-13,Liburan,Hiburan,Pengeluaran,97205.0,Kartu Kredit
3054,2026-04-30,Air,Tempat Tinggal,Pengeluaran,661699.0,E-Wallet
3055,2025-07-19,Lazada,Belanja Bulanan,Pengeluaran,113050.0,Tunai
3056,2024-09-14,Transfer,Pembayaran Langganan,Pengeluaran,119428.0,E-Wallet
3057,2024-09-07,Listrik,Tempat Tinggal,Pengeluaran,1257164.0,Kartu Debit
3058,2025-11-24,Bonus,Gaji,Pemasukan,8110922.0,Transfer Bank
3059,2025-02-25,Restoran,Makanan & Minuman,Pengeluaran,55943.0,Kartu Debit
3060,2025-07-26,Beli pakaian,Belanja Bulanan,Pengeluaran,515886.0,E-Wallet
3061,2024-10-08,Membership,Pembayaran Langganan,Pengeluaran,157932.0,Kartu Debit
3062,2025-11-01,Kirim uang,Transfer Teman/Keluarga,Pemasukan,239374.0,Tunai
3063,2025-07-14,Patungan,Transfer Teman/Keluarga,Pemasukan,296601.0,Transfer Bank
3064,2024-07-15,Bonus,Gaji,Pemasukan,4040818.0,E-Wallet
3065,2024-09-10,Beli pakaian,Belanja Bulanan,Pengeluaran,268098.0,Tunai
3066,2026-02-12,Pulsa,Pulsa & Internet,Pengeluaran,188258.0,Kartu Kredit
3067,2024-08-26,GoFood,Makanan & Minuman,Pengeluaran,51592.0,Kartu Debit
3068,2025-02-10,Grab,Transportasi,Pengeluaran,18050.0,Kartu Debit
3069,2024-06-04,Pembayaran digital,Transfer Teman/Keluarga,Pengeluaran,183003.0,Kartu Kredit
3070,2024-09-08,KRL,Transportasi,Pengeluaran,33635.0,Kartu Debit
3071,2025-09-20,Patungan,Transfer Teman/Keluarga,Pengeluaran,178847.0,Transfer Bank
3072,2024-11-24,Konser,Hiburan,Pengeluaran,69241.0,Kartu Debit
3073,2024-10-06,GrabbFood,Makanan & Minuman,Pengeluaran,54797.0,Kartu Debit
3074,2025-09-22,Patungan,Transfer Teman/Keluarga,Pengeluaran,10000.0,E-Wallet
3075,2026-01-07,Cloud storage,Pembayaran Langganan,Pengeluaran,178017.0,Kartu Debit
3076,2025-05-17,KRL,Transportasi,Pengeluaran,17523.0,Kartu Debit
3077,2025-11-23,Wifi rumah,Pulsa & Internet,Pengeluaran,187429.0,Kartu Kredit
3078,2024-10-02,Peralatan rumah,Belanja Bulanan,Pengeluaran,312397.0,E-Wallet
3079,2024-08-04,THR,Gaji,Pemasukan,9289801.0,Transfer Bank
3080,2025-11-16,Marketplace,Tempat Tinggal,Pengeluaran,662030.0,E-Wallet
3081,2025-04-15,Paket data,Pulsa & Internet,Pengeluaran,161461.0,Transfer Bank
3082,2025-11-29,Tagihan internet,Pulsa & Internet,Pengeluaran,34572.0,Kartu Debit
3083,2025-07-16,Patungan,Transfer Teman/Keluarga,Pengeluaran,209629.0,Kartu Kredit
3084,2024-09-27,Subscription,Pembayaran Langganan,Pengeluaran,147303.0,Transfer Bank
3085,2025-02-15,Liburan,Hiburan,Pengeluaran,100405.0,Kartu Debit
3086,2025-04-12,Tol,Transportasi,Pengeluaran,55199.0,Kartu Kredit
3087,2024-08-01,Transfer,Transfer Teman/Keluarga,Pemasukan,93303.0,E-Wallet
3088,2025-12-14,Wifi rumah,Pulsa & Internet,Pengeluaran,79254.0,Kartu Debit
3089,2025-04-05,Wifi rumah,Pulsa & Internet,Pengeluaran,244872.0,Kartu Kredit
3090,2024-09-03,Paket data,Pulsa & Internet,Pengeluaran,133459.0,E-Wallet
3091,2024-12-20,Tol,Transportasi,Pengeluaran,10000.0,E-Wallet
3092,2025-07-27,Restoran,Makanan & Minuman,Pengeluaran,67372.0,Kartu Debit
3093,2024-06-01,Patungan,Transfer Teman/Keluarga,Pengeluaran,338064.0,Tunai
3094,2025-09-24,Listrik,Tempat Tinggal,Pengeluaran,320371.0,Kartu Debit
3095,2024-06-28,Listrik,Tempat Tinggal,Pengeluaran,598872.0,Kartu Kredit
3096,2025-08-20,Marketplace,Makanan & Minuman,Pengeluaran,70540.0,Kartu Debit
3097,2026-05-14,MRT,Transportasi,Pengeluaran,14665.0,E-Wallet
3098,2025-04-02,Transfer,Transfer Teman/Keluarga,Pengeluaran,272748.0,Kartu Debit
3099,2026-03-07,Bensin,Transportasi,Pengeluaran,10000.0,Kartu Kredit
3100,2026-02-10,Pembayaran digital,Tempat Tinggal,Pengeluaran,1266688.0,E-Wallet
3101,2026-01-02,Pulsa,Pulsa & Internet,Pengeluaran,172033.0,E-Wallet
3102,2025-11-22,Transfer,Transfer Teman/Keluarga,Pemasukan,14674.0,E-Wallet
3103,2026-03-29,Pembayaran digital,Belanja Bulanan,Pengeluaran,50359.0,Tunai
3104,2024-07-27,Patungan,Transfer Teman/Keluarga,Pemasukan,297765.0,Kartu Debit
3105,2024-12-22,Bensin,Transportasi,Pengeluaran,10352.0,Kartu Kredit
3106,2025-04-08,Grab,Transportasi,Pengeluaran,29986.0,E-Wallet
3107,2025-04-17,Kirim uang,Transfer Teman/Keluarga,Pemasukan,122353.0,Kartu Debit
3108,2025-03-12,Bonus,Gaji,Pemasukan,6171134.0,Kartu Debit
3109,2024-08-23,Ngopi,Makanan & Minuman,Pengeluaran,64763.0,Kartu Debit
3110,2025-11-24,Tol,Transportasi,Pengeluaran,52898.0,Tunai
3111,2025-07-23,Kirim uang,Transfer Teman/Keluarga,Pemasukan,325968.0,Kartu Debit
3112,2025-10-18,Kirim uang,Transfer Teman/Keluarga,Pemasukan,302821.0,Tunai
3113,2024-12-17,Tagihan internet,Pulsa & Internet,Pengeluaran,98367.0,Transfer Bank
3114,2026-01-20,MRT,Transportasi,Pengeluaran,28021.0,E-Wallet
3115,2024-11-22,Tagihan internet,Pulsa & Internet,Pengeluaran,128499.0,Kartu Debit
3116,2024-08-05,Gaji bulanan,Gaji,Pemasukan,4302993.0,Transfer Bank
3117,2026-05-20,Iuran lingkungan,Tempat Tinggal,Pengeluaran,1153627.0,Kartu Kredit
3118,2025-02-23,Tokopedia,Belanja Bulanan,Pengeluaran,191149.0,Transfer Bank
3119,2024-10-16,Shopee,Belanja Bulanan,Pengeluaran,90809.0,Tunai
3120,2025-07-20,Minimarket,Belanja Bulanan,Pengeluaran,94973.0,Kartu Debit
3121,2024-10-01,Gaji,Gaji,Pemasukan,7903060.0,E-Wallet
3122,2025-06-23,Minimarket,Makanan & Minuman,Pengeluaran,34239.0,Kartu Kredit
3123,2025-03-28,Parkir,Transportasi,Pengeluaran,29315.0,E-Wallet
3124,2024-11-03,Gaji bulanan,Gaji,Pemasukan,3039647.0,E-Wallet
3125,2024-10-27,THR,Gaji,Pemasukan,6151278.0,E-Wallet
3126,2025-08-05,Bayar teman,Transfer Teman/Keluarga,Pemasukan,1044155.0,Tunai
3127,2025-04-13,Service AC,Tempat Tinggal,Pengeluaran,909010.0,Kartu Debit
3128,2025-04-12,Konser,Hiburan,Pengeluaran,86768.0,Kartu Debit
3129,2024-11-26,Tol,Transportasi,Pengeluaran,21222.0,Transfer Bank
3130,2026-02-03,Gaji bulanan,Gaji,Pemasukan,7294301.0,Kartu Kredit
5022,2024-06-21,Bensin,Transportasi,Pengeluaran,23510.0,Kartu Kredit
3132,2024-11-01,Gym membership,Pembayaran Langganan,Pengeluaran,84644.0,Kartu Debit
3133,2025-11-15,Bonus,Gaji,Pemasukan,5497278.0,Kartu Debit
3134,2026-01-13,MRT,Transportasi,Pengeluaran,13153.0,Transfer Bank
3135,2026-03-01,Parkir,Transportasi,Pengeluaran,46668.0,Kartu Debit
3136,2025-06-19,Minimarket,Makanan & Minuman,Pengeluaran,54677.0,Kartu Debit
3137,2024-10-22,Transfer,Gaji,Pemasukan,7431992.0,Kartu Debit
3138,2024-12-09,Konser,Hiburan,Pengeluaran,269711.0,Kartu Kredit
3139,2025-01-15,Tagihan,Pulsa & Internet,Pengeluaran,31761.0,Transfer Bank
3140,2025-05-01,Service AC,Tempat Tinggal,Pengeluaran,585540.0,Tunai
3141,2026-04-11,Jajan,Makanan & Minuman,Pengeluaran,55215.0,E-Wallet
3142,2025-10-22,Wifi rumah,Pulsa & Internet,Pengeluaran,97409.0,Kartu Debit
3143,2025-10-09,Konser,Hiburan,Pengeluaran,89889.0,Tunai
3144,2024-10-28,Grabb,Transportasi,Pengeluaran,30985.0,Kartu Debit
3145,2024-08-29,Marketplace,Makanan & Minuman,Pengeluaran,68874.0,Transfer Bank
3146,2024-09-06,Bioskop,Hiburan,Pengeluaran,44911.0,Kartu Debit
3147,2024-07-27,Patungan,Transfer Teman/Keluarga,Pengeluaran,499064.0,Tunai
3148,2025-02-24,GoFood,Makanan & Minuman,Pengeluaran,66289.0,Tunai
3149,2025-09-13,THR,Gaji,Pemasukan,13500554.0,Kartu Debit
3150,2025-10-20,Trf,Transfer Teman/Keluarga,Pemasukan,514250.0,Kartu Debit
3151,2025-02-16,Transfer,Transfer Teman/Keluarga,Pengeluaran,807179.0,Kartu Debit
3152,2024-11-06,Patungan,Transfer Teman/Keluarga,Pengeluaran,515468.0,Kartu Kredit
3153,2026-04-05,Pulsa,Pulsa & Internet,Pengeluaran,149938.0,Tunai
3154,2024-10-10,Membership,Pembayaran Langganan,Pengeluaran,158105.0,E-Wallet
3155,2025-08-29,Gaji bulanan,Gaji,Pemasukan,6267104.0,Tunai
3156,2024-07-21,Spotify,Hiburan,Pengeluaran,170252.0,Kartu Debit
3157,2026-03-29,Tokopedia,Belanja Bulanan,Pengeluaran,92862.0,Transfer Bank
3158,2024-11-01,Liburan,Hiburan,Pengeluaran,31727.0,Kartu Kredit
3159,2026-04-12,Makan malam,Makanan & Minuman,Pengeluaran,23204.0,E-Wallet
3160,2024-11-26,Tagihan,Tempat Tinggal,Pengeluaran,144616.0,E-Wallet
3162,2025-04-27,Transfer,Belanja Bulanan,Pengeluaran,19164.0,Kartu Debit
3163,2024-12-12,Kirim uang,Transfer Teman/Keluarga,Pengeluaran,238580.0,E-Wallet
3164,2024-11-10,Restoran,Makanan & Minuman,Pengeluaran,10000.0,Kartu Kredit
3165,2025-07-03,Gaji bulanan,Gaji,Pemasukan,7643942.0,Transfer Bank
3166,2025-09-02,Liburan,Hiburan,Pengeluaran,95838.0,E-Wallet
3167,2025-08-09,Iuran lingkungan,Tempat Tinggal,Pengeluaran,780392.0,E-Wallet
3168,2026-01-09,Bayar teman,Transfer Teman/Keluarga,Pengeluaran,92464.0,E-Wallet
3169,2025-06-10,GoFood,Makanan & Minuman,Pengeluaran,60032.0,E-Wallet
3170,2025-08-06,MRT,Transportasi,Pengeluaran,71756.0,E-Wallet
3171,2024-07-25,Parkir,Transportasi,Pengeluaran,13322.0,Kartu Debit
3172,2024-08-20,Tol,Transportasi,Pengeluaran,13901.0,Kartu Debit
3173,2024-10-14,Spotify,Hiburan,Pengeluaran,541904.0,Kartu Debit
3174,2025-06-05,Minimarket,Belanja Bulanan,Pengeluaran,274883.0,E-Wallet
3175,2025-04-16,Transfer,Transfer Teman/Keluarga,Pengeluaran,124273.0,Transfer Bank
3176,2024-11-18,Parkir,Transportasi,Pengeluaran,29894.0,Tunai
3177,2025-11-25,Parkir,Transportasi,Pengeluaran,35485.0,E-Wallet
3178,2025-09-30,Paket data,Pulsa & Internet,Pengeluaran,74629.0,E-Wallet
3179,2025-01-05,Tagihan internet,Pulsa & Internet,Pengeluaran,145153.0,Kartu Debit
3180,2024-09-29,Patungan,Transfer Teman/Keluarga,Pengeluaran,10000.0,E-Wallet
5023,2025-12-12,Subscription,Pembayaran Langganan,Pengeluaran,56680.0,Kartu Debit
3182,2024-09-14,Liburan,Hiburan,Pengeluaran,53243.0,E-Wallet
3183,2025-11-01,Shopee,Belanja Bulanan,Pengeluaran,79113.0,E-Wallet
3184,2024-10-31,Gym membership,Pembayaran Langganan,Pengeluaran,158312.0,Transfer Bank
3185,2024-09-05,Wifi rumah,Pulsa & Internet,Pengeluaran,246426.0,Kartu Debit
3186,2024-12-25,Tagihan internet,Pulsa & Internet,Pengeluaran,72646.0,Transfer Bank
3187,2024-07-09,Minimarket,Makanan & Minuman,Pengeluaran,49816.0,E-Wallet
3188,2024-10-29,Transfer,Transfer Teman/Keluarga,Pengeluaran,209726.0,Kartu Debit
3189,2025-06-25,Pulsa,Pulsa & Internet,Pengeluaran,147153.0,Kartu Debit
3190,2025-11-24,Iuran lingkungan,Tempat Tinggal,Pengeluaran,1164376.0,Kartu Kredit
3191,2026-03-23,THR,Gaji,Pemasukan,6506048.0,E-Wallet
3192,2025-03-19,Cloud storage,Pembayaran Langganan,Pengeluaran,86289.0,Transfer Bank
3193,2024-10-29,Gojek,Transportasi,Pengeluaran,36580.0,Transfer Bank
3194,2025-02-18,Bioskop,Hiburan,Pengeluaran,98816.0,Kartu Debit
3195,2024-09-01,Subscription,Pembayaran Langganan,Pengeluaran,79580.0,E-Wallet
3196,2025-04-02,Netflix,Hiburan,Pengeluaran,339938.0,Tunai
3197,2025-02-17,Patungan,Transfer Teman/Keluarga,Pengeluaran,327187.0,E-Wallet
3198,2024-12-01,Transfer,Transfer Teman/Keluarga,Pemasukan,328054.0,Kartu Kredit
3199,2026-02-06,Membership,Pembayaran Langganan,Pengeluaran,101460.0,Transfer Bank
3200,2026-05-22,Bayar teman,Transfer Teman/Keluarga,Pengeluaran,199253.0,Kartu Debit
3201,2025-02-02,Iuran lingkungan,Tempat Tinggal,Pengeluaran,1258595.0,E-Wallet
3202,2026-03-31,Liburan,Hiburan,Pengeluaran,137626.0,Kartu Debit
3203,2025-04-18,Wifi rumah,Pulsa & Internet,Pengeluaran,89857.0,Kartu Kredit
3204,2024-11-09,Subscription,Pembayaran Langganan,Pengeluaran,109140.0,Tunai
3205,2024-09-22,Bioskop,Hiburan,Pengeluaran,128951.0,E-Wallet
3206,2025-11-30,Shopee,Belanja Bulanan,Pengeluaran,138874.0,Kartu Debit
3207,2025-05-04,Wifi rumah,Pulsa & Internet,Pengeluaran,102861.0,Tunai
3208,2025-09-22,Transfer,Transfer Teman/Keluarga,Pemasukan,440913.0,Kartu Debit
3209,2025-03-12,Gym membership,Pembayaran Langganan,Pengeluaran,25257.0,Kartu Debit
3210,2026-04-06,Shopee,Belanja Bulanan,Pengeluaran,175532.0,Kartu Kredit
3211,2025-01-13,Minimarket,Makanan & Minuman,Pengeluaran,25793.0,E-Wallet
3212,2025-11-15,Spotify,Hiburan,Pengeluaran,143716.0,Kartu Debit
3213,2026-04-27,GoFood,Makanan & Minuman,Pengeluaran,10000.0,Kartu Debit
3214,2025-05-31,Game online,Hiburan,Pengeluaran,44657.0,Transfer Bank
3215,2026-04-20,Transfer,Transfer Teman/Keluarga,Pemasukan,336444.0,Tunai
3216,2024-09-24,Bioskop,Hiburan,Pengeluaran,553761.0,Kartu Debit
3217,2024-08-14,Iuran lingkungan,Tempat Tinggal,Pengeluaran,822773.0,Kartu Kredit
3218,2025-11-25,Bioskop,Hiburan,Pengeluaran,144675.0,Kartu Debit
3219,2025-04-28,Minimarket,Makanan & Minuman,Pengeluaran,40685.0,Transfer Bank
5024,2025-12-30,Patungan,Transfer Teman/Keluarga,Pemasukan,65495.0,E-Wallet
3221,2026-03-16,Subscription,Pembayaran Langganan,Pengeluaran,87427.0,Kartu Debit
3222,2026-01-25,Bayar teman,Transfer Teman/Keluarga,Pemasukan,257379.0,E-Wallet
3223,2024-06-01,Gym membership,Pembayaran Langganan,Pengeluaran,212927.0,Kartu Debit
3224,2025-04-09,Peralatan rumah,Belanja Bulanan,Pengeluaran,133235.0,Transfer Bank
3225,2025-09-18,Bayar teman,Transfer Teman/Keluarga,Pengeluaran,274479.0,Transfer Bank
3226,2025-02-03,Cloud storage,Pembayaran Langganan,Pengeluaran,76791.0,Tunai
3227,2025-02-14,Gaji bulanan,Gaji,Pemasukan,7065614.0,Transfer Bank
3228,2025-11-16,Liburan,Hiburan,Pengeluaran,140586.0,Transfer Bank
3229,2026-02-08,Tagihan,Makanan & Minuman,Pengeluaran,85829.0,Kartu Kredit
3230,2025-01-10,Patungan,Transfer Teman/Keluarga,Pengeluaran,369091.0,Kartu Debit
3231,2025-08-16,Supermarket,Belanja Bulanan,Pengeluaran,140343.0,Kartu Kredit
3232,2025-08-04,GoFood,Belanja Bulanan,Pengeluaran,41133.0,Transfer Bank
3233,2025-03-14,Spotify,Hiburan,Pengeluaran,25336.0,E-Wallet
3234,2025-01-17,Shopee,Belanja Bulanan,Pengeluaran,231696.0,E-Wallet
3235,2024-09-17,Bayar teman,Transfer Teman/Keluarga,Pengeluaran,237438.0,Kartu Kredit
3236,2025-08-19,Cloud storage,Pembayaran Langganan,Pengeluaran,178190.0,Kartu Debit
3237,2025-03-01,Lazada,Belanja Bulanan,Pengeluaran,183147.0,Kartu Debit
3238,2025-06-13,Shopee,Belanja Bulanan,Pengeluaran,288684.0,E-Wallet
3239,2024-12-14,Air,Tempat Tinggal,Pengeluaran,1168426.0,Kartu Kredit
5025,2025-02-08,Gaji bulanan,Gaji,Pemasukan,6997112.0,E-Wallet
3241,2024-11-09,Air,Tempat Tinggal,Pengeluaran,442306.0,Kartu Kredit
3242,2025-04-12,Bensin,Transportasi,Pengeluaran,30469.0,Tunai
3243,2024-06-16,Bayar teman,Transfer Teman/Keluarga,Pemasukan,92828.0,E-Wallet
3244,2025-12-28,Transfer,Transfer Teman/Keluarga,Pemasukan,320743.0,Kartu Kredit
3245,2025-01-27,Paket data,Pulsa & Internet,Pengeluaran,155205.0,Transfer Bank
3246,2025-09-13,Minimarket,Belanja Bulanan,Pengeluaran,210085.0,Kartu Debit
3247,2024-07-18,Kirim uang,Transfer Teman/Keluarga,Pemasukan,280260.0,E-Wallet
3248,2026-04-05,Transfer,Makanan & Minuman,Pengeluaran,49308.0,Kartu Kredit
3249,2026-02-16,Pulsa,Pulsa & Internet,Pengeluaran,136228.0,Tunai
3250,2025-04-07,Gym membership,Pembayaran Langganan,Pengeluaran,215521.0,E-Wallet
3251,2024-11-22,Kirim uang,Transfer Teman/Keluarga,Pemasukan,227315.0,E-Wallet
3252,2025-08-24,Makan malam,Makanan & Minuman,Pengeluaran,84886.0,Transfer Bank
3253,2026-04-03,Bayar teman,Transfer Teman/Keluarga,Pengeluaran,349539.0,Kartu Debit
3254,2026-04-07,Lazada,Belanja Bulanan,Pengeluaran,153902.0,Kartu Debit
3255,2025-04-30,Bioskop,Hiburan,Pengeluaran,71906.0,Tunai
3256,2026-04-03,Bayar kos,Tempat Tinggal,Pengeluaran,1126930.0,Transfer Bank
3257,2024-07-18,Bensin,Transportasi,Pengeluaran,37655.0,Transfer Bank
3258,2025-04-21,Listrik,Tempat Tinggal,Pengeluaran,1090451.0,Tunai
3259,2025-01-26,Patungan,Transfer Teman/Keluarga,Pemasukan,373147.0,E-Wallet
3260,2024-09-06,Peralatan rumah,Belanja Bulanan,Pengeluaran,172647.0,Kartu Kredit
3261,2025-04-27,Service AC,Tempat Tinggal,Pengeluaran,325107.0,Transfer Bank
3262,2025-01-14,Konser,Hiburan,Pengeluaran,94112.0,Kartu Kredit
3263,2026-04-06,MRT,Transportasi,Pengeluaran,22113.0,Tunai
3264,2025-12-01,Subscription,Pembayaran Langganan,Pengeluaran,208687.0,E-Wallet
3265,2025-11-30,Wifi rumah,Pulsa & Internet,Pengeluaran,40704.0,Transfer Bank
3266,2025-02-17,Tol,Transportasi,Pengeluaran,13827.0,Tunai
3267,2024-11-28,Transfer,Transfer Teman/Keluarga,Pengeluaran,10000.0,E-Wallet
3268,2025-04-12,Paket data,Pulsa & Internet,Pengeluaran,94422.0,E-Wallet
3269,2025-04-17,Gaji bulanan,Gaji,Pemasukan,4792556.0,E-Wallet
3270,2026-03-12,Tagihan,Belanja Bulanan,Pengeluaran,134894.0,E-Wallet
3271,2025-06-01,Makanan & Minuman,Makanan & Minuman,Pengeluaran,53266.0,Kartu Debit
3272,2025-04-14,Patungan,Transfer Teman/Keluarga,Pengeluaran,605522.0,E-Wallet
3273,2024-06-04,Tagihan internet,Pulsa & Internet,Pengeluaran,119298.0,Kartu Kredit
3274,2024-11-15,Bayar teman,Transfer Teman/Keluarga,Pemasukan,183602.0,Transfer Bank
3275,2025-01-22,Cafe,Makanan & Minuman,Pengeluaran,22516.0,E-Wallet
3276,2024-08-13,Tokopedia,Belanja Bulanan,Pengeluaran,356560.0,Kartu Debit
3277,2026-04-17,Pembayaran digital,Tempat Tinggal,Pengeluaran,764166.0,Kartu Debit
3278,2025-07-10,Patungan,Transfer Teman/Keluarga,Pemasukan,421331.0,E-Wallet
3280,2026-01-15,Transfer,Transportasi,Pengeluaran,10000.0,Transfer Bank
3281,2025-04-07,Membership,Pembayaran Langganan,Pengeluaran,98142.0,Lainnya
3282,2025-10-10,Bayar teman,Transfer Teman/Keluarga,Pemasukan,742443.0,Transfer Bank
3283,2025-09-24,Tagihan,Pulsa & Internet,Pengeluaran,40442.0,Kartu Debit
3284,2025-02-25,Liburan,Hiburan,Pengeluaran,316466.0,Kartu Debit
3285,2024-07-31,Bonus,Gaji,Pemasukan,6916479.0,E-Wallet
3286,2024-08-24,Membership,Pembayaran Langganan,Pengeluaran,58503.0,Kartu Debit
3287,2025-03-21,Wifi rumah,Pulsa & Internet,Pengeluaran,65591.0,Kartu Kredit
3288,2025-04-02,Gojek,Transportasi,Pengeluaran,125100.0,Kartu Kredit
3289,2024-05-28,Tagihan,Transportasi,Pengeluaran,35671.0,E-Wallet
3290,2026-04-22,THR,Gaji,Pemasukan,7113845.0,Kartu Kredit
3291,2025-02-05,Trf,Pulsa & Internet,Pengeluaran,101552.0,Tunai
3292,2025-01-10,Service AC,Tempat Tinggal,Pengeluaran,882559.0,Transfer Bank
3293,2025-10-24,Transfer,Belanja Bulanan,Pengeluaran,567476.0,Transfer Bank
3294,2025-03-29,Listrik,Tempat Tinggal,Pengeluaran,1065771.0,E-Wallet
3295,2026-03-28,Bayar kos,Tempat Tinggal,Pengeluaran,1160700.0,Kartu Debit
3296,2025-11-15,Minimarket,Belanja Bulanan,Pengeluaran,365440.0,E-Wallet
5026,2025-07-26,Grab,Transportasi,Pengeluaran,42046.0,Kartu Kredit
3298,2026-02-07,Trf,Transfer Teman/Keluarga,Pemasukan,173000.0,Kartu Debit
3299,2026-02-19,Subscription,Hiburan,Pengeluaran,205211.0,Transfer Bank
3300,2024-07-14,Transfer,Transfer Teman/Keluarga,Pemasukan,338817.0,E-Wallet
3302,2026-02-25,Air,Tempat Tinggal,Pengeluaran,727729.0,E-Wallet
3303,2025-04-14,Shopee,Belanja Bulanan,Pengeluaran,126788.0,Kartu Debit
3304,2024-06-17,Service AC,Tempat Tinggal,Pengeluaran,1595869.0,Kartu Debit
3305,2024-11-10,KRL,Transportasi,Pengeluaran,22197.0,Transfer Bank
3306,2024-12-24,Subscription,Hiburan,Pengeluaran,80210.0,Kartu Debit
3307,2024-12-03,Lazada,Belanja Bulanan,Pengeluaran,326455.0,E-Wallet
3308,2025-10-17,Supermarket,Belanja Bulanan,Pengeluaran,141384.0,E-Wallet
3309,2025-12-05,Tagihan,Hiburan,Pengeluaran,895156.0,Transfer Bank
3310,2024-07-08,Tokopedia,Belanja Bulanan,Pengeluaran,282886.0,Kartu Debit
3311,2026-05-14,Marketplace,Belanja Bulanan,Pengeluaran,201427.0,Kartu Debit
3312,2025-02-25,Makan malam,Makanan & Minuman,Pengeluaran,35089.0,E-Wallet
3313,2024-11-26,Transfer,Transfer Teman/Keluarga,Pengeluaran,55998.0,Transfer Bank
3314,2025-04-25,Cloud storage,Pembayaran Langganan,Pengeluaran,36837.0,E-Wallet
3315,2025-05-24,Trf,Transfer Teman/Keluarga,Pemasukan,198930.0,Transfer Bank
3316,2025-02-03,Subscription,Pembayaran Langganan,Pengeluaran,160566.0,Kartu Debit
3317,2026-04-17,THR,Gaji,Pemasukan,5741100.0,Kartu Debit
3319,2025-09-12,Patungan,Transfer Teman/Keluarga,Pengeluaran,296429.0,Kartu Debit
3320,2025-12-07,Bayar teman,Transfer Teman/Keluarga,Pemasukan,355256.0,Lainnya
3321,2026-03-27,Gojek,Transportasi,Pengeluaran,27643.0,Tunai
3322,2024-11-18,Minimarket,Belanja Bulanan,Pengeluaran,106206.0,Kartu Debit
3323,2025-07-26,Marketplace,Pulsa & Internet,Pengeluaran,122591.0,Kartu Debit
3324,2026-05-20,Gym membership,Pembayaran Langganan,Pengeluaran,161069.0,Transfer Bank
3325,2026-03-11,Tagihan internet,Pulsa & Internet,Pengeluaran,91078.0,Transfer Bank
3326,2025-08-16,Tagihan internet,Pulsa & Internet,Pengeluaran,111281.0,Kartu Debit
3327,2025-03-21,Subscription,Pembayaran Langganan,Pengeluaran,17089.0,Kartu Kredit
3328,2025-09-23,Kirim uang,Transfer Teman/Keluarga,Pengeluaran,173889.0,Tunai
3329,2024-12-01,Hiburan,Hiburan,Pengeluaran,46100.0,E-Wallet
3330,2024-11-16,Lazada,Belanja Bulanan,Pengeluaran,152978.0,Kartu Debit
3331,2024-05-28,Konser,Hiburan,Pengeluaran,48872.0,Tunai
3332,2025-06-17,Cafe,Makanan & Minuman,Pengeluaran,52536.0,Transfer Bank
3333,2025-12-19,Subscription,Pembayaran Langganan,Pengeluaran,143198.0,Tunai
3334,2025-09-30,Tokopedia,Belanja Bulanan,Pengeluaran,72268.0,Kartu Kredit
3335,2026-01-01,Bayar teman,Transfer Teman/Keluarga,Pemasukan,101720.0,Kartu Debit
3336,2024-06-09,THR,Gaji,Pemasukan,8292741.0,E-Wallet
3337,2024-11-12,Bensin,Transportasi,Pengeluaran,22289.0,Tunai
3338,2026-04-02,Ngopi,Makanan & Minuman,Pengeluaran,56947.0,Tunai
5027,2025-03-11,Cloud storage,Pembayaran Langganan,Pengeluaran,74959.0,Kartu Kredit
3340,2025-03-21,Subscription,Pembayaran Langganan,Pengeluaran,150862.0,Kartu Debit
3341,2025-08-04,Transfer,Transfer Teman/Keluarga,Pemasukan,10000.0,Kartu Debit
3342,2025-04-15,Tokopedia,Belanja Bulanan,Pengeluaran,74796.0,Transfer Bank
3343,2024-10-09,Tagihan,Tempat Tinggal,Pengeluaran,781744.0,Transfer Bank
3344,2026-05-07,Makan malam,Makanan & Minuman,Pengeluaran,43991.0,Tunai
3345,2025-06-06,Lazada,Belanja Bulanan,Pengeluaran,310731.0,Tunai
3346,2025-12-08,Konser,Hiburan,Pengeluaran,103788.0,Transfer Bank
3347,2026-01-09,Transfer,Transfer Teman/Keluarga,Pengeluaran,464192.0,Kartu Debit
3348,2025-08-14,Transfer,Transfer Teman/Keluarga,Pengeluaran,321437.0,Kartu Debit
3349,2025-01-04,Bayar kos,Tempat Tinggal,Pengeluaran,709300.0,Transfer Bank
3350,2025-05-26,Makan siang,Makanan & Minuman,Pengeluaran,82090.0,Transfer Bank
3351,2025-05-29,Bonus,Gaji,Pemasukan,7089130.0,Kartu Debit
3352,2025-12-28,Gaji bulanan,Gaji,Pemasukan,4279956.0,Kartu Kredit
3353,2025-04-05,Restoran,Makanan & Minuman,Pengeluaran,19222.0,Kartu Debit
3354,2025-09-27,Grab,Transportasi,Pengeluaran,15549.0,E-Wallet
3356,2024-06-11,Listrik,Tempat Tinggal,Pengeluaran,396676.0,Transfer Bank
3357,2024-11-09,GrabbFood,Makanan & Minuman,Pengeluaran,73344.0,E-Wallet
3358,2026-03-07,Transfer,Transfer Teman/Keluarga,Pengeluaran,488267.0,E-Wallet
3359,2025-06-19,Makan malam,Makanan & Minuman,Pengeluaran,59973.0,Tunai
3360,2026-03-01,Jajan,Makanan & Minuman,Pengeluaran,11150.0,Transfer Bank
3361,2025-11-18,Beli pakaian,Belanja Bulanan,Pengeluaran,189581.0,Kartu Debit
3362,2025-08-03,Bioskop,Hiburan,Pengeluaran,220502.0,Kartu Kredit
3363,2024-10-29,Tagihan,Tempat Tinggal,Pengeluaran,91442.0,Tunai
3364,2026-02-18,Lazada,Belanja Bulanan,Pengeluaran,99860.0,Lainnya
3365,2024-11-27,Makan malam,Makanan & Minuman,Pengeluaran,45598.0,E-Wallet
3366,2025-05-20,Minimarket,Belanja Bulanan,Pengeluaran,227053.0,E-Wallet
3367,2024-11-17,Pembayaran digital,Belanja Bulanan,Pengeluaran,166649.0,E-Wallet
3368,2025-05-13,Tokopedia,Belanja Bulanan,Pengeluaran,230345.0,Tunai
3369,2024-09-03,Bensin,Transportasi,Pengeluaran,34550.0,E-Wallet
3370,2026-02-16,Trf,Transfer Teman/Keluarga,Pemasukan,214066.0,Kartu Kredit
3371,2025-06-25,Subscription,Pembayaran Langganan,Pengeluaran,10000.0,Transfer Bank
3372,2024-10-02,Bonus,Gaji,Pemasukan,13326243.0,E-Wallet
3373,2026-05-14,Game online,Hiburan,Pengeluaran,34441.0,Kartu Debit
3374,2025-03-03,Iuran lingkungan,Tempat Tinggal,Pengeluaran,911303.0,E-Wallet
3375,2024-12-23,Gaji bulanan,Gaji,Pemasukan,6273752.0,Transfer Bank
3376,2024-10-20,Spotify,Hiburan,Pengeluaran,81629.0,E-Wallet
3377,2024-07-21,Gym membership,Pembayaran Langganan,Pengeluaran,198377.0,Tunai
3378,2025-08-15,Shopee,Belanja Bulanan,Pengeluaran,1178447.0,Kartu Debit
3379,2025-10-10,Gaji bulanan,Gaji,Pemasukan,6208939.0,Tunai
3380,2024-05-27,Tokopedia,Belanja Bulanan,Pengeluaran,210269.0,Kartu Debit
3381,2025-06-22,Pembayaran digital,Pembayaran Langganan,Pengeluaran,58111.0,Transfer Bank
3382,2024-09-06,Grab,Transportasi,Pengeluaran,34904.0,Transfer Bank
3383,2025-10-28,Gojek,Transportasi,Pengeluaran,11346.0,E-Wallet
3384,2024-10-30,Air,Tempat Tinggal,Pengeluaran,993361.0,E-Wallet
3385,2025-12-20,Iuran lingkungan,Tempat Tinggal,Pengeluaran,1121577.0,Kartu Kredit
3386,2025-11-29,Gojek,Transportasi,Pengeluaran,14924.0,Kartu Debit
3387,2025-12-07,Listrik,Tempat Tinggal,Pengeluaran,823155.0,Transfer Bank
3388,2024-07-19,Pulsa,Pulsa & Internet,Pengeluaran,164227.0,Kartu Debit
3389,2024-10-23,Kirim uang,Transfer Teman/Keluarga,Pengeluaran,555329.0,Tunai
3390,2025-12-08,Netflix,Hiburan,Pengeluaran,486634.0,Kartu Debit
3391,2024-09-24,Pembayaran digital,Transfer Teman/Keluarga,Pemasukan,354585.0,Lainnya
3392,2025-01-27,Beli pakaian,Belanja Bulanan,Pengeluaran,197737.0,Kartu Kredit
3393,2025-01-21,Marketplace,Makanan & Minuman,Pengeluaran,24742.0,Tunai
3394,2024-10-20,Paket data,Pulsa & Internet,Pengeluaran,50818.0,Transfer Bank
3395,2024-05-27,Gojek,Transportasi,Pengeluaran,42055.0,Tunai
3396,2026-04-24,Pulsa,Pulsa & Internet,Pengeluaran,155125.0,Transfer Bank
3397,2024-11-18,Shopee,Belanja Bulanan,Pengeluaran,172749.0,E-Wallet
3398,2025-04-18,Tokopedia,Belanja Bulanan,Pengeluaran,113038.0,E-Wallet
3399,2025-07-13,Listrik,Tempat Tinggal,Pengeluaran,781022.0,Transfer Bank
3400,2024-11-29,Gaji bulanan,Gaji,Pemasukan,5728991.0,Kartu Kredit
3401,2024-11-25,Subscription,Pembayaran Langganan,Pengeluaran,170055.0,Tunai
3402,2024-11-05,Makan siang,Makanan & Minuman,Pengeluaran,60436.0,Kartu Kredit
3403,2025-12-07,Patungan,Transfer Teman/Keluarga,Pengeluaran,299367.0,Transfer Bank
3404,2024-11-29,Paket data,Pulsa & Internet,Pengeluaran,10000.0,Transfer Bank
3405,2025-07-01,Gojek,Transportasi,Pengeluaran,44857.0,E-Wallet
3406,2025-04-24,Gojek,Transportasi,Pengeluaran,110118.0,E-Wallet
3407,2025-04-08,Pulsa,Pulsa & Internet,Pengeluaran,88980.0,Kartu Debit
3408,2024-12-23,Transfer,Transfer Teman/Keluarga,Pemasukan,417637.0,Kartu Debit
3409,2025-07-31,MRT,Transportasi,Pengeluaran,17821.0,Kartu Debit
3410,2025-11-20,Tagihan,Makanan & Minuman,Pengeluaran,45663.0,Tunai
3411,2025-11-26,Membership,Pembayaran Langganan,Pengeluaran,89041.0,E-Wallet
3412,2025-04-06,Kirim uang,Transfer Teman/Keluarga,Pemasukan,316325.0,E-Wallet
3413,2025-12-16,Subscription,Pembayaran Langganan,Pengeluaran,102296.0,Transfer Bank
3414,2026-03-19,Bioskop,Hiburan,Pengeluaran,71396.0,E-Wallet
5028,2024-09-04,Tagihan internet,Pulsa & Internet,Pengeluaran,78341.0,E-Wallet
3416,2025-06-27,Tagihan,Pembayaran Langganan,Pengeluaran,113879.0,Kartu Kredit
3417,2026-02-19,Bonus,Gaji,Pemasukan,4372786.0,Transfer Bank
3418,2025-06-13,Lazada,Belanja Bulanan,Pengeluaran,92120.0,Kartu Kredit
3419,2025-09-22,Iuran lingkungan,Tempat Tinggal,Pengeluaran,1007806.0,Kartu Debit
3420,2026-05-19,Restoran,Makanan & Minuman,Pengeluaran,26975.0,Transfer Bank
3421,2025-04-17,KRL,Transportasi,Pengeluaran,58117.0,Kartu Debit
3422,2024-07-19,Tagihan,Hiburan,Pengeluaran,114917.0,Kartu Debit
3423,2024-10-20,Kirim uang,Transfer Teman/Keluarga,Pemasukan,139858.0,Transfer Bank
3424,2024-12-22,Konser,Hiburan,Pengeluaran,62497.0,E-Wallet
3425,2026-03-09,GrabFood,Makanan & Minuman,Pengeluaran,53204.0,Kartu Debit
3426,2024-06-19,Pulsa,Pulsa & Internet,Pengeluaran,73922.0,Tunai
3427,2025-11-29,Marketplace,Transfer Teman/Keluarga,Pengeluaran,10000.0,Kartu Debit
3428,2024-12-04,Bayar teman,Transfer Teman/Keluarga,Pemasukan,220523.0,Transfer Bank
3429,2025-12-10,Game online,Hiburan,Pengeluaran,77666.0,Kartu Debit
3430,2026-04-15,Tagihan internet,Pulsa & Internet,Pengeluaran,421894.0,E-Wallet
3431,2025-08-23,Konser,Hiburan,Pengeluaran,111234.0,E-Wallet
3432,2025-11-15,Cloud storage,Pembayaran Langganan,Pengeluaran,79833.0,E-Wallet
3433,2025-01-19,Transfer,Hiburan,Pengeluaran,81330.0,Kartu Debit
3434,2025-01-31,Marketplace,Hiburan,Pengeluaran,58402.0,E-Wallet
3435,2024-10-28,Lazada,Belanja Bulanan,Pengeluaran,112303.0,Kartu Debit
3436,2025-07-29,Patungan,Transfer Teman/Keluarga,Pemasukan,271011.0,E-Wallet
3437,2025-03-17,Bayar teman,Transfer Teman/Keluarga,Pemasukan,365834.0,Transfer Bank
3438,2024-07-31,Parkir,Transportasi,Pengeluaran,17508.0,E-Wallet
3439,2025-04-12,GoFood,Makanan & Minuman,Pengeluaran,74130.0,E-Wallet
3440,2025-03-14,Minimarket,Belanja Bulanan,Pengeluaran,186190.0,Kartu Debit
3441,2025-07-17,Spotfy,Hiburan,Pengeluaran,120628.0,Tunai
3442,2025-08-29,Wifi rumah,Pulsa & Internet,Pengeluaran,92456.0,Kartu Debit
3443,2026-03-19,Makan siang,Makanan & Minuman,Pengeluaran,14824.0,Kartu Debit
3444,2024-12-14,Listrik,Tempat Tinggal,Pengeluaran,895217.0,Kartu Kredit
3445,2024-11-23,Transfer,Belanja Bulanan,Pengeluaran,242086.0,Tunai
3446,2025-12-07,Tagihan internet,Pulsa & Internet,Pengeluaran,126139.0,Kartu Debit
3447,2025-07-31,Minimarket,Belanja Bulanan,Pengeluaran,212818.0,E-Wallet
3448,2025-01-14,Tagihan,Transfer Teman/Keluarga,Pemasukan,10000.0,Kartu Debit
3449,2024-07-11,Restoran,Makanan & Minuman,Pengeluaran,65638.0,Transfer Bank
3450,2026-01-14,Tokopedia,Belanja Bulanan,Pengeluaran,146486.0,Tunai
3451,2025-09-08,Service AC,Tempat Tinggal,Pengeluaran,1093652.0,Tunai
3452,2026-05-05,GrabFood,Makanan & Minuman,Pengeluaran,34730.0,Transfer Bank
3453,2024-07-28,Gaji bulanan,Gaji,Pemasukan,7563835.0,Transfer Bank
3454,2026-04-09,Pembayaran digital,Makanan & Minuman,Pengeluaran,16488.0,E-Wallet
3455,2026-02-06,Shopee,Belanja Bulanan,Pengeluaran,130931.0,Tunai
3456,2025-03-14,Pulsa,Pulsa & Internet,Pengeluaran,47404.0,Kartu Debit
3457,2025-08-14,MRT,Transportasi,Pengeluaran,126058.0,Kartu Debit
3458,2026-03-11,Gojek,Transportasi,Pengeluaran,20438.0,Tunai
3459,2025-12-27,Wifi rumah,Pulsa & Internet,Pengeluaran,62675.0,Kartu Debit
3460,2025-11-02,Gym membership,Pembayaran Langganan,Pengeluaran,160408.0,Kartu Debit
3461,2024-07-02,Kirim uang,Transfer Teman/Keluarga,Pengeluaran,474335.0,E-Wallet
3462,2025-10-31,Listrik,Tempat Tinggal,Pengeluaran,1169608.0,Kartu Debit
3463,2026-02-07,Kirim uang,Transfer Teman/Keluarga,Pengeluaran,186310.0,Tunai
3464,2024-08-04,Shopee,Belanja Bulanan,Pengeluaran,198554.0,Kartu Debit
3465,2025-04-28,Tagihan internet,Pulsa & Internet,Pengeluaran,145742.0,E-Wallet
3466,2025-07-27,Bayar kos,Tempat Tinggal,Pengeluaran,1294003.0,Kartu Debit
3467,2025-04-24,Restoran,Makanan & Minuman,Pengeluaran,58567.0,Transfer Bank
3468,2024-06-08,MRT,Transportasi,Pengeluaran,33381.0,Tunai
3469,2024-07-03,Tagihan,Pembayaran Langganan,Pengeluaran,94587.0,E-Wallet
3470,2026-01-28,Iuran lingkungan,Tempat Tinggal,Pengeluaran,274097.0,Tunai
3471,2024-11-06,Tagihan,Belanja Bulanan,Pengeluaran,141309.0,Kartu Debit
3472,2024-10-07,Bayar teman,Transfer Teman/Keluarga,Pemasukan,186601.0,Kartu Debit
3473,2024-09-29,Tagihan internet,Pulsa & Internet,Pengeluaran,215029.0,E-Wallet
3474,2026-04-10,Paket data,Pulsa & Internet,Pengeluaran,105768.0,Kartu Kredit
3475,2025-09-27,Makan malam,Makanan & Minuman,Pengeluaran,67825.0,Transfer Bank
3476,2026-01-12,Kirim uang,Transfer Teman/Keluarga,Pemasukan,433117.0,Kartu Kredit
3477,2024-12-10,Tokopedia,Belanja Bulanan,Pengeluaran,440659.0,Tunai
3478,2026-05-01,Kirim uang,Transfer Teman/Keluarga,Pemasukan,323328.0,Kartu Debit
3479,2024-09-08,Transfer,Transfer Teman/Keluarga,Pengeluaran,200289.0,Kartu Kredit
3480,2026-02-12,Bayar teman,Transfer Teman/Keluarga,Pengeluaran,317259.0,Kartu Debit
3481,2024-09-26,Listrik,Tempat Tinggal,Pengeluaran,511843.0,Transfer Bank
3482,2026-02-15,Transfer,Transfer Teman/Keluarga,Pemasukan,31333.0,Tunai
3483,2026-03-11,Cloud storage,Pembayaran Langganan,Pengeluaran,90852.0,Kartu Kredit
3484,2025-07-17,Bayar teman,Transfer Teman/Keluarga,Pengeluaran,154983.0,Kartu Debit
3485,2025-01-13,Transfer,Transfer Teman/Keluarga,Pengeluaran,150032.0,E-Wallet
3486,2024-12-04,Marketplace,Transportasi,Pengeluaran,20844.0,E-Wallet
3488,2025-09-11,Grab,Transportasi,Pengeluaran,21544.0,E-Wallet
3489,2025-08-02,Service AC,Tempat Tinggal,Pengeluaran,570372.0,Tunai
3490,2024-08-08,Trf,Transfer Teman/Keluarga,Pengeluaran,374156.0,E-Wallet
3491,2025-04-29,Tagihan,Tempat Tinggal,Pengeluaran,258968.0,E-Wallet
3492,2026-01-01,Gaji bulanan,Gaji,Pemasukan,6679960.0,Tunai
3493,2025-08-31,Patungan,Transfer Teman/Keluarga,Pemasukan,164282.0,Transfer Bank
3494,2025-08-27,Restoran,Makanan & Minuman,Pengeluaran,69323.0,Transfer Bank
3495,2024-08-12,Pembayaran digital,Transfer Teman/Keluarga,Pemasukan,307113.0,Tunai
3496,2025-09-06,Cafe,Makanan & Minuman,Pengeluaran,80913.0,Kartu Debit
3498,2024-09-04,Spotfy,Hiburan,Pengeluaran,112420.0,Transfer Bank
3499,2024-11-22,Air,Tempat Tinggal,Pengeluaran,861407.0,E-Wallet
3500,2026-01-02,Kirim uang,Transfer Teman/Keluarga,Pemasukan,224527.0,Kartu Debit
3501,2025-09-02,Parkir,Transportasi,Pengeluaran,53633.0,E-Wallet
3502,2024-11-03,Subscription,Pembayaran Langganan,Pengeluaran,145728.0,E-Wallet
3503,2024-11-07,Trf,Transfer Teman/Keluarga,Pemasukan,24125.0,Kartu Debit
3504,2026-04-19,Patungan,Transfer Teman/Keluarga,Pengeluaran,242513.0,E-Wallet
3505,2026-01-28,Patungan,Transfer Teman/Keluarga,Pengeluaran,128597.0,Kartu Kredit
3506,2024-07-31,Netflix,Pulsa & Internet,Pengeluaran,48146.0,E-Wallet
3507,2026-03-20,Cloud storage,Pembayaran Langganan,Pengeluaran,89211.0,Kartu Debit
3508,2026-04-06,Listrik,Tempat Tinggal,Pengeluaran,583141.0,Tunai
3509,2024-12-30,Patungan,Transfer Teman/Keluarga,Pemasukan,141524.0,Tunai
3510,2025-05-30,THR,Gaji,Pemasukan,6793284.0,E-Wallet
3511,2024-08-22,Gym membership,Pembayaran Langganan,Pengeluaran,181629.0,E-Wallet
3512,2025-09-21,Transfer,Transfer Teman/Keluarga,Pengeluaran,371253.0,Kartu Debit
3513,2026-02-24,Minimarket,Belanja Bulanan,Pengeluaran,177191.0,Kartu Debit
3514,2025-11-13,Bonus,Gaji,Pemasukan,7061458.0,Transfer Bank
3515,2025-02-15,Patungan,Transfer Teman/Keluarga,Pemasukan,345536.0,E-Wallet
3516,2025-05-22,Tagihan internet,Pulsa & Internet,Pengeluaran,80994.0,Tunai
3517,2025-12-17,Kirim uang,Transfer Teman/Keluarga,Pemasukan,499015.0,Tunai
3518,2026-03-21,Gojek,Transportasi,Pengeluaran,18130.0,Kartu Debit
3519,2025-02-25,Tagihan internet,Pulsa & Internet,Pengeluaran,68727.0,Kartu Debit
3520,2024-06-21,Konser,Hiburan,Pengeluaran,107465.0,Kartu Debit
3521,2026-02-15,Tokopedia,Belanja Bulanan,Pengeluaran,106685.0,Kartu Kredit
3522,2025-09-03,Supermarket,Belanja Bulanan,Pengeluaran,149165.0,Tunai
3523,2024-08-21,Netfliix,Hiburan,Pengeluaran,96557.0,Kartu Debit
3524,2025-10-12,Pembayaran digital,Transfer Teman/Keluarga,Pengeluaran,399342.0,E-Wallet
3525,2024-11-25,Bonus,Gaji,Pemasukan,7206388.0,E-Wallet
3526,2024-12-03,Tagihan internet,Pulsa & Internet,Pengeluaran,120662.0,Transfer Bank
3527,2024-11-20,Kirim uang,Transfer Teman/Keluarga,Pengeluaran,180329.0,Kartu Debit
3528,2025-12-09,GoFood,Makanan & Minuman,Pengeluaran,66951.0,Kartu Kredit
3529,2026-05-11,Gaji bulanan,Gaji,Pemasukan,3314884.0,E-Wallet
3530,2025-12-22,Bayar kos,Tempat Tinggal,Pengeluaran,739333.0,Kartu Debit
3531,2024-08-12,Bayar teman,Transfer Teman/Keluarga,Pengeluaran,90330.0,Transfer Bank
3532,2025-05-18,Gym membership,Pembayaran Langganan,Pengeluaran,256382.0,Transfer Bank
3533,2025-02-24,Transfer,Transfer Teman/Keluarga,Pengeluaran,146077.0,Tunai
3534,2026-05-08,Pulsa,Pulsa & Internet,Pengeluaran,82594.0,Tunai
3535,2025-08-07,Game online,Hiburan,Pengeluaran,37132.0,Kartu Debit
3536,2024-10-18,Bayar kos,Tempat Tinggal,Pengeluaran,1007754.0,Transfer Bank
3537,2025-10-30,Gym membership,Pembayaran Langganan,Pengeluaran,106858.0,Kartu Debit
3538,2026-01-12,Konser,Hiburan,Pengeluaran,87858.0,Tunai
3539,2025-01-12,Bensin,Transportasi,Pengeluaran,28251.0,Kartu Debit
3540,2026-02-17,Patungan,Transfer Teman/Keluarga,Pemasukan,505640.0,Kartu Debit
3541,2025-10-09,Kirim uang,Transfer Teman/Keluarga,Pemasukan,235568.0,Transfer Bank
3542,2025-04-08,Ngopi,Makanan & Minuman,Pengeluaran,55178.0,Kartu Debit
3543,2025-03-07,Patungan,Transfer Teman/Keluarga,Pengeluaran,465045.0,Transfer Bank
3544,2024-07-05,Bonus,Gaji,Pemasukan,5012269.0,Kartu Debit
3545,2025-12-18,Bayar kos,Tempat Tinggal,Pengeluaran,953088.0,Kartu Debit
3546,2025-08-18,Konser,Hiburan,Pengeluaran,297545.0,Kartu Kredit
3547,2025-09-19,Tokopedia,Belanja Bulanan,Pengeluaran,186435.0,Transfer Bank
3548,2024-08-10,Pulsa,Pulsa & Internet,Pengeluaran,163631.0,Kartu Debit
3549,2024-09-23,Gaji bulanan,Gaji,Pemasukan,3746306.0,E-Wallet
3550,2025-01-10,Membership,Pembayaran Langganan,Pengeluaran,191223.0,E-Wallet
3551,2025-07-14,Bayar teman,Transfer Teman/Keluarga,Pengeluaran,177967.0,Kartu Debit
3552,2026-02-25,Bonus,Gaji,Pemasukan,6715080.0,E-Wallet
3553,2024-11-19,Pulsa,Pulsa & Internet,Pengeluaran,62953.0,E-Wallet
3554,2026-03-20,Tol,Transportasi,Pengeluaran,10000.0,Kartu Kredit
3555,2026-04-22,Konser,Hiburan,Pengeluaran,48113.0,Kartu Kredit
3556,2025-03-02,Gaji bulanan,Gaji,Pemasukan,18161490.0,E-Wallet
3557,2025-07-24,Makan malam,Makanan & Minuman,Pengeluaran,61640.0,Kartu Debit
3558,2025-04-17,Marketplace,Belanja Bulanan,Pengeluaran,179731.0,Transfer Bank
3559,2025-07-26,Bayar teman,Transfer Teman/Keluarga,Pemasukan,189298.0,Kartu Debit
3560,2025-03-22,MRT,Transportasi,Pengeluaran,49162.0,Kartu Kredit
3561,2025-02-17,Air,Tempat Tinggal,Pengeluaran,787586.0,E-Wallet
3562,2025-10-11,Marketplace,Belanja Bulanan,Pengeluaran,239805.0,Kartu Debit
3563,2024-10-29,Kirim uang,Transfer Teman/Keluarga,Pengeluaran,273199.0,Kartu Debit
3564,2026-02-23,Tol,Transportasi,Pengeluaran,87075.0,Kartu Debit
3565,2026-01-28,Service AC,Tempat Tinggal,Pengeluaran,1144757.0,Tunai
3566,2025-04-02,Tokopedia,Belanja Bulanan,Pengeluaran,89816.0,Kartu Debit
3567,2025-10-13,Trf,Gaji,Pemasukan,7065286.0,E-Wallet
3568,2026-03-27,Jajan,Makanan & Minuman,Pengeluaran,19486.0,Transfer Bank
3569,2024-08-04,Mkn malam,Makanan & Minuman,Pengeluaran,38060.0,Kartu Debit
3570,2026-02-25,Pembayaran digital,Hiburan,Pengeluaran,56458.0,Kartu Debit
3571,2026-01-15,Hiburan,Hiburan,Pengeluaran,201385.0,Tunai
3572,2025-01-11,Gojek,Transportasi,Pengeluaran,102257.0,Tunai
3573,2026-02-28,Subscription,Pembayaran Langganan,Pengeluaran,110426.0,E-Wallet
3574,2024-11-28,GrabbFood,Makanan & Minuman,Pengeluaran,24120.0,Kartu Kredit
3575,2025-11-17,Air,Tempat Tinggal,Pengeluaran,1158347.0,Transfer Bank
3576,2024-12-07,Paket data,Pulsa & Internet,Pengeluaran,92652.0,Transfer Bank
3577,2025-10-30,Paket data,Pulsa & Internet,Pengeluaran,113480.0,Kartu Kredit
3578,2025-11-09,GoFood,Makanan & Minuman,Pengeluaran,31208.0,Tunai
3579,2025-09-16,Bayar kos,Tempat Tinggal,Pengeluaran,613395.0,Kartu Debit
3580,2025-04-06,Iuran lingkungan,Tempat Tinggal,Pengeluaran,637466.0,Transfer Bank
3581,2024-06-29,Grab,Transportasi,Pengeluaran,29744.0,E-Wallet
3582,2025-01-18,Patungan,Transfer Teman/Keluarga,Pengeluaran,573452.0,Tunai
3583,2025-04-12,Gym membership,Pembayaran Langganan,Pengeluaran,97158.0,Tunai
3584,2025-02-17,Gym membership,Pembayaran Langganan,Pengeluaran,90635.0,Tunai
3585,2024-12-29,Listrik,Tempat Tinggal,Pengeluaran,163675.0,Kartu Kredit
3586,2024-08-13,Cloud storage,Pembayaran Langganan,Pengeluaran,72125.0,Kartu Debit
3587,2024-07-23,Shopee,Belanja Bulanan,Pengeluaran,137401.0,Kartu Kredit
3588,2025-07-04,Supermarket,Belanja Bulanan,Pengeluaran,289162.0,Transfer Bank
3589,2025-12-07,Marketplace,Pembayaran Langganan,Pengeluaran,25539.0,Kartu Kredit
3590,2025-01-22,Gym membership,Pembayaran Langganan,Pengeluaran,172596.0,Tunai
3591,2026-02-13,THR,Gaji,Pemasukan,6250571.0,E-Wallet
3592,2024-09-06,Shopee,Belanja Bulanan,Pengeluaran,171366.0,Kartu Kredit
3593,2025-12-03,Restoran,Makanan & Minuman,Pengeluaran,40971.0,Kartu Debit
3594,2025-04-06,THR,Gaji,Pemasukan,5092416.0,Tunai
3595,2025-05-20,Transfer,Pulsa & Internet,Pengeluaran,150748.0,E-Wallet
3596,2024-09-16,Marketplace,Belanja Bulanan,Pengeluaran,40096.0,Kartu Kredit
3597,2025-07-01,KRL,Transportasi,Pengeluaran,34387.0,Kartu Kredit
3598,2025-07-20,Membership,Pembayaran Langganan,Pengeluaran,255142.0,Kartu Debit
3599,2025-10-17,Grab,Transportasi,Pengeluaran,28084.0,Kartu Debit
3600,2026-01-30,Spotify,Hiburan,Pengeluaran,184647.0,Tunai
3601,2026-03-31,Patungan,Transfer Teman/Keluarga,Pengeluaran,173515.0,Transfer Bank
3602,2024-09-04,Service AC,Tempat Tinggal,Pengeluaran,543246.0,E-Wallet
3603,2024-06-03,Game online,Hiburan,Pengeluaran,48832.0,Transfer Bank
3604,2024-06-06,Gaji bulanan,Gaji,Pemasukan,5809448.0,Kartu Kredit
3605,2025-09-14,Pembayaran digital,Belanja Bulanan,Pengeluaran,451380.0,Tunai
3606,2025-07-29,GoFood,Makanan & Minuman,Pengeluaran,48635.0,E-Wallet
3607,2025-01-06,Parkir,Transportasi,Pengeluaran,10000.0,Tunai
3608,2026-04-06,Bensin,Transportasi,Pengeluaran,42098.0,Tunai
3610,2025-05-14,Gaji bulanan,Gaji,Pemasukan,6751977.0,Kartu Debit
3611,2025-09-26,Patungan,Transfer Teman/Keluarga,Pemasukan,282247.0,Tunai
3612,2025-08-29,Pembayaran digital,Makanan & Minuman,Pengeluaran,72468.0,E-Wallet
3613,2024-08-25,Wifi rumah,Pulsa & Internet,Pengeluaran,127079.0,E-Wallet
3614,2024-08-26,GrabFood,Makanan & Minuman,Pengeluaran,62138.0,Kartu Kredit
3615,2024-12-20,Pulsa,Pulsa & Internet,Pengeluaran,26323.0,Transfer Bank
3616,2024-07-08,Gym membership,Pembayaran Langganan,Pengeluaran,99301.0,E-Wallet
3617,2025-06-25,Cafe,Makanan & Minuman,Pengeluaran,66814.0,Tunai
3618,2026-02-28,Patungan,Transfer Teman/Keluarga,Pengeluaran,111261.0,Lainnya
3619,2024-12-17,Wifi rumah,Pulsa & Internet,Pengeluaran,110751.0,Transfer Bank
3620,2025-11-07,Patungan,Transfer Teman/Keluarga,Pengeluaran,95912.0,E-Wallet
3621,2024-07-29,KRL,Transportasi,Pengeluaran,10000.0,Kartu Debit
3622,2025-04-14,Gym membership,Pembayaran Langganan,Pengeluaran,19919.0,E-Wallet
3623,2024-07-01,Transfer,Hiburan,Pengeluaran,62272.0,Kartu Debit
3624,2024-12-23,Tokopedia,Belanja Bulanan,Pengeluaran,805160.0,Kartu Debit
3625,2024-12-09,Bonus,Gaji,Pemasukan,6325009.0,Kartu Kredit
3626,2025-05-14,Grab,Transportasi,Pengeluaran,24564.0,Tunai
3627,2025-07-25,Minimarket,Makanan & Minuman,Pengeluaran,69795.0,Transfer Bank
3629,2024-11-09,Shopee,Belanja Bulanan,Pengeluaran,77292.0,Kartu Kredit
3630,2025-03-11,Kirim uang,Transfer Teman/Keluarga,Pemasukan,331363.0,E-Wallet
3631,2026-02-19,Patungan,Transfer Teman/Keluarga,Pengeluaran,128655.0,Kartu Debit
3632,2024-12-22,Iuran lingkungan,Tempat Tinggal,Pengeluaran,588269.0,Kartu Debit
3633,2025-01-25,Bioskop,Hiburan,Pengeluaran,158669.0,Tunai
3634,2024-12-21,THR,Gaji,Pemasukan,6863763.0,Tunai
3635,2026-04-25,Membership,Pembayaran Langganan,Pengeluaran,116030.0,Kartu Debit
3636,2025-09-24,Transportasi,Transportasi,Pengeluaran,19225.0,Kartu Debit
3637,2025-05-16,Lazada,Belanja Bulanan,Pengeluaran,183297.0,Transfer Bank
3638,2025-04-10,Bonus,Gaji,Pemasukan,6402820.0,Tunai
3639,2025-08-28,Cafe,Makanan & Minuman,Pengeluaran,57047.0,Kartu Kredit
3640,2025-06-06,Membership,Pembayaran Langganan,Pengeluaran,136490.0,Kartu Debit
3642,2025-03-10,Game online,Hiburan,Pengeluaran,74499.0,E-Wallet
3643,2024-08-27,Konser,Hiburan,Pengeluaran,127419.0,Kartu Debit
3644,2026-03-01,Netflix,Hiburan,Pengeluaran,121103.0,Kartu Debit
3645,2026-05-14,Listrik,Tempat Tinggal,Pengeluaran,1006103.0,Kartu Debit
3646,2025-05-10,Gojek,Transportasi,Pengeluaran,12759.0,E-Wallet
3647,2025-10-15,Ngopi,Makanan & Minuman,Pengeluaran,58097.0,E-Wallet
3648,2025-08-12,GrabbFood,Makanan & Minuman,Pengeluaran,28486.0,E-Wallet
3649,2026-05-10,Ngopi,Makanan & Minuman,Pengeluaran,51070.0,Kartu Debit
3650,2026-05-03,Makan siang,Makanan & Minuman,Pengeluaran,47466.0,Kartu Debit
3651,2024-08-14,Bioskop,Hiburan,Pengeluaran,92438.0,Transfer Bank
3652,2024-07-30,Pulsa,Pulsa & Internet,Pengeluaran,105941.0,Kartu Kredit
3653,2025-12-27,THR,Gaji,Pemasukan,6258613.0,Kartu Debit
3654,2025-08-02,Grab,Transportasi,Pengeluaran,30908.0,Kartu Debit
3655,2024-06-23,Minimarket,Belanja Bulanan,Pengeluaran,153976.0,Kartu Debit
3656,2025-05-18,Service AC,Tempat Tinggal,Pengeluaran,834980.0,Transfer Bank
3657,2025-05-27,Marketplace,Tempat Tinggal,Pengeluaran,671974.0,Kartu Debit
3658,2025-09-16,Wifi rumah,Pulsa & Internet,Pengeluaran,105976.0,Kartu Debit
3659,2024-11-15,Konser,Hiburan,Pengeluaran,167766.0,Kartu Kredit
3660,2025-03-14,Makan malam,Makanan & Minuman,Pengeluaran,33241.0,Kartu Debit
3661,2024-06-26,Gaji bulanan,Gaji,Pemasukan,6285302.0,Transfer Bank
3662,2026-05-10,Bensin,Transportasi,Pengeluaran,32561.0,Tunai
3663,2025-05-02,Spotify,Hiburan,Pengeluaran,65279.0,Transfer Bank
5029,2024-10-19,Game online,Hiburan,Pengeluaran,235986.0,Kartu Debit
3665,2025-11-30,Subscription,Pembayaran Langganan,Pengeluaran,176028.0,Kartu Kredit
3666,2025-06-05,Shopee,Belanja Bulanan,Pengeluaran,209319.0,Kartu Debit
3667,2025-04-02,Kirim uang,Transfer Teman/Keluarga,Pengeluaran,273601.0,Kartu Debit
3668,2025-03-12,Gaji bulanan,Gaji,Pemasukan,7281205.0,Kartu Kredit
3669,2024-09-06,Konser,Hiburan,Pengeluaran,66552.0,E-Wallet
3670,2026-04-18,Subscription,Pembayaran Langganan,Pengeluaran,77882.0,Transfer Bank
3671,2024-09-24,Wifi rumah,Pulsa & Internet,Pengeluaran,104572.0,E-Wallet
3672,2026-05-18,Paket data,Pulsa & Internet,Pengeluaran,63763.0,Transfer Bank
3673,2026-02-25,Air,Tempat Tinggal,Pengeluaran,1503713.0,Kartu Debit
3674,2025-07-24,Makan siang,Makanan & Minuman,Pengeluaran,40815.0,Kartu Debit
3675,2026-04-12,Tagihan,Tempat Tinggal,Pengeluaran,36545.0,E-Wallet
3676,2024-06-26,Beli pakaian,Belanja Bulanan,Pengeluaran,117410.0,Kartu Debit
3677,2025-06-20,Liburan,Hiburan,Pengeluaran,110079.0,E-Wallet
3678,2026-03-26,Air,Tempat Tinggal,Pengeluaran,574579.0,E-Wallet
3679,2026-01-22,Spotify,Hiburan,Pengeluaran,232163.0,Kartu Debit
3680,2025-09-03,Bayar kos,Tempat Tinggal,Pengeluaran,564471.0,Kartu Debit
3681,2026-03-15,Trf,Tempat Tinggal,Pengeluaran,319083.0,Tunai
3682,2025-02-15,GrabbFood,Makanan & Minuman,Pengeluaran,60083.0,Kartu Debit
3683,2025-03-21,Bioskop,Hiburan,Pengeluaran,149373.0,Kartu Debit
3684,2026-01-12,Listrik,Tempat Tinggal,Pengeluaran,1458812.0,Tunai
3685,2026-02-28,Netflix,Hiburan,Pengeluaran,317035.0,E-Wallet
3686,2025-06-05,Kirim uang,Transfer Teman/Keluarga,Pengeluaran,287009.0,Tunai
3687,2025-03-13,GrabFood,Makanan & Minuman,Pengeluaran,18041.0,Transfer Bank
3688,2025-02-28,Transfer,Pulsa & Internet,Pengeluaran,269616.0,Transfer Bank
3689,2025-04-08,Minimarket,Belanja Bulanan,Pengeluaran,232875.0,Transfer Bank
3690,2025-11-29,Peralatan rumah,Belanja Bulanan,Pengeluaran,245492.0,Kartu Kredit
3691,2025-11-26,Patungan,Transfer Teman/Keluarga,Pengeluaran,72778.0,Transfer Bank
3692,2024-12-04,Lazada,Belanja Bulanan,Pengeluaran,55741.0,E-Wallet
3693,2025-06-24,Subscription,Pembayaran Langganan,Pengeluaran,214721.0,Kartu Debit
3694,2024-09-17,Wifi rumah,Pulsa & Internet,Pengeluaran,141417.0,Kartu Kredit
3695,2025-10-10,Parkir,Transportasi,Pengeluaran,16320.0,Tunai
3696,2025-04-10,Tagihan,Pembayaran Langganan,Pengeluaran,193875.0,Tunai
3697,2026-03-31,Supermarket,Belanja Bulanan,Pengeluaran,246652.0,Kartu Debit
3698,2025-09-21,Wifi rumah,Pulsa & Internet,Pengeluaran,136632.0,Tunai
3699,2024-08-17,Membership,Pembayaran Langganan,Pengeluaran,101569.0,E-Wallet
3700,2025-02-11,Makan siang,Makanan & Minuman,Pengeluaran,44594.0,E-Wallet
3701,2026-04-18,Kirim uang,Transfer Teman/Keluarga,Pemasukan,82400.0,Kartu Debit
3702,2025-11-09,Transfer,Tempat Tinggal,Pengeluaran,839627.0,E-Wallet
3703,2026-02-13,Bioskop,Hiburan,Pengeluaran,207579.0,Transfer Bank
3704,2025-04-01,Liburan,Hiburan,Pengeluaran,214123.0,E-Wallet
3705,2025-04-04,Bayar teman,Transfer Teman/Keluarga,Pengeluaran,348158.0,Kartu Debit
3706,2025-01-10,Bayar teman,Transfer Teman/Keluarga,Pengeluaran,293486.0,E-Wallet
3707,2025-11-07,Supermarket,Belanja Bulanan,Pengeluaran,62586.0,Transfer Bank
3708,2026-01-03,Patungan,Transfer Teman/Keluarga,Pengeluaran,284039.0,Tunai
3709,2025-10-09,MRT,Transportasi,Pengeluaran,10000.0,Kartu Kredit
3710,2025-09-22,Transfer,Transfer Teman/Keluarga,Pengeluaran,407043.0,Tunai
3711,2026-02-23,Bioskop,Hiburan,Pengeluaran,110725.0,E-Wallet
3712,2025-04-05,Wifi rumah,Pulsa & Internet,Pengeluaran,110612.0,Kartu Debit
3713,2026-03-01,Pembayaran digital,Pembayaran Langganan,Pengeluaran,157699.0,E-Wallet
3714,2026-01-18,Service AC,Tempat Tinggal,Pengeluaran,700486.0,Kartu Debit
3715,2026-04-17,Transfer,Transfer Teman/Keluarga,Pengeluaran,512018.0,Kartu Kredit
3716,2024-07-04,Ngopi,Makanan & Minuman,Pengeluaran,10000.0,Kartu Kredit
3717,2024-11-05,Air,Tempat Tinggal,Pengeluaran,1143789.0,Kartu Kredit
3718,2025-06-15,Paket data,Pulsa & Internet,Pengeluaran,83645.0,Transfer Bank
3719,2025-05-25,Transfer,Transfer Teman/Keluarga,Pemasukan,202227.0,Tunai
3720,2025-01-16,Listrik,Tempat Tinggal,Pengeluaran,985157.0,Kartu Debit
3721,2024-09-13,Gaji bulanan,Gaji,Pemasukan,4477667.0,Tunai
3722,2025-01-24,Peralatan rumah,Belanja Bulanan,Pengeluaran,249612.0,E-Wallet
3724,2026-01-02,Iuran lingkungan,Tempat Tinggal,Pengeluaran,602056.0,Transfer Bank
3725,2025-03-28,GoFood,Makanan & Minuman,Pengeluaran,48573.0,Tunai
3726,2025-07-22,Kirim uang,Transfer Teman/Keluarga,Pengeluaran,507965.0,Kartu Kredit
3727,2024-09-22,Kirim uang,Transfer Teman/Keluarga,Pengeluaran,355290.0,Lainnya
3728,2024-07-02,Tol,Transportasi,Pengeluaran,11302.0,Kartu Debit
3729,2025-11-03,Paket data,Pulsa & Internet,Pengeluaran,30169.0,Kartu Debit
3730,2025-10-25,Iuran lingkungan,Tempat Tinggal,Pengeluaran,410010.0,E-Wallet
3731,2026-04-28,Transfer,Transfer Teman/Keluarga,Pemasukan,71053.0,Kartu Debit
3732,2025-04-06,Pulsa,Pulsa & Internet,Pengeluaran,84290.0,Kartu Debit
3733,2026-01-08,Wifi rumah,Pulsa & Internet,Pengeluaran,157345.0,Kartu Debit
3734,2025-03-09,Bensin,Transportasi,Pengeluaran,28893.0,E-Wallet
3735,2025-02-06,Ngopi,Makanan & Minuman,Pengeluaran,70028.0,E-Wallet
3736,2025-02-20,Pembayaran digital,Belanja Bulanan,Pengeluaran,129485.0,Tunai
3737,2025-12-02,Pembayaran digital,Pembayaran Langganan,Pengeluaran,130426.0,Tunai
3738,2025-05-28,Subscription,Pembayaran Langganan,Pengeluaran,68954.0,E-Wallet
3739,2025-06-07,Bensin,Transportasi,Pengeluaran,43399.0,E-Wallet
3740,2025-03-02,Listrik,Tempat Tinggal,Pengeluaran,1059635.0,Kartu Debit
3741,2025-05-30,Konser,Hiburan,Pengeluaran,175622.0,E-Wallet
3742,2025-05-22,Bensin,Transportasi,Pengeluaran,25565.0,Kartu Debit
3743,2025-09-03,Pulsa,Pulsa & Internet,Pengeluaran,104435.0,E-Wallet
3744,2024-10-16,Peralatan rumah,Belanja Bulanan,Pengeluaran,387812.0,E-Wallet
3745,2024-08-20,Konser,Hiburan,Pengeluaran,96218.0,Kartu Debit
3746,2025-08-03,Listrik,Tempat Tinggal,Pengeluaran,567488.0,E-Wallet
3747,2025-10-24,Makanan & Minuman,Makanan & Minuman,Pengeluaran,47135.0,E-Wallet
3748,2025-07-03,Ngopi,Makanan & Minuman,Pengeluaran,53385.0,Kartu Debit
3749,2024-09-11,Bayar teman,Transfer Teman/Keluarga,Pengeluaran,322175.0,Kartu Kredit
3750,2026-02-10,Tagihan internet,Pulsa & Internet,Pengeluaran,59936.0,Tunai
3751,2024-10-28,Bayar teman,Transfer Teman/Keluarga,Pengeluaran,380103.0,Tunai
3752,2026-05-14,MRT,Transportasi,Pengeluaran,49730.0,Transfer Bank
3753,2025-12-27,Transfer,Transfer Teman/Keluarga,Pemasukan,124438.0,E-Wallet
3754,2024-11-15,Grab,Transportasi,Pengeluaran,29284.0,Kartu Debit
3755,2025-04-04,Iuran lingkungan,Tempat Tinggal,Pengeluaran,1123837.0,Kartu Debit
3756,2024-11-23,Marketplace,Transfer Teman/Keluarga,Pengeluaran,29047.0,Kartu Kredit
3757,2025-05-04,Makan malam,Makanan & Minuman,Pengeluaran,64925.0,E-Wallet
3758,2024-12-21,Cloud storage,Pembayaran Langganan,Pengeluaran,207327.0,Kartu Kredit
3759,2024-08-13,Shopee,Belanja Bulanan,Pengeluaran,136939.0,E-Wallet
3760,2026-03-25,Pulsa,Pulsa & Internet,Pengeluaran,91498.0,Kartu Debit
3761,2025-09-15,Marketplace,Transfer Teman/Keluarga,Pengeluaran,260900.0,Tunai
3762,2024-07-10,Netflix,Hiburan,Pengeluaran,84159.0,E-Wallet
3763,2025-01-22,Tagihan,Tempat Tinggal,Pengeluaran,88259.0,Kartu Debit
3764,2025-06-02,Tokopedia,Belanja Bulanan,Pengeluaran,125541.0,E-Wallet
3765,2025-06-27,Kirim uang,Transfer Teman/Keluarga,Pengeluaran,765897.0,Kartu Kredit
3766,2024-12-13,Gym membership,Pembayaran Langganan,Pengeluaran,155727.0,Lainnya
3767,2024-12-10,Spotfy,Hiburan,Pengeluaran,255902.0,E-Wallet
3768,2025-02-12,Paket data,Pulsa & Internet,Pengeluaran,64787.0,Kartu Debit
3769,2024-11-18,Makan siang,Makanan & Minuman,Pengeluaran,25141.0,Transfer Bank
3770,2025-11-11,Pembayaran Langganan,Pembayaran Langganan,Pengeluaran,128741.0,Kartu Kredit
3771,2025-04-07,Shopee,Belanja Bulanan,Pengeluaran,204722.0,E-Wallet
3772,2026-01-25,Wifi rumah,Pulsa & Internet,Pengeluaran,37454.0,Transfer Bank
3773,2025-07-28,Wifi rumah,Pulsa & Internet,Pengeluaran,43407.0,Kartu Debit
3774,2024-08-09,Tagihan,Pulsa & Internet,Pengeluaran,439539.0,Transfer Bank
3775,2024-09-14,Makan siang,Makanan & Minuman,Pengeluaran,90737.0,Kartu Debit
3776,2025-04-30,Pulsa,Pulsa & Internet,Pengeluaran,64171.0,Tunai
3777,2024-09-17,Cloud storage,Pembayaran Langganan,Pengeluaran,78352.0,Kartu Debit
3778,2026-04-15,Tokopedia,Belanja Bulanan,Pengeluaran,226168.0,Kartu Kredit
3779,2025-03-14,Game online,Hiburan,Pengeluaran,31380.0,Tunai
3780,2025-07-19,Supermarket,Belanja Bulanan,Pengeluaran,236667.0,Tunai
3781,2024-09-07,Cafe,Makanan & Minuman,Pengeluaran,71508.0,Kartu Kredit
3782,2026-02-07,Tagihan internet,Pulsa & Internet,Pengeluaran,120590.0,Kartu Kredit
3783,2024-07-29,Lazada,Belanja Bulanan,Pengeluaran,189405.0,Kartu Debit
3784,2025-10-27,Tagihan internet,Pulsa & Internet,Pengeluaran,44133.0,Tunai
3785,2025-10-11,GoFood,Makanan & Minuman,Pengeluaran,43931.0,Kartu Debit
3786,2025-01-29,Kirim uang,Transfer Teman/Keluarga,Pengeluaran,129903.0,Kartu Debit
3787,2024-11-08,Subscription,Hiburan,Pengeluaran,143215.0,Kartu Debit
3788,2025-02-08,Bayar teman,Transfer Teman/Keluarga,Pengeluaran,285109.0,Kartu Debit
3789,2025-11-18,Bonus,Gaji,Pemasukan,5365787.0,Tunai
3790,2025-09-14,Bayar kos,Tempat Tinggal,Pengeluaran,1651199.0,Kartu Debit
3791,2024-07-29,Transfer,Transfer Teman/Keluarga,Pemasukan,18778.0,Kartu Debit
3792,2025-08-28,Patungan,Transfer Teman/Keluarga,Pemasukan,264005.0,Kartu Kredit
3793,2026-03-20,Gym membership,Pembayaran Langganan,Pengeluaran,79597.0,E-Wallet
3794,2026-03-22,Bioskop,Hiburan,Pengeluaran,65480.0,Kartu Debit
3795,2026-05-02,Trf,Transfer Teman/Keluarga,Pengeluaran,200875.0,Kartu Debit
3796,2025-12-26,Shopee,Belanja Bulanan,Pengeluaran,216949.0,E-Wallet
3797,2024-12-08,Wifi rumah,Pulsa & Internet,Pengeluaran,78850.0,E-Wallet
3798,2025-05-08,Listrik,Tempat Tinggal,Pengeluaran,541052.0,Transfer Bank
3799,2026-01-08,Trf,Transfer Teman/Keluarga,Pengeluaran,549963.0,E-Wallet
3800,2025-02-15,Subscription,Pembayaran Langganan,Pengeluaran,56737.0,Kartu Debit
3801,2025-12-24,Pembayaran digital,Makanan & Minuman,Pengeluaran,54778.0,Kartu Kredit
3802,2024-10-09,Marketplace,Belanja Bulanan,Pengeluaran,322849.0,Tunai
3803,2025-02-24,Transfer,Pulsa & Internet,Pengeluaran,226843.0,E-Wallet
3804,2024-11-30,Game online,Hiburan,Pengeluaran,91995.0,Kartu Kredit
3805,2025-12-31,Trf,Transportasi,Pengeluaran,31140.0,Kartu Kredit
3806,2025-11-20,THR,Gaji,Pemasukan,6662731.0,Transfer Bank
3807,2024-11-27,Peralatan rumah,Belanja Bulanan,Pengeluaran,137681.0,Tunai
3808,2025-09-27,Patungan,Transfer Teman/Keluarga,Pengeluaran,334844.0,Transfer Bank
3809,2025-04-03,Air,Tempat Tinggal,Pengeluaran,1319320.0,E-Wallet
3810,2025-04-20,Patungan,Transfer Teman/Keluarga,Pemasukan,154851.0,Kartu Kredit
3811,2026-02-20,Kirim uang,Transfer Teman/Keluarga,Pemasukan,333635.0,Kartu Debit
3812,2026-04-11,Transfer,Belanja Bulanan,Pengeluaran,254460.0,Tunai
3813,2026-04-20,Air,Tempat Tinggal,Pengeluaran,772257.0,Kartu Debit
3814,2024-06-22,Kirim uang,Transfer Teman/Keluarga,Pemasukan,310377.0,Kartu Debit
3815,2026-04-25,Makan malam,Makanan & Minuman,Pengeluaran,67929.0,E-Wallet
3816,2025-10-22,Marketplace,Pembayaran Langganan,Pengeluaran,10000.0,Kartu Kredit
3817,2026-03-09,Bioskop,Hiburan,Pengeluaran,23318.0,E-Wallet
3818,2026-05-01,Membership,Pembayaran Langganan,Pengeluaran,93026.0,Kartu Kredit
3819,2024-09-04,Ngopi,Makanan & Minuman,Pengeluaran,39618.0,Kartu Debit
3820,2026-02-24,Beli pakaian,Belanja Bulanan,Pengeluaran,108051.0,Tunai
3821,2026-03-08,Netflix,Hiburan,Pengeluaran,54433.0,Kartu Kredit
3822,2026-03-14,Gojek,Transportasi,Pengeluaran,7274.0,Tunai
5030,2025-04-14,Listrik,Tempat Tinggal,Pengeluaran,937064.0,Kartu Debit
3824,2025-01-29,Marketplace,Belanja Bulanan,Pengeluaran,1112614.0,E-Wallet
3825,2025-11-19,THR,Gaji,Pemasukan,5748602.0,Transfer Bank
3826,2024-10-31,KRL,Transportasi,Pengeluaran,55692.0,E-Wallet
3827,2024-09-01,GoFood,Makanan & Minuman,Pengeluaran,47797.0,E-Wallet
3828,2026-03-19,Kirim uang,Transfer Teman/Keluarga,Pengeluaran,172024.0,Kartu Kredit
3829,2026-04-08,Gaji bulanan,Gaji,Pemasukan,6540786.0,Transfer Bank
3830,2024-10-03,KRL,Transportasi,Pengeluaran,49623.0,Tunai
3831,2025-08-12,Supermarket,Belanja Bulanan,Pengeluaran,108569.0,Kartu Kredit
3832,2026-05-06,Bayar kos,Tempat Tinggal,Pengeluaran,995843.0,Transfer Bank
3833,2024-08-10,Bayar kos,Tempat Tinggal,Pengeluaran,846432.0,Tunai
3834,2025-06-16,THR,Gaji,Pemasukan,6342806.0,Kartu Kredit
3835,2024-07-29,GoFood,Makanan & Minuman,Pengeluaran,44795.0,Lainnya
3836,2024-10-04,Gym membership,Pembayaran Langganan,Pengeluaran,67768.0,Transfer Bank
3837,2025-03-19,Makan malam,Makanan & Minuman,Pengeluaran,55235.0,E-Wallet
3838,2025-01-08,Tagihan internet,Pulsa & Internet,Pengeluaran,48645.0,Kartu Debit
3839,2026-04-10,Transfer,Transfer Teman/Keluarga,Pemasukan,400274.0,Kartu Kredit
3840,2026-05-02,Bayar kos,Tempat Tinggal,Pengeluaran,950125.0,Transfer Bank
3841,2024-06-26,Minimarket,Belanja Bulanan,Pengeluaran,213243.0,Tunai
3842,2026-05-17,Membership,Pembayaran Langganan,Pengeluaran,448347.0,Kartu Debit
3843,2025-07-27,Peralatan rumah,Belanja Bulanan,Pengeluaran,106349.0,Kartu Debit
3844,2025-08-23,Patungan,Transfer Teman/Keluarga,Pengeluaran,89508.0,Tunai
3845,2025-10-02,Liburan,Hiburan,Pengeluaran,87780.0,Kartu Debit
3846,2025-05-17,Jajan,Makanan & Minuman,Pengeluaran,89756.0,E-Wallet
3847,2024-09-08,MRT,Transportasi,Pengeluaran,34341.0,Kartu Debit
3848,2026-03-16,Spotfy,Hiburan,Pengeluaran,62424.0,Kartu Debit
3849,2026-01-28,Tagihan,Pulsa & Internet,Pengeluaran,100587.0,Transfer Bank
3850,2025-07-17,Shopee,Belanja Bulanan,Pengeluaran,197418.0,Transfer Bank
3851,2024-11-09,Liburan,Hiburan,Pengeluaran,105800.0,Kartu Debit
3852,2025-11-16,Shopee,Belanja Bulanan,Pengeluaran,125340.0,E-Wallet
3853,2024-10-04,Game online,Hiburan,Pengeluaran,75599.0,Kartu Debit
3854,2025-12-27,Kirim uang,Transfer Teman/Keluarga,Pemasukan,290125.0,Kartu Debit
3855,2025-09-09,Gym membership,Pembayaran Langganan,Pengeluaran,187975.0,Transfer Bank
3856,2025-06-01,Liburan,Hiburan,Pengeluaran,417606.0,Kartu Debit
3858,2025-05-18,Minimarket,Makanan & Minuman,Pengeluaran,31939.0,E-Wallet
3859,2026-01-07,Bensin,Transportasi,Pengeluaran,12797.0,E-Wallet
3860,2025-06-13,Spotify,Hiburan,Pengeluaran,67994.0,Tunai
3861,2025-02-22,Tokopedia,Belanja Bulanan,Pengeluaran,86709.0,Kartu Debit
3862,2025-11-04,Liburan,Hiburan,Pengeluaran,107561.0,Tunai
3863,2025-10-10,Kirim uang,Transfer Teman/Keluarga,Pemasukan,226709.0,Kartu Kredit
3864,2025-04-24,Cloud storage,Pembayaran Langganan,Pengeluaran,114641.0,Kartu Debit
3865,2024-07-13,Grab,Transportasi,Pengeluaran,42256.0,Kartu Debit
3866,2025-06-28,Marketplace,Pembayaran Langganan,Pemasukan,5795571.0,Transfer Bank
3867,2025-11-06,Transfer,Transfer Teman/Keluarga,Pengeluaran,271167.0,Tunai
3868,2025-06-24,Grab,Transportasi,Pengeluaran,10000.0,Kartu Kredit
3869,2026-03-26,Makan malam,Makanan & Minuman,Pengeluaran,59695.0,Kartu Debit
3870,2024-09-17,Peralatan rumah,Belanja Bulanan,Pengeluaran,167098.0,Tunai
3871,2025-06-03,Restoran,Makanan & Minuman,Pengeluaran,31102.0,Tunai
3872,2026-04-20,Bayar teman,Transfer Teman/Keluarga,Pengeluaran,268593.0,Kartu Kredit
3873,2025-12-15,Tol,Transportasi,Pengeluaran,38698.0,E-Wallet
3874,2025-07-16,Beli pakaian,Belanja Bulanan,Pengeluaran,77788.0,E-Wallet
3875,2024-08-25,Transfer,Transfer Teman/Keluarga,Pemasukan,133859.0,Tunai
3876,2025-05-11,Jajan,Makanan & Minuman,Pengeluaran,136910.0,Transfer Bank
3877,2025-09-14,MRT,Transportasi,Pengeluaran,48597.0,Tunai
3878,2026-01-18,Wifi rumah,Pulsa & Internet,Pengeluaran,91893.0,Kartu Debit
3879,2025-07-13,Tagihan,Tempat Tinggal,Pengeluaran,2494052.0,Kartu Kredit
3880,2024-07-09,Peralatan rumah,Belanja Bulanan,Pengeluaran,92416.0,Tunai
3881,2024-06-05,Air,Tempat Tinggal,Pengeluaran,547561.0,Kartu Debit
3882,2025-11-05,Game online,Hiburan,Pengeluaran,66825.0,E-Wallet
3883,2025-04-18,Wifi rumah,Pulsa & Internet,Pengeluaran,8047.0,E-Wallet
3884,2026-04-12,Cloud storage,Pembayaran Langganan,Pengeluaran,49881.0,E-Wallet
3885,2024-07-24,Subscription,Pembayaran Langganan,Pengeluaran,18497.0,Kartu Kredit
3886,2025-05-25,Minimarket,Makanan & Minuman,Pengeluaran,36513.0,Tunai
3887,2026-04-17,Cloud storage,Pembayaran Langganan,Pengeluaran,121096.0,E-Wallet
3888,2024-07-19,Transfer,Tempat Tinggal,Pengeluaran,507693.0,Transfer Bank
3889,2025-03-05,Kirim uang,Transfer Teman/Keluarga,Pemasukan,155750.0,Kartu Kredit
3890,2024-08-31,Paket data,Pulsa & Internet,Pengeluaran,91990.0,E-Wallet
3891,2025-03-03,Kirim uang,Transfer Teman/Keluarga,Pemasukan,10000.0,Kartu Debit
3892,2025-07-11,Grab,Transportasi,Pengeluaran,28411.0,Kartu Kredit
3893,2025-05-14,Trf,Hiburan,Pengeluaran,179590.0,E-Wallet
3894,2024-09-02,Cloud storage,Pembayaran Langganan,Pengeluaran,120563.0,Tunai
3896,2024-12-02,Patungan,Transfer Teman/Keluarga,Pemasukan,326037.0,Tunai
3897,2025-11-26,Tagihan internet,Pulsa & Internet,Pengeluaran,119135.0,E-Wallet
3898,2025-07-27,MRT,Transportasi,Pengeluaran,10000.0,Transfer Bank
3899,2025-03-07,Minimarket,Belanja Bulanan,Pengeluaran,151567.0,Kartu Debit
3900,2025-09-09,Parkir,Transportasi,Pengeluaran,47494.0,Tunai
3901,2024-09-08,Tol,Transportasi,Pengeluaran,23352.0,Tunai
3902,2025-12-16,Bayar teman,Transfer Teman/Keluarga,Pengeluaran,162531.0,Transfer Bank
3903,2025-03-03,Transfer,Transfer Teman/Keluarga,Pengeluaran,408233.0,E-Wallet
3904,2026-03-14,Cafe,Makanan & Minuman,Pengeluaran,54803.0,Kartu Debit
3905,2024-08-25,Konser,Hiburan,Pengeluaran,338602.0,Kartu Debit
3906,2025-12-17,Konser,Hiburan,Pengeluaran,51049.0,Kartu Debit
3907,2025-10-02,Bensin,Transportasi,Pengeluaran,17332.0,Tunai
3908,2025-06-23,Parkir,Transportasi,Pengeluaran,20339.0,Kartu Debit
3909,2025-10-01,Wifi rumah,Pulsa & Internet,Pengeluaran,101932.0,Transfer Bank
3910,2024-09-25,Pulsa,Pulsa & Internet,Pengeluaran,165730.0,E-Wallet
3911,2025-07-25,Bonus,Gaji,Pemasukan,6358114.0,Kartu Debit
3912,2026-01-04,Pembayaran digital,Belanja Bulanan,Pengeluaran,343284.0,E-Wallet
3913,2025-09-20,Pembayaran Langganan,Pembayaran Langganan,Pengeluaran,145112.0,E-Wallet
3914,2025-07-03,Netflix,Hiburan,Pengeluaran,24032.0,Transfer Bank
3915,2024-07-25,Gym membership,Pembayaran Langganan,Pengeluaran,130233.0,Kartu Debit
3916,2024-12-09,Tagihan internet,Pulsa & Internet,Pengeluaran,75480.0,Transfer Bank
3917,2025-07-17,Patungan,Transfer Teman/Keluarga,Pemasukan,13931.0,Kartu Debit
3918,2025-09-17,Membership,Pembayaran Langganan,Pengeluaran,75883.0,Tunai
3919,2024-12-13,GoFood,Makanan & Minuman,Pengeluaran,26467.0,Tunai
3920,2024-05-26,Marketplace,Pulsa & Internet,Pengeluaran,151983.0,Kartu Debit
3921,2026-05-21,Netfliix,Hiburan,Pengeluaran,129008.0,E-Wallet
3922,2024-07-10,Minimarket,Belanja Bulanan,Pengeluaran,397741.0,Transfer Bank
3923,2026-04-16,Patungan,Transfer Teman/Keluarga,Pemasukan,10000.0,Kartu Kredit
3924,2025-07-02,Service AC,Tempat Tinggal,Pengeluaran,881742.0,E-Wallet
3925,2025-06-08,Patungan,Transfer Teman/Keluarga,Pengeluaran,241033.0,Kartu Kredit
3926,2024-12-12,THR,Gaji,Pemasukan,6437255.0,Kartu Kredit
3927,2025-07-22,Spotify,Hiburan,Pengeluaran,176301.0,Kartu Debit
3928,2025-01-02,Minimarket,Belanja Bulanan,Pengeluaran,63973.0,Tunai
3929,2026-01-10,Beli pakaian,Belanja Bulanan,Pengeluaran,97526.0,Transfer Bank
3930,2025-01-17,Transfer Teman/Keluarga,Transfer Teman/Keluarga,Pengeluaran,69674.0,Kartu Debit
3932,2026-04-02,Transfer,Transfer Teman/Keluarga,Pemasukan,408665.0,Kartu Debit
3933,2025-08-26,Pulsa,Pulsa & Internet,Pengeluaran,104438.0,Tunai
3934,2025-12-07,Jajan,Makanan & Minuman,Pengeluaran,41020.0,E-Wallet
3935,2026-03-27,Beli pakaian,Belanja Bulanan,Pengeluaran,338130.0,Kartu Debit
3936,2025-11-13,Makan malam,Makanan & Minuman,Pengeluaran,10000.0,Kartu Kredit
3937,2025-04-06,Bayar teman,Transfer Teman/Keluarga,Pemasukan,340922.0,Lainnya
3938,2025-05-25,Makan malam,Makanan & Minuman,Pengeluaran,42117.0,E-Wallet
3939,2025-09-17,Pulsa,Pulsa & Internet,Pengeluaran,58425.0,Kartu Debit
3940,2025-03-09,GrabFood,Makanan & Minuman,Pengeluaran,32634.0,Kartu Debit
3941,2025-07-03,Paket data,Pulsa & Internet,Pengeluaran,56308.0,E-Wallet
3942,2025-12-04,Konser,Hiburan,Pengeluaran,130074.0,Kartu Kredit
3943,2024-09-18,Kirim uang,Transfer Teman/Keluarga,Pemasukan,132877.0,Kartu Kredit
3944,2025-01-22,Pembayaran digital,Gaji,Pemasukan,7423178.0,Transfer Bank
3945,2024-09-28,Marketplace,Tempat Tinggal,Pengeluaran,799474.0,Kartu Debit
3946,2026-01-05,Bayar kos,Tempat Tinggal,Pengeluaran,882056.0,Kartu Debit
3947,2025-07-06,Minimarket,Belanja Bulanan,Pengeluaran,253710.0,Kartu Debit
3948,2025-09-20,Tol,Transportasi,Pengeluaran,10000.0,Tunai
3949,2025-07-20,Bayar kos,Tempat Tinggal,Pengeluaran,947161.0,Tunai
3950,2025-10-03,Ngopi,Makanan & Minuman,Pengeluaran,44627.0,Kartu Kredit
3951,2026-05-26,Listrik,Tempat Tinggal,Pengeluaran,728208.0,Kartu Debit
3952,2024-07-28,Listrik,Tempat Tinggal,Pengeluaran,736593.0,E-Wallet
3953,2026-04-20,Trf,Transfer Teman/Keluarga,Pemasukan,203338.0,Tunai
3954,2024-08-27,Subscription,Hiburan,Pengeluaran,97798.0,Tunai
3955,2025-01-21,Service AC,Tempat Tinggal,Pengeluaran,423337.0,Tunai
3956,2025-06-01,THR,Gaji,Pemasukan,7168266.0,Transfer Bank
3957,2025-02-10,Tokopedia,Belanja Bulanan,Pengeluaran,208935.0,Transfer Bank
3958,2025-10-13,Spotify,Hiburan,Pengeluaran,183342.0,Kartu Debit
3959,2025-03-04,Makanan & Minuman,Makanan & Minuman,Pengeluaran,32885.0,Tunai
3960,2025-12-30,Gaji bulanan,Gaji,Pemasukan,5551262.0,Kartu Debit
3961,2025-05-19,Bensin,Transportasi,Pengeluaran,35059.0,E-Wallet
3962,2024-06-16,Bayar teman,Transfer Teman/Keluarga,Pemasukan,233621.0,Kartu Debit
3963,2026-04-19,Tagihan internet,Pulsa & Internet,Pengeluaran,113312.0,E-Wallet
3964,2026-02-28,Jajan,Makanan & Minuman,Pengeluaran,53993.0,Transfer Bank
3965,2024-10-05,Game online,Hiburan,Pengeluaran,230271.0,Kartu Debit
3966,2024-10-21,Paket data,Pulsa & Internet,Pengeluaran,111132.0,Kartu Kredit
3967,2025-07-29,THR,Gaji,Pemasukan,6264231.0,E-Wallet
3968,2026-05-04,Iuran lingkungan,Tempat Tinggal,Pengeluaran,545295.0,Tunai
3969,2024-07-19,Gaji bulanan,Gaji,Pemasukan,6111646.0,E-Wallet
3970,2025-06-28,Tol,Transportasi,Pengeluaran,10000.0,Kartu Kredit
3971,2024-12-08,Subscription,Pembayaran Langganan,Pengeluaran,100093.0,Kartu Debit
3972,2025-05-04,Makan malam,Makanan & Minuman,Pengeluaran,19428.0,Kartu Debit
3973,2024-10-10,Gojek,Transportasi,Pengeluaran,17102.0,E-Wallet
3974,2024-09-02,Bensin,Transportasi,Pengeluaran,24462.0,E-Wallet
3975,2024-09-09,Grab,Transportasi,Pengeluaran,12638.0,Transfer Bank
3976,2025-12-30,Grab,Transportasi,Pengeluaran,21612.0,Kartu Debit
3977,2025-06-15,Bayar teman,Transfer Teman/Keluarga,Pengeluaran,217088.0,Kartu Debit
3978,2024-08-31,Konser,Hiburan,Pengeluaran,116360.0,E-Wallet
3979,2025-11-15,Subscription,Pembayaran Langganan,Pengeluaran,108254.0,Kartu Debit
3980,2025-11-09,Cloud storage,Pembayaran Langganan,Pengeluaran,71549.0,Kartu Debit
3981,2025-02-08,Beli pakaian,Belanja Bulanan,Pengeluaran,328455.0,Kartu Debit
5031,2024-12-13,Pembayaran digital,Belanja Bulanan,Pengeluaran,219142.0,Kartu Kredit
3983,2024-07-19,Transfer,Belanja Bulanan,Pemasukan,377789.0,Tunai
3984,2026-01-27,Shopee,Belanja Bulanan,Pengeluaran,257154.0,Kartu Kredit
3985,2024-06-05,THR,Gaji,Pemasukan,5801772.0,Kartu Debit
3986,2024-06-20,Lazada,Belanja Bulanan,Pengeluaran,102736.0,Tunai
3987,2024-07-09,Kirim uang,Transfer Teman/Keluarga,Pemasukan,415403.0,E-Wallet
3988,2025-12-20,Game online,Hiburan,Pengeluaran,145505.0,Kartu Kredit
3989,2026-04-18,Grab,Transportasi,Pengeluaran,27569.0,Kartu Debit
3990,2024-08-09,Tagihan,Transfer Teman/Keluarga,Pengeluaran,366869.0,Kartu Debit
3991,2025-01-19,Paket data,Pulsa & Internet,Pengeluaran,119508.0,Kartu Debit
3992,2026-01-23,Transfer,Pembayaran Langganan,Pengeluaran,146259.0,Transfer Bank
3993,2024-10-12,Konser,Hiburan,Pengeluaran,83616.0,E-Wallet
3994,2025-01-11,Iuran lingkungan,Tempat Tinggal,Pengeluaran,932156.0,Kartu Kredit
3995,2025-12-31,Patungan,Transfer Teman/Keluarga,Pemasukan,489299.0,Kartu Kredit
3996,2025-07-24,Shopee,Belanja Bulanan,Pengeluaran,112255.0,Kartu Debit
3997,2024-10-05,Belanja Bulanan,Belanja Bulanan,Pengeluaran,87513.0,E-Wallet
3998,2026-05-08,Tagihan,Tempat Tinggal,Pengeluaran,749915.0,Kartu Kredit
3999,2025-09-18,Peralatan rumah,Belanja Bulanan,Pengeluaran,168388.0,Kartu Kredit
4000,2025-08-22,Service AC,Tempat Tinggal,Pengeluaran,431759.0,Kartu Debit
4001,2026-01-10,Supermarket,Belanja Bulanan,Pengeluaran,220629.0,Transfer Bank
4002,2025-05-31,Pembayaran digital,Belanja Bulanan,Pengeluaran,158005.0,Tunai
4003,2025-07-20,Transfer Teman/Keluarga,Transfer Teman/Keluarga,Pemasukan,627807.0,E-Wallet
4004,2024-11-24,Minimarket,Makanan & Minuman,Pengeluaran,85612.0,Kartu Kredit
4005,2026-04-30,Bonus,Gaji,Pemasukan,5773704.0,Tunai
4006,2026-01-03,Bayar kos,Tempat Tinggal,Pengeluaran,962842.0,E-Wallet
5032,2024-08-20,Gojek,Transportasi,Pengeluaran,9426.0,Transfer Bank
4008,2026-03-24,Gaji bulanan,Gaji,Pemasukan,5890683.0,Kartu Kredit
4009,2025-02-11,Listrik,Tempat Tinggal,Pengeluaran,457418.0,Tunai
4010,2025-06-18,Pembayaran digital,Transfer Teman/Keluarga,Pemasukan,164309.0,Kartu Debit
4011,2024-07-18,Restoran,Makanan & Minuman,Pengeluaran,27279.0,Tunai
4012,2025-09-12,Cloud storage,Pembayaran Langganan,Pengeluaran,10000.0,Kartu Debit
4013,2025-03-22,Cafe,Makanan & Minuman,Pengeluaran,41751.0,Kartu Kredit
4014,2025-08-28,THR,Gaji,Pemasukan,5722647.0,Kartu Debit
4015,2025-06-24,Wifi rumah,Pulsa & Internet,Pengeluaran,383822.0,Tunai
4016,2025-02-27,Peralatan rumah,Belanja Bulanan,Pengeluaran,324938.0,Tunai
4017,2024-10-07,Wifi rumah,Pulsa & Internet,Pengeluaran,24216.0,E-Wallet
4018,2026-04-03,Bioskop,Hiburan,Pengeluaran,88253.0,Kartu Kredit
4019,2025-03-18,Pulsa,Pulsa & Internet,Pengeluaran,76770.0,Transfer Bank
4020,2024-06-25,THR,Gaji,Pemasukan,6497215.0,Kartu Debit
4021,2025-08-05,Subscription,Pembayaran Langganan,Pengeluaran,144485.0,E-Wallet
4022,2025-03-21,Minimarket,Makanan & Minuman,Pengeluaran,24942.0,E-Wallet
4023,2024-11-30,Spotfy,Hiburan,Pengeluaran,293458.0,Kartu Kredit
4024,2025-03-05,Cloud storage,Pembayaran Langganan,Pengeluaran,184855.0,E-Wallet
4025,2025-10-08,Makan malam,Makanan & Minuman,Pengeluaran,74749.0,E-Wallet
4026,2024-10-11,Paket data,Pulsa & Internet,Pengeluaran,163133.0,Kartu Kredit
4027,2026-05-05,Liburan,Hiburan,Pengeluaran,32841.0,Tunai
4028,2026-01-13,MRT,Transportasi,Pengeluaran,19506.0,Transfer Bank
4029,2025-12-18,Listrik,Tempat Tinggal,Pengeluaran,531298.0,Tunai
4030,2025-11-07,Ngopi,Makanan & Minuman,Pengeluaran,40948.0,Kartu Debit
4031,2025-05-30,Wifi rumah,Pulsa & Internet,Pengeluaran,88083.0,Transfer Bank
4032,2026-01-27,GoFood,Makanan & Minuman,Pengeluaran,88896.0,Kartu Debit
4033,2026-05-21,Transfer,Transfer Teman/Keluarga,Pemasukan,190214.0,Tunai
4034,2025-09-21,Air,Tempat Tinggal,Pengeluaran,891716.0,Kartu Debit
5033,2025-01-22,Jajan,Makanan & Minuman,Pengeluaran,68939.0,Kartu Debit
4038,2026-05-07,Parkir,Transportasi,Pengeluaran,29095.0,Kartu Kredit
4039,2024-09-07,Bayar teman,Transfer Teman/Keluarga,Pemasukan,389579.0,Kartu Kredit
4040,2026-03-26,Grab,Transportasi,Pengeluaran,14262.0,Kartu Debit
4041,2025-09-04,Service AC,Tempat Tinggal,Pengeluaran,606542.0,Tunai
4042,2024-07-18,Kirim uang,Transfer Teman/Keluarga,Pemasukan,138775.0,E-Wallet
4043,2026-04-28,Parkir,Transportasi,Pengeluaran,20471.0,Kartu Debit
4044,2025-09-10,Gaji bulanan,Gaji,Pemasukan,6187620.0,Kartu Debit
4045,2026-03-06,Bensin,Transportasi,Pengeluaran,57882.0,Kartu Debit
4046,2026-04-28,Cloud storage,Pembayaran Langganan,Pengeluaran,206151.0,Kartu Debit
4047,2024-12-29,Cloud storage,Pembayaran Langganan,Pengeluaran,137074.0,Kartu Kredit
4048,2025-06-10,Bayar teman,Transfer Teman/Keluarga,Pengeluaran,146608.0,Transfer Bank
4049,2026-02-14,Bonus,Gaji,Pemasukan,5952003.0,Transfer Bank
4050,2025-12-28,Membership,Pembayaran Langganan,Pengeluaran,124746.0,Kartu Debit
4051,2025-08-07,Beli pakaian,Belanja Bulanan,Pengeluaran,120903.0,Transfer Bank
4052,2025-09-30,Netflix,Hiburan,Pengeluaran,55241.0,Transfer Bank
4053,2025-09-18,Subscription,Pembayaran Langganan,Pengeluaran,155494.0,Kartu Debit
4054,2024-10-12,Bonus,Gaji,Pemasukan,6195010.0,E-Wallet
4055,2026-03-02,Game online,Hiburan,Pengeluaran,120272.0,Tunai
4056,2024-07-28,Marketplace,Transfer Teman/Keluarga,Pengeluaran,120335.0,Tunai
4057,2025-05-04,GoFood,Makanan & Minuman,Pengeluaran,61007.0,Kartu Debit
4058,2025-10-06,Game online,Hiburan,Pengeluaran,123505.0,Kartu Debit
4059,2024-11-08,Grab,Transportasi,Pengeluaran,10000.0,Kartu Kredit
4060,2026-03-21,Membership,Pembayaran Langganan,Pengeluaran,78888.0,Transfer Bank
4061,2024-11-08,Gym membership,Pembayaran Langganan,Pengeluaran,118304.0,Kartu Kredit
4062,2024-09-10,Cafe,Makanan & Minuman,Pengeluaran,29975.0,Kartu Debit
4063,2024-09-01,KRL,Transportasi,Pengeluaran,36497.0,E-Wallet
4064,2025-12-16,Transfer,Transfer Teman/Keluarga,Pengeluaran,418069.0,E-Wallet
4065,2025-09-26,Paket data,Pulsa & Internet,Pengeluaran,22016.0,Transfer Bank
4066,2026-05-25,Restoran,Makanan & Minuman,Pengeluaran,23225.0,Kartu Debit
4067,2025-06-14,Minimarket,Belanja Bulanan,Pengeluaran,104523.0,E-Wallet
4068,2026-03-02,Pulsa,Pulsa & Internet,Pengeluaran,134626.0,Kartu Debit
4069,2025-11-04,Makan malam,Makanan & Minuman,Pengeluaran,71715.0,E-Wallet
4070,2025-07-17,Tagihan,Pembayaran Langganan,Pengeluaran,104972.0,Transfer Bank
4071,2025-01-12,Marketplace,Transfer Teman/Keluarga,Pengeluaran,321000.0,Transfer Bank
4072,2025-04-29,Spotify,Hiburan,Pengeluaran,96677.0,E-Wallet
4073,2026-01-07,Pulsa,Pulsa & Internet,Pengeluaran,120983.0,Kartu Debit
4074,2025-12-21,Gojek,Transportasi,Pengeluaran,14047.0,Tunai
4075,2024-10-06,Minimarket,Makanan & Minuman,Pengeluaran,42512.0,Kartu Debit
4076,2025-05-22,Pulsa,Pulsa & Internet,Pengeluaran,96945.0,Kartu Kredit
4077,2025-01-30,Makan malam,Makanan & Minuman,Pengeluaran,32549.0,Tunai
4078,2026-01-25,Peralatan rumah,Belanja Bulanan,Pengeluaran,509251.0,Kartu Debit
4079,2025-04-02,Makan malam,Makanan & Minuman,Pengeluaran,17733.0,Tunai
4080,2024-08-31,Transfer,Pembayaran Langganan,Pengeluaran,10000.0,Tunai
4081,2025-12-25,Restoran,Makanan & Minuman,Pengeluaran,35315.0,Transfer Bank
4082,2026-03-20,Kirim uang,Transfer Teman/Keluarga,Pengeluaran,309364.0,E-Wallet
4083,2025-07-03,Gym membership,Pembayaran Langganan,Pengeluaran,126388.0,E-Wallet
4084,2026-02-17,Bayar kos,Tempat Tinggal,Pengeluaran,402279.0,Kartu Debit
4085,2024-09-27,Iuran lingkungan,Tempat Tinggal,Pengeluaran,874694.0,Tunai
4086,2024-10-05,Bensin,Transportasi,Pengeluaran,75782.0,Tunai
4087,2026-03-11,KRL,Transportasi,Pengeluaran,19945.0,Tunai
4088,2024-10-22,Bonus,Gaji,Pemasukan,6076611.0,Kartu Kredit
4089,2025-12-05,Transfer,Belanja Bulanan,Pengeluaran,124060.0,Kartu Debit
4090,2025-02-28,Bonus,Gaji,Pemasukan,5661780.0,E-Wallet
4091,2025-08-07,Spotify,Hiburan,Pengeluaran,62852.0,E-Wallet
4092,2025-02-21,Beli pakaian,Belanja Bulanan,Pengeluaran,399854.0,E-Wallet
4093,2025-09-20,Transfer,Transfer Teman/Keluarga,Pengeluaran,901361.0,Kartu Debit
4094,2025-09-24,Lazada,Belanja Bulanan,Pengeluaran,190621.0,Kartu Kredit
4095,2025-05-29,Makan malam,Makanan & Minuman,Pengeluaran,56992.0,Kartu Kredit
4096,2025-10-09,Marketplace,Tempat Tinggal,Pengeluaran,883374.0,E-Wallet
4097,2026-03-25,Jajan,Makanan & Minuman,Pengeluaran,55786.0,E-Wallet
4098,2025-04-20,Peralatan rumah,Belanja Bulanan,Pengeluaran,189064.0,Kartu Debit
4099,2024-08-29,Netflix,Hiburan,Pengeluaran,151321.0,Kartu Debit
4100,2025-11-30,Transfer,Transfer Teman/Keluarga,Pemasukan,321211.0,Kartu Kredit
4101,2024-06-18,Pembayaran digital,Hiburan,Pengeluaran,50119.0,Transfer Bank
4102,2025-04-17,Liburan,Hiburan,Pengeluaran,117455.0,Kartu Debit
4103,2024-05-28,Patungan,Transfer Teman/Keluarga,Pengeluaran,413390.0,Kartu Kredit
4104,2026-05-14,Membership,Pembayaran Langganan,Pengeluaran,132615.0,Transfer Bank
4105,2024-10-15,Membership,Pembayaran Langganan,Pengeluaran,95638.0,E-Wallet
4106,2024-06-02,Subscription,Pembayaran Langganan,Pengeluaran,152230.0,Kartu Kredit
4107,2024-12-16,Transfer Teman/Keluarga,Transfer Teman/Keluarga,Pemasukan,499787.0,E-Wallet
4108,2024-06-27,Gym membership,Pembayaran Langganan,Pengeluaran,109277.0,Transfer Bank
5034,2026-05-01,Minimarket,Makanan & Minuman,Pengeluaran,38106.0,Kartu Kredit
4110,2025-10-11,Gym membership,Pembayaran Langganan,Pengeluaran,94645.0,Tunai
4111,2025-12-02,Supermarket,Belanja Bulanan,Pengeluaran,191496.0,Kartu Debit
4112,2025-09-15,Gaji bulanan,Gaji,Pemasukan,7443410.0,Tunai
4113,2025-11-17,Patungan,Transfer Teman/Keluarga,Pemasukan,73273.0,E-Wallet
4114,2025-05-10,Cloud storage,Pembayaran Langganan,Pengeluaran,145971.0,Kartu Debit
4115,2024-12-29,THR,Gaji,Pemasukan,6126704.0,Tunai
4116,2025-01-07,Pulsa,Pulsa & Internet,Pengeluaran,70523.0,Kartu Debit
4117,2025-02-27,Gaji bulanan,Gaji,Pemasukan,8929908.0,Kartu Kredit
4118,2025-03-17,Tagihan,Transfer Teman/Keluarga,Pemasukan,149105.0,Transfer Bank
4119,2026-01-17,MRT,Transportasi,Pengeluaran,37964.0,Kartu Debit
4120,2026-04-27,GoFood,Makanan & Minuman,Pengeluaran,52706.0,Kartu Kredit
4121,2026-03-11,Gaji bulanan,Gaji,Pemasukan,5345891.0,Kartu Kredit
4122,2025-09-29,Beli pakaian,Belanja Bulanan,Pengeluaran,190373.0,Transfer Bank
4123,2026-04-29,Subscription,Pembayaran Langganan,Pengeluaran,144870.0,Kartu Debit
4124,2026-05-11,Lazada,Belanja Bulanan,Pengeluaran,86374.0,Kartu Debit
4125,2024-11-01,Shopee,Belanja Bulanan,Pengeluaran,127805.0,Kartu Debit
4126,2024-09-12,THR,Gaji,Pemasukan,7048897.0,Kartu Debit
4127,2025-03-07,Grab,Transportasi,Pengeluaran,29143.0,Tunai
4128,2025-10-04,Supermarket,Belanja Bulanan,Pengeluaran,135946.0,Kartu Debit
4129,2025-02-18,GrabbFood,Makanan & Minuman,Pengeluaran,44316.0,Transfer Bank
4130,2024-11-04,Listrik,Tempat Tinggal,Pengeluaran,1118755.0,Kartu Debit
4131,2025-03-04,Cloud storage,Pembayaran Langganan,Pengeluaran,261442.0,E-Wallet
4132,2025-01-14,Kirim uang,Transfer Teman/Keluarga,Pemasukan,575678.0,Lainnya
4133,2025-02-13,Netflix,Hiburan,Pengeluaran,779984.0,E-Wallet
4134,2025-02-03,Transfer,Transfer Teman/Keluarga,Pemasukan,250083.0,Kartu Debit
4135,2024-08-11,Wifi rumah,Pulsa & Internet,Pengeluaran,66415.0,Transfer Bank
4136,2026-03-15,Makan siang,Makanan & Minuman,Pengeluaran,36478.0,Transfer Bank
4137,2025-12-29,Gojek,Transportasi,Pengeluaran,21300.0,Kartu Debit
4138,2025-08-13,MRT,Transportasi,Pengeluaran,44345.0,E-Wallet
4139,2024-12-24,Beli pakaian,Belanja Bulanan,Pengeluaran,307280.0,Transfer Bank
4140,2026-05-09,Grab,Transportasi,Pengeluaran,19186.0,E-Wallet
4141,2024-12-01,Jajan,Makanan & Minuman,Pengeluaran,63171.0,Tunai
4142,2026-01-14,Bioskop,Hiburan,Pengeluaran,17160.0,Kartu Debit
4143,2025-05-20,Konser,Hiburan,Pengeluaran,65233.0,Kartu Debit
4144,2025-06-18,Kirim uang,Transfer Teman/Keluarga,Pemasukan,317088.0,Tunai
4145,2024-06-18,Cafe,Makanan & Minuman,Pengeluaran,81147.0,Kartu Kredit
4146,2025-03-20,MRT,Transportasi,Pengeluaran,10000.0,Kartu Kredit
5035,2024-11-28,Bayar kos,Tempat Tinggal,Pengeluaran,905210.0,E-Wallet
4148,2024-12-19,Transfer,Transfer Teman/Keluarga,Pemasukan,243576.0,Kartu Kredit
4149,2025-08-01,Makan malam,Makanan & Minuman,Pengeluaran,50626.0,Transfer Bank
4150,2025-07-14,KRL,Transportasi,Pengeluaran,70232.0,Kartu Debit
4151,2025-01-01,Bayar teman,Transfer Teman/Keluarga,Pengeluaran,174352.0,Transfer Bank
4152,2024-10-24,Listrik,Tempat Tinggal,Pengeluaran,585491.0,E-Wallet
4153,2025-02-14,Marketplace,Transfer Teman/Keluarga,Pengeluaran,196794.0,Kartu Kredit
4154,2025-05-26,GoFood,Belanja Bulanan,Pengeluaran,34539.0,E-Wallet
4155,2025-02-15,Gaji bulanan,Gaji,Pemasukan,6018170.0,Kartu Kredit
4156,2026-03-10,Shopee,Belanja Bulanan,Pengeluaran,123703.0,Kartu Debit
4157,2025-04-24,Membership,Pembayaran Langganan,Pengeluaran,155198.0,Kartu Debit
4158,2025-07-24,Jajan,Makanan & Minuman,Pengeluaran,51059.0,Transfer Bank
4159,2025-11-02,Subscription,Pembayaran Langganan,Pengeluaran,141014.0,Transfer Bank
4160,2025-02-04,Ngopi,Makanan & Minuman,Pengeluaran,84082.0,Transfer Bank
4161,2024-11-25,Gojek,Transportasi,Pengeluaran,11254.0,E-Wallet
4162,2026-01-05,Paket data,Pulsa & Internet,Pengeluaran,140595.0,Kartu Kredit
4163,2024-06-06,Wifi rumah,Pulsa & Internet,Pengeluaran,114501.0,Kartu Debit
4164,2024-06-21,Minimarket,Makanan & Minuman,Pengeluaran,73252.0,Kartu Debit
4165,2024-11-15,Trf,Transfer Teman/Keluarga,Pengeluaran,169308.0,Transfer Bank
4166,2025-09-21,Grabb,Transportasi,Pengeluaran,21622.0,Kartu Debit
4167,2025-07-31,Pembayaran digital,Hiburan,Pengeluaran,258470.0,E-Wallet
4168,2025-03-22,Membership,Pembayaran Langganan,Pengeluaran,51741.0,Tunai
4169,2024-10-27,Pembayaran digital,Tempat Tinggal,Pengeluaran,469261.0,Kartu Kredit
5036,2025-09-30,Bensin,Transportasi,Pengeluaran,10000.0,Kartu Debit
4171,2026-03-01,Kirim uang,Transfer Teman/Keluarga,Pengeluaran,348333.0,Kartu Debit
4172,2024-12-18,Transfer,Transfer Teman/Keluarga,Pengeluaran,520850.0,Kartu Kredit
4173,2024-08-25,Bioskop,Hiburan,Pengeluaran,483252.0,E-Wallet
4174,2024-08-08,Beli pakaian,Belanja Bulanan,Pengeluaran,178836.0,Tunai
4175,2024-06-12,Konser,Hiburan,Pengeluaran,245315.0,Kartu Debit
4176,2025-12-26,Tagihan internet,Pulsa & Internet,Pengeluaran,113374.0,E-Wallet
4177,2025-08-19,Gym membership,Pembayaran Langganan,Pengeluaran,135720.0,Transfer Bank
4178,2024-09-05,Cloud storage,Pembayaran Langganan,Pengeluaran,155653.0,Tunai
4179,2024-06-16,Netflix,Hiburan,Pengeluaran,76634.0,Kartu Kredit
4180,2025-02-05,Transfer,Transfer Teman/Keluarga,Pengeluaran,276800.0,Kartu Debit
4181,2025-10-10,Trf,Transfer Teman/Keluarga,Pemasukan,180065.0,E-Wallet
4182,2026-05-12,Cloud storage,Pembayaran Langganan,Pengeluaran,57512.0,E-Wallet
4183,2025-01-02,KRL,Transportasi,Pengeluaran,46641.0,Lainnya
4184,2024-09-25,Bensin,Transportasi,Pengeluaran,9977.0,Transfer Bank
4185,2024-08-05,Shopee,Belanja Bulanan,Pengeluaran,54086.0,Kartu Kredit
4186,2025-03-22,THR,Gaji,Pemasukan,7921835.0,Kartu Debit
4187,2025-09-26,Bayar teman,Transfer Teman/Keluarga,Pengeluaran,150294.0,Kartu Kredit
4188,2024-08-24,Grab,Transportasi,Pengeluaran,22727.0,Tunai
4189,2025-12-30,Restoran,Makanan & Minuman,Pengeluaran,65656.0,Kartu Kredit
4190,2024-12-17,Service AC,Tempat Tinggal,Pengeluaran,1081002.0,Transfer Bank
4191,2025-08-26,Game online,Hiburan,Pengeluaran,139813.0,E-Wallet
4192,2025-02-07,Game online,Hiburan,Pengeluaran,139608.0,Transfer Bank
4193,2026-02-19,Transfer,Gaji,Pemasukan,6271849.0,Tunai
4194,2024-08-29,Air,Tempat Tinggal,Pengeluaran,1089379.0,Kartu Debit
4195,2025-11-12,Hiburan,Hiburan,Pengeluaran,373736.0,Transfer Bank
4196,2024-09-22,Listrik,Tempat Tinggal,Pengeluaran,987003.0,Kartu Kredit
4197,2026-05-20,Cloud storage,Pembayaran Langganan,Pengeluaran,181263.0,Tunai
4198,2026-05-19,Lazada,Belanja Bulanan,Pengeluaran,643301.0,Tunai
4199,2024-08-18,Peralatan rumah,Belanja Bulanan,Pengeluaran,81084.0,Transfer Bank
4200,2025-12-12,Bonus,Gaji,Pemasukan,7024707.0,Transfer Bank
4201,2025-07-29,Tagihan,Gaji,Pemasukan,6560658.0,Kartu Debit
4202,2025-05-15,Gojek,Transportasi,Pengeluaran,10000.0,Transfer Bank
4203,2025-12-24,Iuran lingkungan,Tempat Tinggal,Pengeluaran,575500.0,Tunai
4204,2026-03-07,Tol,Transportasi,Pengeluaran,29665.0,Transfer Bank
4205,2024-07-15,Netflix,Hiburan,Pengeluaran,195325.0,E-Wallet
4206,2026-04-23,Marketplace,Tempat Tinggal,Pengeluaran,1140719.0,Transfer Bank
4207,2025-07-20,Transfer,Transfer Teman/Keluarga,Pengeluaran,230276.0,E-Wallet
4208,2024-11-28,MRT,Transportasi,Pengeluaran,12441.0,E-Wallet
4209,2025-12-16,Membership,Pembayaran Langganan,Pengeluaran,101719.0,Kartu Kredit
4210,2024-06-14,Gym membership,Pembayaran Langganan,Pengeluaran,115572.0,Kartu Debit
4211,2025-01-27,Iuran lingkungan,Tempat Tinggal,Pengeluaran,711689.0,Kartu Debit
4212,2024-11-16,Cloud storage,Pembayaran Langganan,Pengeluaran,85577.0,E-Wallet
4213,2025-03-11,Pulsa & Internet,Pulsa & Internet,Pengeluaran,85136.0,E-Wallet
4214,2025-01-16,Makan malam,Makanan & Minuman,Pengeluaran,66179.0,Kartu Debit
4215,2025-06-14,Membership,Pembayaran Langganan,Pengeluaran,76890.0,E-Wallet
4216,2025-12-24,Kirim uang,Transfer Teman/Keluarga,Pengeluaran,527583.0,Kartu Debit
4217,2025-08-25,Subscription,Pembayaran Langganan,Pengeluaran,162495.0,E-Wallet
4218,2025-08-08,Lazada,Belanja Bulanan,Pengeluaran,239866.0,Kartu Kredit
4219,2026-05-11,Patungan,Transfer Teman/Keluarga,Pengeluaran,313923.0,Tunai
4220,2025-04-28,Minimarket,Belanja Bulanan,Pengeluaran,99688.0,Kartu Kredit
4221,2025-08-21,Tokopedia,Belanja Bulanan,Pengeluaran,139510.0,Kartu Debit
4222,2025-11-08,Ngopi,Makanan & Minuman,Pengeluaran,43065.0,Kartu Debit
4223,2026-02-12,Game online,Hiburan,Pengeluaran,56969.0,E-Wallet
4224,2025-12-20,Paket data,Pulsa & Internet,Pengeluaran,387539.0,Tunai
4225,2025-05-27,Konser,Hiburan,Pengeluaran,225042.0,Transfer Bank
4226,2024-10-15,THR,Gaji,Pemasukan,7967307.0,Kartu Debit
4227,2025-05-31,Air,Tempat Tinggal,Pengeluaran,649069.0,Tunai
4228,2025-03-24,Bayar teman,Transfer Teman/Keluarga,Pengeluaran,179540.0,Tunai
4229,2025-02-11,Paket data,Pulsa & Internet,Pengeluaran,108772.0,Kartu Debit
4230,2025-01-26,Spotify,Hiburan,Pengeluaran,101185.0,Kartu Debit
4231,2026-05-12,Gym membership,Pembayaran Langganan,Pengeluaran,105175.0,Kartu Debit
4232,2024-12-27,Paket data,Pulsa & Internet,Pengeluaran,54813.0,Tunai
4233,2025-07-24,Minimarket,Makanan & Minuman,Pengeluaran,33021.0,Tunai
4234,2025-07-13,Transfer,Transfer Teman/Keluarga,Pengeluaran,53697.0,Transfer Bank
4235,2024-08-01,GrabFood,Makanan & Minuman,Pengeluaran,68135.0,Tunai
4236,2026-03-26,Spotfy,Hiburan,Pengeluaran,131149.0,Transfer Bank
4237,2024-06-16,Bayar teman,Transfer Teman/Keluarga,Pengeluaran,307078.0,E-Wallet
4238,2024-08-22,Minimarket,Makanan & Minuman,Pengeluaran,63814.0,Transfer Bank
4239,2025-12-26,Membership,Pembayaran Langganan,Pengeluaran,147578.0,Kartu Debit
4240,2025-11-06,Transfer,Belanja Bulanan,Pengeluaran,174816.0,Transfer Bank
4241,2025-08-27,Service AC,Tempat Tinggal,Pengeluaran,650804.0,E-Wallet
4242,2026-02-14,Parkir,Transportasi,Pengeluaran,17132.0,E-Wallet
4243,2026-01-16,Pulsa,Pulsa & Internet,Pengeluaran,37946.0,Kartu Kredit
4244,2024-07-26,Bayar teman,Transfer Teman/Keluarga,Pemasukan,656178.0,Tunai
4245,2025-07-12,Cloud storage,Pembayaran Langganan,Pengeluaran,78597.0,E-Wallet
4247,2024-09-15,Paket data,Pulsa & Internet,Pengeluaran,149066.0,Kartu Debit
4248,2025-03-27,Paket data,Pulsa & Internet,Pengeluaran,118059.0,E-Wallet
4249,2024-11-27,Cloud storage,Pembayaran Langganan,Pengeluaran,152846.0,E-Wallet
4250,2025-01-24,KRL,Transportasi,Pengeluaran,10000.0,Transfer Bank
4251,2024-07-01,Listrik,Tempat Tinggal,Pengeluaran,1023113.0,E-Wallet
4252,2025-10-28,Gym membership,Pembayaran Langganan,Pengeluaran,157686.0,Kartu Debit
4253,2025-08-19,Konser,Hiburan,Pengeluaran,53298.0,Transfer Bank
4254,2024-09-13,Bonus,Gaji,Pemasukan,6577991.0,Tunai
4255,2024-09-26,Transfer,Transfer Teman/Keluarga,Pemasukan,216000.0,E-Wallet
4256,2025-05-11,Tokopedia,Belanja Bulanan,Pengeluaran,225161.0,E-Wallet
4257,2026-05-15,GrabFood,Makanan & Minuman,Pengeluaran,34703.0,Tunai
4258,2024-10-28,Cloud storage,Pembayaran Langganan,Pengeluaran,12241.0,Kartu Debit
4259,2024-05-28,Liburan,Hiburan,Pengeluaran,98139.0,Kartu Kredit
4260,2025-10-25,Marketplace,Transfer Teman/Keluarga,Pemasukan,396375.0,Lainnya
4261,2025-03-31,Liburan,Hiburan,Pengeluaran,138025.0,Kartu Debit
4262,2025-11-30,Pulsa,Pulsa & Internet,Pengeluaran,98911.0,Kartu Debit
4263,2024-12-30,Wifi rumah,Pulsa & Internet,Pengeluaran,134039.0,Transfer Bank
4264,2025-01-18,Tagihan,Belanja Bulanan,Pengeluaran,195522.0,Kartu Debit
4265,2025-02-24,Service AC,Tempat Tinggal,Pengeluaran,1001283.0,Kartu Kredit
4266,2025-10-19,Patungan,Transfer Teman/Keluarga,Pengeluaran,207957.0,Transfer Bank
4267,2024-08-19,Pembayaran digital,Transfer Teman/Keluarga,Pemasukan,457084.0,Transfer Bank
4268,2025-02-04,Tagihan,Gaji,Pemasukan,4589174.0,Kartu Debit
4269,2025-05-19,Gym membership,Pembayaran Langganan,Pengeluaran,112181.0,Tunai
4270,2025-03-17,Bioskop,Hiburan,Pengeluaran,56254.0,Tunai
4271,2025-02-05,Tagihan,Hiburan,Pengeluaran,82153.0,Transfer Bank
4272,2025-10-03,Paket data,Pulsa & Internet,Pengeluaran,56789.0,Kartu Debit
4273,2024-08-19,Restoran,Makanan & Minuman,Pengeluaran,34587.0,E-Wallet
4274,2026-03-11,Makan malam,Makanan & Minuman,Pengeluaran,80412.0,Kartu Debit
4275,2024-11-11,GoFood,Makanan & Minuman,Pengeluaran,58043.0,Tunai
4276,2026-02-12,Cloud storage,Pembayaran Langganan,Pengeluaran,134912.0,Tunai
4277,2025-09-24,Restoran,Makanan & Minuman,Pengeluaran,48731.0,Transfer Bank
4278,2025-05-03,Marketplace,Hiburan,Pengeluaran,225997.0,Transfer Bank
4279,2025-01-21,MRT,Transportasi,Pengeluaran,20773.0,Kartu Debit
4280,2026-03-22,Kirim uang,Transfer Teman/Keluarga,Pengeluaran,198697.0,Kartu Kredit
4281,2025-02-07,Transfer,Belanja Bulanan,Pemasukan,463493.0,Transfer Bank
4282,2024-11-08,Bonus,Gaji,Pemasukan,6235810.0,Kartu Debit
4283,2025-05-21,Membership,Pembayaran Langganan,Pengeluaran,53754.0,Kartu Debit
4284,2025-01-20,Service AC,Tempat Tinggal,Pengeluaran,430319.0,Kartu Kredit
4285,2025-08-21,GrabFood,Makanan & Minuman,Pengeluaran,80961.0,Kartu Debit
4286,2025-11-29,Beli pakaian,Belanja Bulanan,Pengeluaran,157312.0,Kartu Debit
4287,2026-02-07,Bayar teman,Transfer Teman/Keluarga,Pemasukan,70906.0,Kartu Kredit
4288,2024-07-12,Pulsa,Pulsa & Internet,Pengeluaran,51693.0,Kartu Debit
4289,2026-05-14,Lazada,Belanja Bulanan,Pengeluaran,195760.0,Kartu Kredit
4290,2024-10-19,Kirim uang,Transfer Teman/Keluarga,Pengeluaran,10000.0,E-Wallet
4291,2025-04-27,Patungan,Transfer Teman/Keluarga,Pengeluaran,302364.0,Transfer Bank
4292,2026-03-27,Bayar kos,Tempat Tinggal,Pengeluaran,1561804.0,Kartu Debit
4293,2025-06-29,Game online,Hiburan,Pengeluaran,430565.0,Tunai
4294,2026-02-16,Peralatan rumah,Belanja Bulanan,Pengeluaran,202113.0,Tunai
4295,2025-04-23,Subscription,Pembayaran Langganan,Pengeluaran,108662.0,Tunai
4296,2025-12-20,Gaji bulanan,Gaji,Pemasukan,7515349.0,Transfer Bank
4297,2024-12-04,Iuran lingkungan,Tempat Tinggal,Pengeluaran,537707.0,Transfer Bank
4298,2025-03-21,Patungan,Transfer Teman/Keluarga,Pengeluaran,261040.0,Transfer Bank
4299,2025-09-23,MRT,Transportasi,Pengeluaran,9028.0,Kartu Kredit
4300,2026-01-13,Pulsa,Pulsa & Internet,Pengeluaran,102781.0,Kartu Kredit
4301,2026-01-16,Gojek,Transportasi,Pengeluaran,6975.0,Kartu Debit
4302,2026-01-10,Subscription,Pembayaran Langganan,Pengeluaran,192450.0,Tunai
4303,2025-09-30,Minimarket,Makanan & Minuman,Pengeluaran,34474.0,E-Wallet
4304,2024-09-04,Gaji bulanan,Gaji,Pemasukan,8767113.0,Transfer Bank
4305,2024-08-18,Ngopi,Makanan & Minuman,Pengeluaran,101958.0,Kartu Debit
4306,2025-01-05,Mkn siang,Makanan & Minuman,Pengeluaran,45761.0,Transfer Bank
4307,2024-05-27,Air,Tempat Tinggal,Pengeluaran,911175.0,E-Wallet
4308,2024-07-15,Transfer,Transfer Teman/Keluarga,Pengeluaran,594450.0,E-Wallet
4309,2025-05-21,Bayar teman,Transfer Teman/Keluarga,Pengeluaran,301185.0,Transfer Bank
4310,2024-09-15,Membership,Pembayaran Langganan,Pengeluaran,232696.0,Kartu Debit
4311,2024-08-21,Cafe,Makanan & Minuman,Pengeluaran,75831.0,Kartu Debit
4312,2026-03-14,Service AC,Tempat Tinggal,Pengeluaran,845340.0,Transfer Bank
4313,2025-09-07,Gym membership,Pembayaran Langganan,Pengeluaran,10000.0,Kartu Debit
4314,2025-01-07,Patungan,Transfer Teman/Keluarga,Pengeluaran,280067.0,Tunai
4315,2025-05-11,THR,Gaji,Pemasukan,5992826.0,E-Wallet
4316,2025-04-14,Cloud storage,Pembayaran Langganan,Pengeluaran,154342.0,Kartu Debit
4317,2025-08-16,GrabFood,Makanan & Minuman,Pengeluaran,83053.0,E-Wallet
4318,2024-06-07,Tol,Transportasi,Pengeluaran,13045.0,E-Wallet
4319,2026-04-23,Cloud storage,Pembayaran Langganan,Pengeluaran,81515.0,Transfer Bank
4320,2025-11-26,Transfer,Transfer Teman/Keluarga,Pengeluaran,416601.0,E-Wallet
4321,2025-01-24,Pembayaran digital,Makanan & Minuman,Pengeluaran,56849.0,Kartu Debit
4322,2025-04-14,Minimarket,Belanja Bulanan,Pengeluaran,77498.0,Kartu Kredit
4323,2025-06-13,Subscription,Pembayaran Langganan,Pengeluaran,231310.0,Kartu Debit
4324,2024-09-30,Bonus,Gaji,Pemasukan,7407814.0,E-Wallet
4325,2024-12-18,Paket data,Pulsa & Internet,Pengeluaran,115366.0,Tunai
4326,2026-04-16,Pulsa,Pulsa & Internet,Pengeluaran,67665.0,Tunai
4327,2025-09-25,Pulsa,Pulsa & Internet,Pengeluaran,70704.0,Kartu Kredit
4328,2025-10-23,Patungan,Transfer Teman/Keluarga,Pemasukan,291310.0,Tunai
4329,2026-03-27,Kirim uang,Transfer Teman/Keluarga,Pengeluaran,1290959.0,Kartu Debit
4330,2025-06-07,Bonus,Gaji,Pemasukan,5959156.0,Kartu Kredit
4331,2024-12-14,Tagihan,Transportasi,Pengeluaran,11848.0,Kartu Debit
4333,2025-10-14,Bayar kos,Tempat Tinggal,Pengeluaran,741035.0,E-Wallet
4334,2025-03-08,Tempat Tinggal,Tempat Tinggal,Pengeluaran,966080.0,Kartu Debit
4335,2026-01-05,Cafe,Makanan & Minuman,Pengeluaran,43848.0,Kartu Debit
4336,2026-01-22,Ngopi,Makanan & Minuman,Pengeluaran,30644.0,Transfer Bank
4337,2026-01-24,Bioskop,Hiburan,Pengeluaran,505403.0,Transfer Bank
4338,2025-07-07,Pembayaran digital,Transfer Teman/Keluarga,Pengeluaran,444389.0,Kartu Kredit
4339,2025-02-22,Subscription,Pembayaran Langganan,Pengeluaran,84587.0,Kartu Kredit
4340,2025-06-30,Supermarket,Belanja Bulanan,Pengeluaran,829012.0,Kartu Kredit
4341,2025-01-10,Pulsa,Pulsa & Internet,Pengeluaran,78229.0,E-Wallet
4342,2024-08-10,Supermarket,Belanja Bulanan,Pengeluaran,94952.0,Kartu Debit
4343,2025-07-13,Pulsa,Pulsa & Internet,Pengeluaran,126530.0,Transfer Bank
4344,2025-07-04,Transfer,Gaji,Pemasukan,8581983.0,Transfer Bank
4345,2025-05-22,Game online,Hiburan,Pengeluaran,264097.0,Kartu Kredit
4346,2025-08-26,Netflix,Hiburan,Pengeluaran,51943.0,Tunai
4347,2024-11-23,Bayar teman,Transfer Teman/Keluarga,Pemasukan,197586.0,Transfer Bank
4348,2024-12-11,Cafe,Makanan & Minuman,Pengeluaran,89209.0,Lainnya
4349,2024-12-30,Bayar teman,Transfer Teman/Keluarga,Pengeluaran,225027.0,Kartu Kredit
4350,2026-05-06,Iuran lingkungan,Tempat Tinggal,Pengeluaran,607202.0,Lainnya
4351,2025-07-03,Transfer,Belanja Bulanan,Pemasukan,139189.0,Kartu Kredit
4352,2025-09-15,Transfer,Belanja Bulanan,Pengeluaran,118953.0,Kartu Debit
4353,2025-02-22,Netflix,Hiburan,Pengeluaran,539460.0,E-Wallet
4354,2024-11-17,Patungan,Transfer Teman/Keluarga,Pengeluaran,305252.0,Kartu Kredit
4355,2026-03-17,THR,Gaji,Pemasukan,9666243.0,Transfer Bank
4356,2025-05-24,Supermarket,Belanja Bulanan,Pengeluaran,143502.0,Kartu Kredit
4357,2025-04-07,Gaji bulanan,Gaji,Pemasukan,7707619.0,E-Wallet
4358,2025-12-10,Bayar kos,Tempat Tinggal,Pengeluaran,108311.0,Kartu Debit
4359,2025-05-25,Shopee,Belanja Bulanan,Pengeluaran,288797.0,Transfer Bank
4360,2025-03-02,Transfer,Transfer Teman/Keluarga,Pemasukan,240269.0,Transfer Bank
4361,2025-11-09,Marketplace,Pembayaran Langganan,Pengeluaran,209469.0,E-Wallet
4362,2025-06-15,Spotify,Hiburan,Pengeluaran,107904.0,Tunai
4363,2025-08-26,Gaji bulanan,Gaji,Pemasukan,4800778.0,E-Wallet
4364,2024-07-11,Makan malam,Makanan & Minuman,Pengeluaran,36199.0,Kartu Debit
4365,2024-10-01,Gym membership,Pembayaran Langganan,Pengeluaran,67090.0,Kartu Debit
4366,2024-12-06,Makan malam,Makanan & Minuman,Pengeluaran,24803.0,Transfer Bank
4367,2025-09-10,Bioskop,Hiburan,Pengeluaran,105978.0,Kartu Debit
4368,2026-01-01,Tokopedia,Belanja Bulanan,Pengeluaran,89773.0,E-Wallet
4369,2024-08-23,Bayar teman,Transfer Teman/Keluarga,Pemasukan,235360.0,Kartu Kredit
4370,2024-12-22,Cloud storage,Pembayaran Langganan,Pengeluaran,18997.0,Kartu Kredit
4371,2024-05-30,Minimarket,Belanja Bulanan,Pengeluaran,58060.0,Tunai
4372,2025-11-12,Service AC,Tempat Tinggal,Pengeluaran,649956.0,Kartu Debit
4373,2026-03-04,Beli pakaian,Belanja Bulanan,Pengeluaran,93706.0,Kartu Debit
4374,2026-02-09,Netfliix,Hiburan,Pengeluaran,50485.0,Kartu Kredit
4375,2025-08-26,Tempat Tinggal,Tempat Tinggal,Pengeluaran,1145725.0,Kartu Kredit
4376,2025-11-24,KRL,Transportasi,Pengeluaran,36158.0,Kartu Debit
4377,2025-10-14,Bioskop,Hiburan,Pengeluaran,25117.0,E-Wallet
4378,2024-11-26,Kirim uang,Transfer Teman/Keluarga,Pengeluaran,16843.0,Kartu Debit
4379,2026-02-19,GoFood,Makanan & Minuman,Pengeluaran,25010.0,Kartu Kredit
4380,2025-08-25,Bioskop,Hiburan,Pengeluaran,62502.0,E-Wallet
4381,2026-05-06,Service AC,Tempat Tinggal,Pengeluaran,507679.0,Kartu Debit
4383,2025-04-24,Transfer,Tempat Tinggal,Pengeluaran,813613.0,Transfer Bank
4384,2025-12-21,Spotify,Hiburan,Pengeluaran,37147.0,E-Wallet
4385,2024-09-07,Pulsa,Pulsa & Internet,Pengeluaran,80383.0,Kartu Kredit
4386,2026-05-09,Makan malam,Makanan & Minuman,Pengeluaran,65586.0,E-Wallet
4387,2026-04-15,Parkir,Transportasi,Pengeluaran,15280.0,Tunai
4388,2026-02-21,Wifi rumah,Pulsa & Internet,Pengeluaran,89277.0,Kartu Debit
4389,2025-08-31,Cafe,Makanan & Minuman,Pengeluaran,78677.0,E-Wallet
4390,2024-10-01,Minimarket,Makanan & Minuman,Pengeluaran,21016.0,Tunai
4391,2025-10-19,Patungan,Transfer Teman/Keluarga,Pemasukan,174977.0,Kartu Kredit
4392,2025-11-04,Ngopi,Makanan & Minuman,Pengeluaran,60640.0,Kartu Debit
4393,2026-03-15,Marketplace,Gaji,Pemasukan,5881733.0,Transfer Bank
4394,2024-10-19,Pembayaran digital,Gaji,Pemasukan,6408802.0,E-Wallet
4395,2024-11-03,Subscription,Pembayaran Langganan,Pengeluaran,46467.0,Tunai
5037,2025-08-04,GrabbFood,Makanan & Minuman,Pengeluaran,52696.0,Tunai
4397,2026-02-19,Bensin,Transportasi,Pengeluaran,46004.0,Kartu Kredit
4398,2025-03-26,Trf,Transfer Teman/Keluarga,Pengeluaran,341347.0,Tunai
4399,2025-11-11,Tagihan,Belanja Bulanan,Pengeluaran,374834.0,E-Wallet
4400,2026-05-16,Tokopedia,Belanja Bulanan,Pengeluaran,465558.0,Tunai
4401,2025-02-14,Paket data,Pulsa & Internet,Pengeluaran,153977.0,Kartu Kredit
4402,2026-04-16,Transfer,Belanja Bulanan,Pengeluaran,78039.0,Transfer Bank
4404,2025-05-10,Bonus,Gaji,Pemasukan,8954001.0,Kartu Kredit
4405,2025-10-26,Paket data,Pulsa & Internet,Pengeluaran,58553.0,Kartu Kredit
4406,2024-07-07,Subscription,Pembayaran Langganan,Pengeluaran,108781.0,Kartu Debit
4407,2024-07-24,Subscription,Pembayaran Langganan,Pengeluaran,95287.0,E-Wallet
4408,2024-11-01,Ngopi,Makanan & Minuman,Pengeluaran,136010.0,Kartu Debit
4409,2024-09-22,Spotify,Hiburan,Pengeluaran,52693.0,Transfer Bank
4410,2024-12-29,Listrik,Tempat Tinggal,Pengeluaran,754154.0,Kartu Debit
4412,2024-10-25,Supermarket,Belanja Bulanan,Pengeluaran,68001.0,Kartu Debit
4413,2026-04-21,Parkir,Transportasi,Pengeluaran,38466.0,E-Wallet
4414,2026-01-24,Subscription,Pembayaran Langganan,Pengeluaran,138205.0,Kartu Kredit
4415,2026-05-23,Gym membership,Pembayaran Langganan,Pengeluaran,199375.0,Kartu Debit
4416,2024-09-13,Minimarket,Makanan & Minuman,Pengeluaran,38966.0,Kartu Debit
4417,2026-01-14,Listrik,Tempat Tinggal,Pengeluaran,849880.0,Kartu Debit
4418,2025-08-16,Lazada,Belanja Bulanan,Pengeluaran,165557.0,Tunai
4419,2025-04-16,Membership,Pembayaran Langganan,Pengeluaran,34676.0,E-Wallet
4420,2026-03-13,Gym membership,Pembayaran Langganan,Pengeluaran,132901.0,Kartu Debit
4421,2025-09-26,Listrik,Tempat Tinggal,Pengeluaran,778953.0,E-Wallet
4422,2025-09-13,Membership,Pembayaran Langganan,Pengeluaran,208677.0,E-Wallet
4423,2024-08-22,THR,Gaji,Pemasukan,6596486.0,Kartu Debit
4424,2024-08-08,Paket data,Pulsa & Internet,Pengeluaran,126492.0,E-Wallet
4425,2025-03-28,Subscription,Pembayaran Langganan,Pengeluaran,52906.0,Kartu Kredit
4426,2026-02-10,Minimarket,Makanan & Minuman,Pengeluaran,66438.0,Kartu Kredit
4427,2026-02-22,Liburan,Hiburan,Pengeluaran,67146.0,Kartu Debit
4428,2025-03-20,Pembayaran digital,Transportasi,Pengeluaran,14857.0,Kartu Debit
4429,2024-11-25,Gojek,Transportasi,Pengeluaran,52920.0,Kartu Kredit
4430,2025-01-27,Transfer,Transfer Teman/Keluarga,Pengeluaran,235873.0,Kartu Debit
4431,2026-04-23,Pembayaran digital,Belanja Bulanan,Pengeluaran,238940.0,Tunai
4432,2025-11-20,Parkir,Transportasi,Pengeluaran,16129.0,Transfer Bank
4433,2026-03-05,Restoran,Makanan & Minuman,Pengeluaran,46506.0,Kartu Debit
4434,2024-07-30,Pulsa,Pulsa & Internet,Pengeluaran,186318.0,Transfer Bank
4435,2025-07-11,Tagihan internet,Pulsa & Internet,Pengeluaran,226658.0,E-Wallet
4437,2025-08-27,Bayar teman,Transfer Teman/Keluarga,Pemasukan,397182.0,Tunai
4438,2024-12-15,Pulsa,Pulsa & Internet,Pengeluaran,10000.0,E-Wallet
4439,2025-06-17,Netflix,Hiburan,Pengeluaran,46102.0,Kartu Debit
4440,2025-10-12,KRL,Transportasi,Pengeluaran,30201.0,Transfer Bank
4441,2024-05-27,Subscription,Pembayaran Langganan,Pengeluaran,220538.0,Tunai
4442,2024-07-04,Minimarket,Makanan & Minuman,Pengeluaran,46120.0,Kartu Debit
4443,2025-09-22,Tagihan,Pulsa & Internet,Pengeluaran,92208.0,Tunai
4444,2024-12-04,Makan malam,Makanan & Minuman,Pengeluaran,43893.0,Tunai
4445,2024-07-30,Game online,Hiburan,Pengeluaran,56858.0,Transfer Bank
4446,2025-12-13,Bioskop,Hiburan,Pengeluaran,104428.0,Tunai
4447,2026-04-08,Kirim uang,Transfer Teman/Keluarga,Pengeluaran,222878.0,E-Wallet
4448,2024-09-19,Netflix,Hiburan,Pengeluaran,59858.0,Kartu Debit
4449,2024-12-31,Transfer,Belanja Bulanan,Pengeluaran,18222.0,Tunai
4450,2026-04-09,Marketplace,Pulsa & Internet,Pengeluaran,81142.0,Kartu Debit
4451,2026-01-04,Liburan,Hiburan,Pengeluaran,62461.0,Kartu Debit
4452,2025-04-21,Makan siang,Makanan & Minuman,Pengeluaran,92416.0,Kartu Kredit
4453,2024-10-22,Ngopi,Makanan & Minuman,Pengeluaran,88231.0,Tunai
4454,2024-07-16,Cloud storage,Pembayaran Langganan,Pengeluaran,234319.0,Tunai
4455,2026-04-10,Jajan,Makanan & Minuman,Pengeluaran,71543.0,Transfer Bank
4456,2024-07-23,Tagihan internet,Pulsa & Internet,Pengeluaran,107119.0,Kartu Debit
4457,2026-01-10,Spotify,Pembayaran Langganan,Pengeluaran,132793.0,E-Wallet
4458,2025-05-03,Transfer,Transfer Teman/Keluarga,Pemasukan,165505.0,Tunai
4459,2024-09-02,Transfer,Transfer Teman/Keluarga,Pengeluaran,268969.0,Transfer Bank
4460,2025-01-23,Trf,Transfer Teman/Keluarga,Pengeluaran,2090303.0,Kartu Kredit
4461,2026-03-03,Tol,Transportasi,Pengeluaran,29908.0,Kartu Debit
4462,2025-07-25,Ngopi,Makanan & Minuman,Pengeluaran,39153.0,E-Wallet
4463,2024-05-29,Supermarket,Belanja Bulanan,Pengeluaran,133301.0,Kartu Debit
4464,2026-03-18,Gaji bulanan,Gaji,Pemasukan,7225496.0,Transfer Bank
4465,2025-12-04,Listrik,Tempat Tinggal,Pengeluaran,1080678.0,Tunai
4466,2025-04-12,Wifi rumah,Pulsa & Internet,Pengeluaran,110447.0,Kartu Debit
4467,2025-01-23,Konser,Hiburan,Pengeluaran,63020.0,E-Wallet
4468,2025-12-09,Gaji bulanan,Gaji,Pemasukan,7827095.0,E-Wallet
4469,2026-04-18,KRL,Transportasi,Pengeluaran,43554.0,Kartu Debit
4470,2026-02-24,Spotify,Hiburan,Pengeluaran,136175.0,E-Wallet
4471,2025-06-19,Mkn malam,Makanan & Minuman,Pengeluaran,41652.0,Kartu Debit
4472,2026-03-24,Bayar kos,Tempat Tinggal,Pengeluaran,1003707.0,Kartu Kredit
4473,2025-10-14,Marketplace,Belanja Bulanan,Pengeluaran,62773.0,Kartu Debit
4474,2025-08-01,Listrik,Tempat Tinggal,Pengeluaran,833906.0,Kartu Debit
4475,2025-05-25,Bensin,Transportasi,Pengeluaran,15739.0,E-Wallet
4476,2025-07-01,KRL,Transportasi,Pengeluaran,35465.0,E-Wallet
4477,2024-10-06,Liburan,Hiburan,Pengeluaran,114141.0,Tunai
4478,2024-06-11,Liburan,Hiburan,Pengeluaran,27189.0,Kartu Debit
4479,2025-06-16,Makan siang,Makanan & Minuman,Pengeluaran,44211.0,E-Wallet
4480,2025-07-23,Service AC,Tempat Tinggal,Pengeluaran,852048.0,Kartu Kredit
4481,2026-01-26,Tagihan internet,Pulsa & Internet,Pengeluaran,115254.0,Tunai
4482,2024-12-31,Minimarket,Belanja Bulanan,Pengeluaran,166143.0,Kartu Debit
4483,2026-02-02,Gym membership,Pembayaran Langganan,Pengeluaran,189512.0,Transfer Bank
4484,2025-10-29,Konser,Hiburan,Pengeluaran,72459.0,Kartu Kredit
4485,2025-10-28,Parkir,Transportasi,Pengeluaran,10000.0,Kartu Kredit
4486,2024-06-07,Pulsa,Pulsa & Internet,Pengeluaran,135330.0,E-Wallet
4487,2025-12-16,Gym membership,Pembayaran Langganan,Pengeluaran,124641.0,Transfer Bank
4488,2025-10-06,Tagihan,Transportasi,Pengeluaran,46477.0,Kartu Kredit
4489,2024-11-04,Trf,Transfer Teman/Keluarga,Pemasukan,196217.0,Kartu Debit
4490,2025-06-29,THR,Gaji,Pemasukan,6220394.0,Transfer Bank
4491,2024-10-20,Gaji bulanan,Gaji,Pemasukan,13330778.0,Transfer Bank
4492,2025-12-22,Marketplace,Belanja Bulanan,Pengeluaran,128567.0,E-Wallet
4493,2025-07-16,Bonus,Gaji,Pemasukan,5739396.0,Kartu Kredit
4494,2025-01-17,Marketplace,Makanan & Minuman,Pengeluaran,48260.0,Kartu Kredit
4495,2024-08-14,Tagihan internet,Pulsa & Internet,Pengeluaran,27879.0,Transfer Bank
4496,2026-03-10,GrabFood,Makanan & Minuman,Pengeluaran,96537.0,Kartu Debit
4497,2024-07-11,Tokopedia,Belanja Bulanan,Pengeluaran,777242.0,Kartu Debit
4498,2026-03-22,Subscription,Pembayaran Langganan,Pengeluaran,81329.0,Kartu Kredit
4499,2024-11-17,Transfer,Transfer Teman/Keluarga,Pengeluaran,355010.0,Transfer Bank
4500,2026-03-03,Trf,Belanja Bulanan,Pengeluaran,308416.0,Kartu Debit
4501,2026-04-05,Game online,Hiburan,Pengeluaran,216982.0,E-Wallet
4502,2025-08-01,Peralatan rumah,Belanja Bulanan,Pengeluaran,336471.0,Kartu Kredit
4503,2026-03-02,Konser,Hiburan,Pengeluaran,52587.0,Lainnya
4504,2026-03-30,Transfer,Belanja Bulanan,Pengeluaran,122229.0,Tunai
4505,2024-11-27,Pulsa,Pulsa & Internet,Pengeluaran,35603.0,E-Wallet
4506,2025-08-30,Jajan,Makanan & Minuman,Pengeluaran,48636.0,Kartu Kredit
4507,2025-08-04,Wifi rumah,Pulsa & Internet,Pengeluaran,46085.0,Transfer Bank
4508,2025-12-12,Transfer,Transfer Teman/Keluarga,Pemasukan,453003.0,E-Wallet
4509,2025-09-07,Patungan,Transfer Teman/Keluarga,Pemasukan,501853.0,E-Wallet
4510,2024-08-18,Restoran,Makanan & Minuman,Pengeluaran,10000.0,Transfer Bank
4511,2024-11-23,Minimarket,Makanan & Minuman,Pengeluaran,60321.0,E-Wallet
4512,2025-10-09,Bioskop,Hiburan,Pengeluaran,181435.0,E-Wallet
4513,2024-09-26,Transfer,Transfer Teman/Keluarga,Pemasukan,334993.0,Kartu Debit
4514,2026-04-17,Patungan,Transfer Teman/Keluarga,Pemasukan,106874.0,Kartu Kredit
4515,2025-12-12,Marketplace,Transfer Teman/Keluarga,Pengeluaran,481530.0,Tunai
4516,2024-12-14,Wifi rumah,Pulsa & Internet,Pengeluaran,52584.0,Transfer Bank
4517,2024-09-11,Gaji bulanan,Gaji,Pemasukan,5819217.0,Tunai
4518,2025-09-26,Wifi rumah,Pulsa & Internet,Pengeluaran,120029.0,E-Wallet
4519,2025-06-26,Subscription,Pembayaran Langganan,Pengeluaran,165562.0,Kartu Kredit
4521,2024-11-08,Tokopedia,Belanja Bulanan,Pengeluaran,144229.0,Kartu Kredit
4522,2025-08-14,Transfer,Belanja Bulanan,Pengeluaran,114559.0,Kartu Debit
4523,2025-01-18,Bonus,Gaji,Pemasukan,5941042.0,Transfer Bank
4524,2024-07-22,Cloud storage,Pembayaran Langganan,Pengeluaran,118877.0,E-Wallet
4525,2025-09-07,Minimarket,Makanan & Minuman,Pengeluaran,45466.0,Tunai
4526,2025-05-13,Ngopi,Makanan & Minuman,Pengeluaran,23051.0,Kartu Debit
4527,2024-10-09,Paket data,Pulsa & Internet,Pengeluaran,85664.0,Kartu Kredit
4528,2025-02-19,Bioskop,Hiburan,Pengeluaran,249925.0,E-Wallet
4529,2025-06-11,Supermarket,Belanja Bulanan,Pengeluaran,656067.0,Transfer Bank
4530,2026-05-05,Membership,Pembayaran Langganan,Pengeluaran,109508.0,E-Wallet
4531,2024-12-17,Gojek,Transportasi,Pengeluaran,21901.0,Transfer Bank
4532,2026-05-25,Peralatan rumah,Belanja Bulanan,Pengeluaran,231213.0,Tunai
4533,2025-10-13,Shopee,Belanja Bulanan,Pengeluaran,151003.0,Tunai
4534,2026-02-01,Membership,Pembayaran Langganan,Pengeluaran,186737.0,Kartu Debit
4535,2025-08-25,Minimarket,Makanan & Minuman,Pengeluaran,47193.0,Tunai
4536,2024-07-20,Jajan,Makanan & Minuman,Pengeluaran,90356.0,E-Wallet
4537,2024-10-08,GoFood,Makanan & Minuman,Pengeluaran,40876.0,Transfer Bank
4538,2024-06-03,Transfer,Belanja Bulanan,Pengeluaran,225248.0,Tunai
4539,2024-08-30,Paket data,Pulsa & Internet,Pengeluaran,106787.0,Kartu Debit
4540,2025-12-01,Transfer,Transportasi,Pengeluaran,35542.0,Transfer Bank
4541,2025-06-24,Pembayaran digital,Tempat Tinggal,Pengeluaran,713585.0,E-Wallet
4542,2024-09-30,Marketplace,Transfer Teman/Keluarga,Pemasukan,377843.0,Kartu Debit
4543,2024-08-22,Cafe,Makanan & Minuman,Pengeluaran,52742.0,E-Wallet
4544,2025-04-08,Pulsa,Pulsa & Internet,Pengeluaran,156228.0,Kartu Debit
4545,2025-06-20,Paket data,Pulsa & Internet,Pengeluaran,133732.0,Kartu Debit
4546,2024-09-08,Patungan,Transfer Teman/Keluarga,Pengeluaran,95700.0,Kartu Debit
4547,2025-02-03,Konser,Hiburan,Pengeluaran,198873.0,Kartu Debit
4548,2026-05-08,Grab,Transportasi,Pengeluaran,14999.0,Kartu Debit
4549,2025-05-29,Bensin,Transportasi,Pengeluaran,10000.0,E-Wallet
4550,2024-10-17,Membership,Pembayaran Langganan,Pengeluaran,104229.0,E-Wallet
4551,2025-10-09,Transfer,Transfer Teman/Keluarga,Pemasukan,551300.0,Tunai
4552,2025-03-08,THR,Gaji,Pemasukan,8646833.0,Kartu Debit
4553,2025-10-19,Ngopi,Makanan & Minuman,Pengeluaran,48346.0,E-Wallet
4554,2025-02-19,Transfer,Transfer Teman/Keluarga,Pengeluaran,294804.0,Tunai
4555,2024-12-24,Tagihan internet,Pulsa & Internet,Pengeluaran,102048.0,Kartu Kredit
4556,2025-08-03,Grab,Transportasi,Pengeluaran,10000.0,Kartu Kredit
4557,2025-07-12,Subscription,Pembayaran Langganan,Pengeluaran,10000.0,Kartu Kredit
4558,2025-06-07,Pembayaran digital,Transfer Teman/Keluarga,Pengeluaran,119261.0,Transfer Bank
4559,2026-03-10,Makan siang,Makanan & Minuman,Pengeluaran,47908.0,Transfer Bank
4560,2025-06-28,Pulsa & Internet,Pulsa & Internet,Pengeluaran,28447.0,E-Wallet
4561,2026-02-03,Subscription,Pembayaran Langganan,Pengeluaran,144552.0,Kartu Debit
4562,2025-02-24,Gym membership,Pembayaran Langganan,Pengeluaran,207138.0,E-Wallet
4563,2024-11-26,Netflix,Hiburan,Pengeluaran,118492.0,E-Wallet
4564,2026-05-02,Patungan,Transfer Teman/Keluarga,Pengeluaran,369983.0,Tunai
4565,2024-08-11,Transfer,Pulsa & Internet,Pengeluaran,73661.0,Kartu Kredit
4566,2025-10-25,Minimarket,Makanan & Minuman,Pengeluaran,53478.0,E-Wallet
4567,2026-03-14,Spotify,Hiburan,Pengeluaran,39465.0,E-Wallet
4568,2026-02-08,Bayar kos,Tempat Tinggal,Pengeluaran,970376.0,E-Wallet
4569,2025-07-02,Air,Tempat Tinggal,Pengeluaran,1174583.0,Kartu Kredit
4570,2024-06-14,Service AC,Tempat Tinggal,Pengeluaran,578130.0,Kartu Kredit
4571,2025-12-31,Subscription,Pembayaran Langganan,Pengeluaran,193242.0,Kartu Debit
4572,2025-02-17,Tokopedia,Belanja Bulanan,Pengeluaran,131048.0,Tunai
4573,2025-08-29,Tagihan,Transfer Teman/Keluarga,Pemasukan,257803.0,Kartu Debit
4574,2024-06-09,Kirim uang,Transfer Teman/Keluarga,Pemasukan,269076.0,E-Wallet
4575,2025-06-15,Bayar kos,Tempat Tinggal,Pengeluaran,698259.0,Kartu Kredit
4576,2024-09-03,Peralatan rumah,Belanja Bulanan,Pengeluaran,173390.0,Kartu Debit
4577,2024-11-02,Tagihan internet,Pulsa & Internet,Pengeluaran,112382.0,Kartu Kredit
4578,2025-05-09,Tagihan internet,Pulsa & Internet,Pengeluaran,76812.0,Tunai
4579,2025-07-08,Parkir,Transportasi,Pengeluaran,101307.0,Transfer Bank
4580,2025-11-21,Ngopi,Makanan & Minuman,Pengeluaran,34737.0,E-Wallet
4581,2025-03-13,Transfer,Transfer Teman/Keluarga,Pengeluaran,293074.0,E-Wallet
4582,2024-12-26,Kirim uang,Transfer Teman/Keluarga,Pengeluaran,196504.0,Kartu Kredit
4583,2024-10-13,Pembayaran digital,Makanan & Minuman,Pengeluaran,63398.0,Tunai
4584,2024-12-05,Parkir,Transportasi,Pengeluaran,30245.0,Kartu Debit
4585,2024-08-03,Peralatan rumah,Belanja Bulanan,Pengeluaran,531876.0,Kartu Debit
4586,2025-07-26,Marketplace,Belanja Bulanan,Pengeluaran,249702.0,Tunai
4587,2026-04-18,Membership,Pembayaran Langganan,Pengeluaran,117789.0,E-Wallet
4588,2025-10-19,Paket data,Pulsa & Internet,Pengeluaran,147053.0,Tunai
4589,2026-03-07,Transfer,Pembayaran Langganan,Pengeluaran,10000.0,Tunai
4590,2026-05-20,Shopee,Belanja Bulanan,Pengeluaran,155644.0,Kartu Debit
4591,2024-07-11,Liburan,Hiburan,Pengeluaran,34377.0,E-Wallet
4592,2025-08-02,Paket data,Pulsa & Internet,Pengeluaran,105848.0,Kartu Debit
4593,2026-01-20,Cloud storage,Pembayaran Langganan,Pengeluaran,10000.0,Kartu Debit
4594,2024-09-29,Membership,Pembayaran Langganan,Pengeluaran,130196.0,Transfer Bank
4596,2026-05-17,Konser,Hiburan,Pengeluaran,176906.0,Kartu Kredit
4597,2025-01-08,Subcription,Pembayaran Langganan,Pengeluaran,42373.0,Transfer Bank
4598,2026-01-03,Liburan,Hiburan,Pengeluaran,169134.0,Kartu Debit
4599,2025-01-04,Trf,Pulsa & Internet,Pengeluaran,86709.0,Kartu Debit
4600,2025-04-08,Konser,Hiburan,Pengeluaran,64293.0,Tunai
4601,2025-01-10,Restoran,Makanan & Minuman,Pengeluaran,72528.0,E-Wallet
4602,2025-09-21,GoFood,Makanan & Minuman,Pengeluaran,82039.0,Tunai
4603,2025-04-03,Tagihan,Pulsa & Internet,Pengeluaran,57238.0,Kartu Debit
4604,2025-05-20,THR,Gaji,Pemasukan,7015251.0,Kartu Kredit
4605,2025-08-05,Parkir,Transportasi,Pengeluaran,12022.0,E-Wallet
4606,2025-03-24,Air,Tempat Tinggal,Pengeluaran,679772.0,Kartu Kredit
4607,2025-08-12,Makan malam,Makanan & Minuman,Pengeluaran,31947.0,Kartu Debit
4608,2026-02-26,Patungan,Transfer Teman/Keluarga,Pemasukan,388747.0,Kartu Debit
4610,2025-02-23,Gojek,Transportasi,Pengeluaran,10000.0,Kartu Kredit
4611,2025-12-26,Wifi rumah,Pulsa & Internet,Pengeluaran,57983.0,Transfer Bank
4612,2025-08-27,Membership,Pembayaran Langganan,Pengeluaran,253976.0,Kartu Debit
4613,2025-03-16,Grab,Transportasi,Pengeluaran,18564.0,Tunai
4614,2025-11-28,Iuran lingkungan,Tempat Tinggal,Pengeluaran,1722053.0,E-Wallet
4615,2026-02-18,Transfer,Belanja Bulanan,Pengeluaran,256693.0,Kartu Debit
4617,2025-01-23,Grab,Transportasi,Pengeluaran,16777.0,Tunai
4619,2024-09-06,Lazada,Belanja Bulanan,Pengeluaran,99444.0,Kartu Debit
4620,2025-09-08,Bayar teman,Transfer Teman/Keluarga,Pemasukan,377505.0,Kartu Debit
4621,2024-07-30,Konser,Hiburan,Pengeluaran,62733.0,Kartu Kredit
4622,2024-08-26,Marketplace,Makanan & Minuman,Pengeluaran,43399.0,E-Wallet
4623,2025-02-19,Kirim uang,Transfer Teman/Keluarga,Pengeluaran,175569.0,E-Wallet
4624,2026-03-16,Pulsa & Internet,Pulsa & Internet,Pengeluaran,101877.0,E-Wallet
4625,2025-01-13,Ngopi,Makanan & Minuman,Pengeluaran,60415.0,Transfer Bank
4626,2025-12-22,Konser,Hiburan,Pengeluaran,69911.0,Kartu Debit
4627,2025-04-26,Kirim uang,Transfer Teman/Keluarga,Pengeluaran,212146.0,E-Wallet
4628,2025-07-07,Kirim uang,Transfer Teman/Keluarga,Pengeluaran,337556.0,Tunai
4629,2026-03-27,Paket data,Pulsa & Internet,Pengeluaran,129616.0,Transfer Bank
4630,2024-09-25,Bensin,Transportasi,Pengeluaran,25347.0,Transfer Bank
4631,2025-11-21,Patungan,Transfer Teman/Keluarga,Pengeluaran,282166.0,Tunai
4632,2025-07-25,Pembayaran digital,Transportasi,Pengeluaran,85766.0,Transfer Bank
4633,2026-04-22,Tagihan internet,Pulsa & Internet,Pengeluaran,96908.0,Kartu Debit
4634,2024-08-17,GrabFood,Makanan & Minuman,Pengeluaran,97489.0,Kartu Debit
4635,2024-07-15,Tagihan,Tempat Tinggal,Pengeluaran,200691.0,Kartu Debit
4636,2024-07-23,Transfer,Transfer Teman/Keluarga,Pengeluaran,20753.0,Kartu Kredit
4637,2025-06-17,Membership,Pembayaran Langganan,Pengeluaran,222022.0,Kartu Debit
4638,2025-01-27,Gym membership,Pembayaran Langganan,Pengeluaran,81926.0,E-Wallet
4639,2026-05-18,Listrik,Tempat Tinggal,Pengeluaran,1296139.0,Kartu Debit
4640,2025-06-22,Beli pakaian,Belanja Bulanan,Pengeluaran,149834.0,E-Wallet
4641,2024-11-10,Kirim uang,Transfer Teman/Keluarga,Pengeluaran,219967.0,Kartu Kredit
4642,2026-01-19,MRT,Transportasi,Pengeluaran,40706.0,E-Wallet
4643,2026-04-17,Transfer,Transfer Teman/Keluarga,Pengeluaran,10000.0,E-Wallet
4644,2025-08-09,Transfer,Transfer Teman/Keluarga,Pemasukan,35829.0,E-Wallet
4645,2024-08-03,Bensin,Transportasi,Pengeluaran,38963.0,Tunai
4646,2025-07-24,Pembayaran digital,Transportasi,Pengeluaran,30333.0,E-Wallet
4647,2025-08-12,Subscription,Pembayaran Langganan,Pengeluaran,166364.0,E-Wallet
4648,2025-09-16,Bayar teman,Transfer Teman/Keluarga,Pengeluaran,217208.0,Kartu Debit
4649,2025-10-27,Paket data,Pulsa & Internet,Pengeluaran,117865.0,Tunai
4650,2024-11-13,Service AC,Tempat Tinggal,Pengeluaran,431215.0,Kartu Debit
4651,2025-03-11,Transfer,Transfer Teman/Keluarga,Pengeluaran,304549.0,Kartu Debit
4652,2024-07-27,Membership,Pembayaran Langganan,Pengeluaran,248867.0,Tunai
4653,2026-05-16,Shopee,Belanja Bulanan,Pengeluaran,226468.0,E-Wallet
4654,2025-01-11,Kirim uang,Transfer Teman/Keluarga,Pengeluaran,285109.0,Transfer Bank
4655,2025-01-19,Lazada,Belanja Bulanan,Pengeluaran,92867.0,Kartu Debit
4656,2025-12-09,Beli pakaian,Belanja Bulanan,Pengeluaran,322957.0,Kartu Debit
4657,2025-10-04,Shopee,Belanja Bulanan,Pengeluaran,103083.0,Transfer Bank
4658,2024-08-06,Cloud storage,Pembayaran Langganan,Pengeluaran,46563.0,Kartu Kredit
4659,2024-11-09,Air,Tempat Tinggal,Pengeluaran,747144.0,Kartu Debit
4660,2025-04-16,Gym membership,Pembayaran Langganan,Pengeluaran,142395.0,Transfer Bank
4661,2024-07-06,Paket data,Pulsa & Internet,Pengeluaran,241808.0,Kartu Debit
4662,2026-03-02,Wifi rumah,Pulsa & Internet,Pengeluaran,57657.0,Kartu Kredit
4663,2024-07-01,Mkn malam,Makanan & Minuman,Pengeluaran,22998.0,Tunai
4664,2025-05-12,Pulsa,Pulsa & Internet,Pengeluaran,88514.0,E-Wallet
4665,2025-09-20,Liburan,Hiburan,Pengeluaran,223735.0,Transfer Bank
5038,2025-12-22,Pulsa & Internet,Pulsa & Internet,Pengeluaran,139448.0,Kartu Debit
4667,2025-11-25,Supermarket,Belanja Bulanan,Pengeluaran,321772.0,Kartu Kredit
4668,2024-11-18,Game online,Hiburan,Pengeluaran,129567.0,Kartu Debit
4669,2025-12-28,Wifi rumah,Pulsa & Internet,Pengeluaran,35300.0,Tunai
4670,2025-07-03,Tol,Transportasi,Pengeluaran,33716.0,Kartu Kredit
4671,2025-02-09,Parkir,Transportasi,Pengeluaran,31117.0,Kartu Kredit
4672,2025-01-23,Bayar teman,Transfer Teman/Keluarga,Pemasukan,453017.0,Transfer Bank
4673,2026-01-10,Pulsa,Pulsa & Internet,Pengeluaran,326692.0,Kartu Debit
4674,2024-10-23,Tagihan,Pulsa & Internet,Pengeluaran,118874.0,Kartu Kredit
4675,2025-11-29,Bayar teman,Transfer Teman/Keluarga,Pengeluaran,164706.0,Kartu Debit
4676,2025-05-23,KRL,Transportasi,Pengeluaran,29123.0,Kartu Debit
4677,2024-06-14,Patungan,Transfer Teman/Keluarga,Pemasukan,167354.0,Transfer Bank
4678,2024-08-26,Membership,Pembayaran Langganan,Pengeluaran,87650.0,Tunai
4679,2025-01-30,Gym membership,Pembayaran Langganan,Pengeluaran,28463.0,Kartu Kredit
4680,2025-04-19,Gym membership,Pembayaran Langganan,Pengeluaran,153127.0,E-Wallet
4681,2026-05-06,Tagihan,Transfer Teman/Keluarga,Pemasukan,196867.0,Kartu Debit
4682,2025-09-23,Minimarket,Belanja Bulanan,Pengeluaran,247480.0,E-Wallet
4683,2024-08-09,Membership,Pembayaran Langganan,Pengeluaran,173306.0,Kartu Debit
4684,2024-09-29,Jajan,Makanan & Minuman,Pengeluaran,89621.0,Tunai
4685,2024-12-19,Listrik,Tempat Tinggal,Pengeluaran,850799.0,Kartu Debit
4686,2026-05-14,Cafe,Makanan & Minuman,Pengeluaran,39502.0,E-Wallet
4687,2024-12-20,Tol,Transportasi,Pengeluaran,10000.0,Transfer Bank
4688,2024-11-02,Minimarket,Belanja Bulanan,Pengeluaran,316983.0,Kartu Kredit
4689,2025-09-29,Transfer,Transfer Teman/Keluarga,Pemasukan,10793.0,Kartu Debit
4690,2025-09-14,Transfer,Makanan & Minuman,Pengeluaran,62575.0,Transfer Bank
4691,2024-07-09,Netfliix,Hiburan,Pengeluaran,102674.0,Kartu Debit
4692,2024-06-28,Subscription,Pembayaran Langganan,Pengeluaran,89110.0,Kartu Debit
4693,2025-09-02,Supermarket,Belanja Bulanan,Pengeluaran,136184.0,Kartu Debit
4694,2025-10-31,Transfer,Transfer Teman/Keluarga,Pemasukan,185638.0,E-Wallet
4695,2024-09-09,Liburan,Hiburan,Pengeluaran,33743.0,Kartu Kredit
4696,2024-10-01,Makan siang,Makanan & Minuman,Pengeluaran,38128.0,E-Wallet
4697,2026-03-11,THR,Gaji,Pemasukan,6290671.0,Transfer Bank
5039,2024-06-14,Service AC,Tempat Tinggal,Pengeluaran,839738.0,Transfer Bank
4699,2026-03-27,Supermarket,Belanja Bulanan,Pengeluaran,542529.0,Kartu Debit
4700,2026-05-17,Bonus,Gaji,Pemasukan,6409634.0,Tunai
4701,2024-09-10,Cafe,Makanan & Minuman,Pengeluaran,48213.0,Kartu Debit
4702,2024-11-20,Subscription,Pembayaran Langganan,Pengeluaran,100540.0,Transfer Bank
4703,2025-09-13,Wifi rumah,Pulsa & Internet,Pengeluaran,124947.0,Tunai
4704,2025-10-22,Minimarket,Makanan & Minuman,Pengeluaran,18416.0,Kartu Kredit
4705,2024-07-01,Pembayaran digital,Transfer Teman/Keluarga,Pengeluaran,235586.0,E-Wallet
4706,2024-06-01,Patungan,Transfer Teman/Keluarga,Pemasukan,2447407.0,Tunai
4707,2025-01-15,Listrik,Tempat Tinggal,Pengeluaran,631765.0,E-Wallet
4708,2024-07-16,GrabFood,Makanan & Minuman,Pengeluaran,46785.0,Kartu Kredit
4709,2025-11-01,Bioskop,Hiburan,Pengeluaran,104858.0,E-Wallet
4710,2025-08-21,Membership,Pembayaran Langganan,Pengeluaran,78943.0,Kartu Debit
4711,2024-10-18,Kirim uang,Transfer Teman/Keluarga,Pengeluaran,352698.0,Kartu Kredit
4712,2025-07-25,Tagihan internet,Pulsa & Internet,Pengeluaran,15465.0,E-Wallet
4713,2025-10-22,Patungan,Transfer Teman/Keluarga,Pemasukan,938189.0,Transfer Bank
4714,2026-01-12,Liburan,Hiburan,Pengeluaran,106566.0,E-Wallet
4715,2025-10-09,Tagihan internet,Pulsa & Internet,Pengeluaran,117959.0,Transfer Bank
4716,2026-04-29,Patungan,Transfer Teman/Keluarga,Pemasukan,104234.0,E-Wallet
4717,2026-02-26,Listrik,Tempat Tinggal,Pengeluaran,1134162.0,Kartu Kredit
4718,2025-06-04,Bayar teman,Transfer Teman/Keluarga,Pengeluaran,124106.0,Kartu Debit
4719,2024-10-04,Kirim uang,Transfer Teman/Keluarga,Pemasukan,352405.0,Tunai
4720,2025-11-04,Tagihan internet,Pulsa & Internet,Pengeluaran,104471.0,E-Wallet
4721,2025-02-26,Transfer,Tempat Tinggal,Pengeluaran,812651.0,Tunai
4722,2025-11-13,Bayar kos,Tempat Tinggal,Pengeluaran,470253.0,Kartu Debit
4723,2024-09-18,Konser,Hiburan,Pengeluaran,45014.0,Transfer Bank
4724,2025-06-17,Spotify,Hiburan,Pengeluaran,47802.0,Kartu Kredit
4725,2026-02-21,THR,Gaji,Pemasukan,6490872.0,E-Wallet
4726,2024-07-22,Peralatan rumah,Belanja Bulanan,Pengeluaran,210109.0,Kartu Debit
4727,2025-05-03,Bayar kos,Tempat Tinggal,Pengeluaran,844863.0,E-Wallet
4728,2025-12-15,Bayar kos,Tempat Tinggal,Pengeluaran,862498.0,Transfer Bank
4729,2025-01-08,GoFood,Makanan & Minuman,Pengeluaran,77239.0,Kartu Debit
4730,2025-10-19,Parkir,Transportasi,Pengeluaran,52225.0,Kartu Debit
4731,2025-08-10,Game online,Hiburan,Pengeluaran,28096.0,Tunai
4732,2024-07-24,Bayar teman,Transfer Teman/Keluarga,Pemasukan,457836.0,Tunai
4733,2026-04-06,Gaji bulanan,Gaji,Pemasukan,7587508.0,Transfer Bank
4734,2025-02-20,Spotify,Hiburan,Pengeluaran,37935.0,Kartu Kredit
4735,2024-08-07,Spotify,Hiburan,Pengeluaran,114022.0,E-Wallet
4736,2025-07-01,Peralatan rumah,Belanja Bulanan,Pengeluaran,410680.0,E-Wallet
4737,2025-12-31,Paket data,Pulsa & Internet,Pengeluaran,83997.0,Kartu Debit
4738,2025-06-13,Bayar kos,Tempat Tinggal,Pengeluaran,836224.0,Tunai
4739,2025-08-09,Grabb,Transportasi,Pengeluaran,27742.0,Kartu Debit
4740,2025-02-03,Bioskop,Hiburan,Pengeluaran,78685.0,Tunai
4741,2026-04-28,Transfer,Transfer Teman/Keluarga,Pengeluaran,393190.0,Transfer Bank
4742,2024-07-07,Bonus,Gaji,Pemasukan,6560630.0,Kartu Debit
4743,2026-04-18,MRT,Transportasi,Pengeluaran,26954.0,Kartu Debit
4744,2026-01-01,Bayar teman,Transfer Teman/Keluarga,Pemasukan,307767.0,E-Wallet
4745,2024-09-03,Peralatan rumah,Belanja Bulanan,Pengeluaran,94600.0,E-Wallet
4746,2025-02-17,Transfer,Belanja Bulanan,Pemasukan,280229.0,Kartu Debit
4747,2025-06-20,Patungan,Transfer Teman/Keluarga,Pengeluaran,115962.0,Transfer Bank
4748,2026-04-30,Tagihan,Transfer Teman/Keluarga,Pemasukan,488034.0,Kartu Kredit
4749,2025-01-13,Tagihan internet,Pulsa & Internet,Pengeluaran,146890.0,E-Wallet
4750,2025-11-03,GoFood,Makanan & Minuman,Pengeluaran,48134.0,Kartu Kredit
4751,2024-11-11,Peralatan rumah,Belanja Bulanan,Pengeluaran,115648.0,Kartu Kredit
4752,2025-02-07,Kirim uang,Transfer Teman/Keluarga,Pengeluaran,416301.0,Tunai
4753,2025-04-16,Tagihan internet,Pulsa & Internet,Pengeluaran,44540.0,Kartu Debit
4754,2024-07-25,Bonus,Gaji,Pemasukan,4814586.0,E-Wallet
4755,2026-03-31,Gaji bulanan,Gaji,Pemasukan,6352809.0,Kartu Debit
4756,2024-10-27,Pembayaran digital,Hiburan,Pengeluaran,143139.0,E-Wallet
4757,2024-12-20,Pulsa,Pulsa & Internet,Pengeluaran,75136.0,Kartu Kredit
4758,2026-03-28,Service AC,Tempat Tinggal,Pengeluaran,516695.0,Transfer Bank
4759,2025-07-06,KRL,Transportasi,Pengeluaran,22666.0,Transfer Bank
4760,2025-08-20,Kirim uang,Transfer Teman/Keluarga,Pemasukan,246217.0,Tunai
4761,2026-04-25,Spotify,Hiburan,Pengeluaran,5152.0,E-Wallet
4762,2025-01-14,Gaji bulanan,Gaji,Pemasukan,5788503.0,Tunai
4763,2024-12-30,Patungan,Transfer Teman/Keluarga,Pengeluaran,252762.0,Transfer Bank
4764,2024-07-09,Gym membership,Pembayaran Langganan,Pengeluaran,119137.0,Tunai
4765,2024-05-30,Kirim uang,Transfer Teman/Keluarga,Pengeluaran,99615.0,Transfer Bank
4766,2024-07-26,Bonus,Gaji,Pemasukan,55972673.0,Kartu Kredit
4767,2026-01-03,Tagihan,Transportasi,Pengeluaran,41128.0,Kartu Debit
4768,2025-04-22,Shopee,Belanja Bulanan,Pengeluaran,70435.0,Kartu Debit
4769,2025-05-02,MRT,Transportasi,Pengeluaran,99956.0,Lainnya
4770,2025-02-21,Transfer Teman/Keluarga,Transfer Teman/Keluarga,Pengeluaran,391055.0,E-Wallet
4771,2026-02-21,Marketplace,Transfer Teman/Keluarga,Pengeluaran,245172.0,E-Wallet
4772,2025-07-23,Parkir,Transportasi,Pengeluaran,30379.0,Transfer Bank
4773,2025-05-09,Gaji bulanan,Gaji,Pemasukan,6136268.0,Kartu Kredit
4774,2024-08-09,Wifi rumah,Pulsa & Internet,Pengeluaran,1219731.0,Transfer Bank
4775,2026-01-21,Bayar teman,Transfer Teman/Keluarga,Pemasukan,10000.0,Tunai
4776,2025-06-18,Membership,Pembayaran Langganan,Pengeluaran,60289.0,Kartu Debit
4777,2026-02-26,Pembayaran digital,Gaji,Pemasukan,7428066.0,Kartu Kredit
4778,2025-04-09,Bayar teman,Transfer Teman/Keluarga,Pengeluaran,454264.0,Transfer Bank
4779,2026-03-31,Tokopedia,Belanja Bulanan,Pengeluaran,94343.0,E-Wallet
4780,2024-09-21,Paket data,Pulsa & Internet,Pengeluaran,107608.0,E-Wallet
4781,2025-04-02,Bayar kos,Tempat Tinggal,Pengeluaran,1071956.0,Kartu Debit
4782,2024-06-07,Pembayaran digital,Gaji,Pemasukan,7078456.0,Transfer Bank
4783,2025-09-10,Listrik,Tempat Tinggal,Pengeluaran,811547.0,E-Wallet
4784,2025-10-06,MRT,Transportasi,Pengeluaran,31696.0,Tunai
4785,2026-03-03,Gym membership,Pembayaran Langganan,Pengeluaran,10406.0,E-Wallet
4786,2026-01-26,KRL,Transportasi,Pengeluaran,13039.0,Transfer Bank
4787,2025-05-05,Cloud storage,Pembayaran Langganan,Pengeluaran,97871.0,Kartu Debit
4788,2024-06-13,Patungan,Transfer Teman/Keluarga,Pengeluaran,246656.0,Tunai
4789,2024-10-01,Transfer,Transfer Teman/Keluarga,Pemasukan,185726.0,E-Wallet
4790,2025-06-05,Transfer,Transfer Teman/Keluarga,Pengeluaran,396300.0,Tunai
4791,2024-09-21,THR,Gaji,Pemasukan,7846118.0,Kartu Kredit
4792,2025-09-09,Tokopedia,Belanja Bulanan,Pengeluaran,206548.0,Kartu Debit
4793,2025-09-11,Grab,Transportasi,Pengeluaran,10000.0,E-Wallet
4794,2026-02-06,Service AC,Tempat Tinggal,Pengeluaran,1251754.0,Tunai
4795,2026-03-12,Service AC,Tempat Tinggal,Pengeluaran,769297.0,Kartu Debit
4796,2024-07-09,Transfer,Transfer Teman/Keluarga,Pengeluaran,221891.0,Transfer Bank
4797,2024-08-30,KRL,Transportasi,Pengeluaran,16896.0,Transfer Bank
4798,2026-05-08,Peralatan rumah,Belanja Bulanan,Pengeluaran,382686.0,Kartu Debit
4800,2025-12-04,Kirim uang,Transfer Teman/Keluarga,Pengeluaran,332130.0,Kartu Debit
4801,2025-11-30,Transfer,Transfer Teman/Keluarga,Pengeluaran,279050.0,E-Wallet
4802,2024-07-06,Netfliix,Hiburan,Pengeluaran,154754.0,Kartu Debit
4803,2025-01-26,Game online,Hiburan,Pengeluaran,176800.0,Kartu Debit
4804,2024-09-23,Membership,Pembayaran Langganan,Pengeluaran,53991.0,E-Wallet
4805,2026-01-27,GoFood,Makanan & Minuman,Pengeluaran,59927.0,Transfer Bank
4806,2026-05-02,Cloud storage,Pembayaran Langganan,Pengeluaran,55231.0,Tunai
4807,2024-12-02,Listrik,Tempat Tinggal,Pengeluaran,596270.0,E-Wallet
4808,2025-09-21,Gym membership,Pembayaran Langganan,Pengeluaran,84041.0,Kartu Debit
4809,2024-09-09,Konser,Hiburan,Pengeluaran,120223.0,Kartu Kredit
4810,2025-09-08,Transfer,Transfer Teman/Keluarga,Pengeluaran,222720.0,Kartu Debit
4811,2026-01-01,Pembayaran digital,Pulsa & Internet,Pengeluaran,37071.0,E-Wallet
4812,2025-05-12,Wifi rumah,Pulsa & Internet,Pengeluaran,46613.0,Kartu Debit
4813,2026-03-19,Beli pakaian,Belanja Bulanan,Pengeluaran,90717.0,E-Wallet
4814,2025-03-22,THR,Gaji,Pemasukan,8184803.0,Tunai
4815,2025-05-24,Marketplace,Pulsa & Internet,Pengeluaran,100419.0,Kartu Debit
4816,2025-12-25,Tagihan,Belanja Bulanan,Pengeluaran,80819.0,Kartu Debit
4817,2024-09-30,Konser,Hiburan,Pengeluaran,53061.0,Kartu Debit
4818,2025-07-04,Cloud storage,Pembayaran Langganan,Pengeluaran,137482.0,E-Wallet
4819,2025-10-18,Patungan,Transfer Teman/Keluarga,Pemasukan,324178.0,E-Wallet
4820,2024-08-24,Bonus,Gaji,Pemasukan,3492980.0,E-Wallet
4821,2025-10-19,Patungan,Transfer Teman/Keluarga,Pemasukan,59018.0,Kartu Kredit
4822,2026-03-19,Transportasi,Transportasi,Pengeluaran,10000.0,E-Wallet
4823,2026-04-26,Pembayaran digital,Makanan & Minuman,Pengeluaran,61243.0,Kartu Kredit
4824,2026-04-15,Service AC,Tempat Tinggal,Pengeluaran,2039414.0,Tunai
4825,2025-07-09,Tol,Transportasi,Pengeluaran,25376.0,Tunai
4826,2025-04-27,Service AC,Tempat Tinggal,Pengeluaran,995682.0,Kartu Debit
4828,2025-04-19,Bensin,Transportasi,Pengeluaran,28527.0,E-Wallet
4829,2024-10-26,Minimarket,Makanan & Minuman,Pengeluaran,36960.0,Kartu Kredit
4830,2025-05-03,MRT,Transportasi,Pengeluaran,42835.0,Kartu Debit
4831,2025-06-28,Membership,Pembayaran Langganan,Pengeluaran,133661.0,Kartu Kredit
4832,2025-10-13,Gojek,Transportasi,Pengeluaran,18091.0,Tunai
4833,2025-04-06,MRT,Transportasi,Pengeluaran,76156.0,Kartu Debit
4834,2025-11-29,Air,Tempat Tinggal,Pengeluaran,1855996.0,E-Wallet
4835,2025-04-18,Jajan,Makanan & Minuman,Pengeluaran,68746.0,Kartu Debit
4836,2025-01-02,Bioskop,Hiburan,Pengeluaran,81470.0,Kartu Kredit
4837,2025-06-13,Gym membership,Pembayaran Langganan,Pengeluaran,126326.0,E-Wallet
4838,2025-09-02,Tol,Transportasi,Pengeluaran,38005.0,Transfer Bank
4839,2025-11-01,Gaji bulanan,Gaji,Pemasukan,5924422.0,Kartu Kredit
4840,2025-12-22,Bonus,Gaji,Pemasukan,5999914.0,Kartu Debit
4841,2026-01-24,Lazada,Belanja Bulanan,Pengeluaran,593641.0,Kartu Kredit
4842,2025-07-19,Konser,Hiburan,Pengeluaran,163520.0,Transfer Bank
4843,2025-04-25,MRT,Transportasi,Pengeluaran,11713.0,Kartu Debit
4844,2026-01-13,Makan malam,Makanan & Minuman,Pengeluaran,75504.0,E-Wallet
4845,2025-09-19,Bioskop,Hiburan,Pengeluaran,44477.0,Kartu Kredit
4846,2025-10-24,Bioskop,Hiburan,Pengeluaran,229609.0,Kartu Kredit
5040,2024-08-12,Tagihan,Makanan & Minuman,Pengeluaran,67607.0,Kartu Debit
4848,2025-05-28,Tagihan,Tempat Tinggal,Pengeluaran,1005001.0,E-Wallet
4849,2026-05-11,Kirim uang,Transfer Teman/Keluarga,Pengeluaran,601852.0,Kartu Debit
4850,2025-01-28,Beli pakaian,Belanja Bulanan,Pengeluaran,290101.0,Kartu Debit
4851,2025-05-11,Tagihan internet,Pulsa & Internet,Pengeluaran,68931.0,Transfer Bank
4852,2025-08-25,Bensin,Transportasi,Pengeluaran,30767.0,Transfer Bank
4853,2026-05-19,Wifi rumah,Pulsa & Internet,Pengeluaran,88940.0,Tunai
4854,2024-09-25,Tagihan internet,Pulsa & Internet,Pengeluaran,109261.0,Tunai
4855,2025-05-17,THR,Gaji,Pemasukan,17622385.0,Kartu Debit
4856,2026-04-08,Netfliix,Hiburan,Pengeluaran,171695.0,Tunai
4857,2025-10-05,Pulsa,Pulsa & Internet,Pengeluaran,182938.0,Kartu Debit
4858,2025-06-12,Wifi rumah,Pulsa & Internet,Pengeluaran,65537.0,Kartu Kredit
4859,2025-11-01,Bioskop,Hiburan,Pengeluaran,52417.0,Kartu Debit
4860,2024-08-28,Spotify,Hiburan,Pengeluaran,171687.0,Kartu Debit
4861,2025-10-03,Spotify,Pembayaran Langganan,Pengeluaran,78613.0,Tunai
4862,2024-06-13,Patungan,Transfer Teman/Keluarga,Pengeluaran,371844.0,Kartu Debit
4863,2025-06-20,Cloud storage,Pembayaran Langganan,Pengeluaran,194212.0,Tunai
4864,2025-02-26,Netflix,Hiburan,Pengeluaran,67440.0,Kartu Debit
4865,2024-12-09,Tol,Transportasi,Pengeluaran,25227.0,Kartu Debit
4866,2025-04-13,Lazada,Belanja Bulanan,Pengeluaran,211868.0,Kartu Debit
4867,2025-04-23,Restoran,Makanan & Minuman,Pengeluaran,37317.0,Kartu Debit
4868,2025-01-26,Bensin,Transportasi,Pengeluaran,19809.0,Kartu Debit
4869,2025-03-05,Kirim uang,Transfer Teman/Keluarga,Pemasukan,411763.0,E-Wallet
4870,2025-02-04,Tokopedia,Belanja Bulanan,Pengeluaran,98826.0,Kartu Debit
4871,2025-08-31,Gym membership,Pembayaran Langganan,Pengeluaran,15476.0,Kartu Debit
4872,2024-07-19,Cloud storage,Pembayaran Langganan,Pengeluaran,526366.0,Transfer Bank
4873,2025-11-11,Pulsa,Pulsa & Internet,Pengeluaran,92818.0,Transfer Bank
4874,2025-01-11,Spotify,Hiburan,Pengeluaran,255781.0,Kartu Kredit
4875,2025-11-26,Kirim uang,Transfer Teman/Keluarga,Pemasukan,161954.0,Kartu Debit
4876,2025-07-26,Tagihan internet,Pulsa & Internet,Pengeluaran,113278.0,E-Wallet
4877,2026-02-26,Tagihan internet,Pulsa & Internet,Pengeluaran,182797.0,Kartu Debit
4878,2024-11-27,Membership,Pembayaran Langganan,Pengeluaran,160071.0,Tunai
4879,2025-05-21,Bayar teman,Transfer Teman/Keluarga,Pemasukan,355282.0,Kartu Debit
4880,2025-07-27,Gym membership,Pembayaran Langganan,Pengeluaran,200311.0,Kartu Debit
4881,2025-12-24,Tagihan internet,Pulsa & Internet,Pengeluaran,46354.0,E-Wallet
4882,2025-02-02,Peralatan rumah,Belanja Bulanan,Pengeluaran,349406.0,Tunai
4883,2024-09-13,Iuran lingkungan,Tempat Tinggal,Pengeluaran,920487.0,E-Wallet
4884,2025-07-21,Jajan,Makanan & Minuman,Pengeluaran,81596.0,Transfer Bank
4885,2025-06-24,Subscription,Pembayaran Langganan,Pengeluaran,90052.0,Kartu Debit
4886,2025-02-19,Tagihan,Pembayaran Langganan,Pengeluaran,118819.0,Kartu Debit
4887,2026-05-24,Marketplace,Gaji,Pemasukan,6377533.0,E-Wallet
4888,2025-09-17,Kirim uang,Transfer Teman/Keluarga,Pengeluaran,312599.0,E-Wallet
4889,2025-01-31,Membership,Pembayaran Langganan,Pengeluaran,123965.0,Transfer Bank
4890,2026-04-04,Transfer,Transfer Teman/Keluarga,Pemasukan,501708.0,Kartu Kredit
4891,2025-12-29,Minimarket,Makanan & Minuman,Pengeluaran,30146.0,Transfer Bank
4892,2025-01-07,Pembayaran digital,Transfer Teman/Keluarga,Pengeluaran,167679.0,Tunai
4893,2025-05-08,Transfer,Transfer Teman/Keluarga,Pemasukan,136632.0,Tunai
4895,2024-08-26,Cloud storage,Pembayaran Langganan,Pengeluaran,181195.0,Kartu Debit
4896,2024-06-30,Liburan,Hiburan,Pengeluaran,143529.0,Kartu Debit
4897,2024-08-21,Tagihan internet,Pulsa & Internet,Pengeluaran,94988.0,Kartu Debit
4898,2025-07-02,Tempat Tinggal,Tempat Tinggal,Pengeluaran,744498.0,E-Wallet
4899,2025-01-23,GrabFood,Makanan & Minuman,Pengeluaran,40972.0,Kartu Debit
4900,2025-09-20,Wifi rumah,Pulsa & Internet,Pengeluaran,106141.0,E-Wallet
4901,2026-05-20,Spotify,Hiburan,Pengeluaran,611717.0,E-Wallet
4902,2025-11-12,Bonus,Gaji,Pemasukan,5956622.0,Kartu Debit
4903,2025-07-26,Pembayaran digital,Belanja Bulanan,Pengeluaran,172028.0,Kartu Debit
4904,2025-05-19,Patungan,Transfer Teman/Keluarga,Pengeluaran,36030.0,Kartu Debit
4905,2025-12-22,Liburan,Hiburan,Pengeluaran,27008.0,Kartu Debit
4906,2025-09-17,Tagihan internet,Pulsa & Internet,Pengeluaran,132741.0,Tunai
4907,2024-07-18,THR,Gaji,Pemasukan,7516676.0,Kartu Debit
4908,2025-06-25,THR,Gaji,Pemasukan,8548154.0,Kartu Kredit
4909,2025-10-18,Patungan,Transfer Teman/Keluarga,Pengeluaran,511674.0,Kartu Kredit
4910,2025-08-31,Pulsa,Pulsa & Internet,Pengeluaran,97545.0,Tunai
4911,2024-12-05,Listrik,Tempat Tinggal,Pengeluaran,619445.0,Kartu Debit
4912,2024-10-16,Iuran lingkungan,Tempat Tinggal,Pengeluaran,843825.0,E-Wallet
4913,2024-06-15,Subscription,Hiburan,Pengeluaran,183187.0,E-Wallet
4914,2025-03-04,Gym membership,Pembayaran Langganan,Pengeluaran,90330.0,E-Wallet
4915,2025-03-27,Konser,Hiburan,Pengeluaran,167793.0,Transfer Bank
4916,2024-08-31,Paket data,Pulsa & Internet,Pengeluaran,99939.0,Tunai
4918,2024-12-23,Cafe,Makanan & Minuman,Pengeluaran,47110.0,Kartu Kredit
4919,2025-07-15,Bioskop,Hiburan,Pengeluaran,64876.0,Transfer Bank
4920,2024-12-24,Beli pakaian,Belanja Bulanan,Pengeluaran,201868.0,Kartu Debit
4921,2026-01-23,Membership,Pembayaran Langganan,Pengeluaran,167528.0,E-Wallet
4922,2025-08-11,Patungan,Transfer Teman/Keluarga,Pengeluaran,287831.0,Kartu Kredit
4923,2025-03-19,Iuran lingkungan,Tempat Tinggal,Pengeluaran,533696.0,E-Wallet
4924,2024-12-04,Liburan,Hiburan,Pengeluaran,369553.0,Tunai
4925,2025-06-24,Wifi rumah,Pulsa & Internet,Pengeluaran,107415.0,Tunai
4926,2024-06-27,Gaji bulanan,Gaji,Pemasukan,7005520.0,Kartu Debit
4927,2024-06-22,Netflix,Hiburan,Pengeluaran,155550.0,Kartu Kredit
4928,2024-08-01,Patungan,Transfer Teman/Keluarga,Pengeluaran,10000.0,E-Wallet
4929,2026-03-30,Listrik,Tempat Tinggal,Pengeluaran,703512.0,E-Wallet
4930,2024-09-15,Transfer,Transfer Teman/Keluarga,Pengeluaran,120361.0,E-Wallet
4931,2026-04-04,GoFood,Makanan & Minuman,Pengeluaran,38213.0,Transfer Bank
4932,2026-05-04,Iuran lingkungan,Tempat Tinggal,Pengeluaran,908555.0,Tunai
4933,2025-05-28,Listrik,Tempat Tinggal,Pengeluaran,701334.0,Transfer Bank
4934,2024-11-19,Bayar teman,Transfer Teman/Keluarga,Pemasukan,274227.0,E-Wallet
4935,2025-09-13,Minimarket,Belanja Bulanan,Pengeluaran,107011.0,Kartu Kredit
4936,2024-08-14,Gaji bulanan,Gaji,Pemasukan,7443539.0,Transfer Bank
4937,2025-05-02,Pembayaran digital,Gaji,Pemasukan,5807832.0,Kartu Debit
4938,2026-03-19,Tagihan,Tempat Tinggal,Pengeluaran,657936.0,Kartu Debit
4939,2025-08-04,Grab,Transportasi,Pengeluaran,61168.0,E-Wallet
4940,2025-02-28,Bayar teman,Transfer Teman/Keluarga,Pengeluaran,342769.0,Tunai
4941,2026-02-18,Patungan,Transfer Teman/Keluarga,Pengeluaran,617929.0,Tunai
4942,2024-11-10,Membership,Pembayaran Langganan,Pengeluaran,182301.0,E-Wallet
4943,2025-11-27,Patungan,Transfer Teman/Keluarga,Pemasukan,250128.0,Kartu Kredit
4944,2025-08-19,Beli pakaian,Belanja Bulanan,Pengeluaran,249222.0,Kartu Kredit
4945,2025-05-06,Service AC,Tempat Tinggal,Pengeluaran,867714.0,Transfer Bank
4946,2024-06-24,Parkir,Transportasi,Pengeluaran,26966.0,E-Wallet
4947,2025-04-30,Ngopi,Makanan & Minuman,Pengeluaran,38870.0,E-Wallet
4948,2025-03-06,Netflix,Pulsa & Internet,Pengeluaran,141782.0,Kartu Debit
4949,2025-09-24,Gym membership,Pembayaran Langganan,Pengeluaran,104032.0,Kartu Debit
4950,2025-04-09,THR,Gaji,Pemasukan,7648871.0,Kartu Kredit
4951,2026-01-28,Kirim uang,Transfer Teman/Keluarga,Pengeluaran,254919.0,E-Wallet
4952,2024-12-21,Listrik,Tempat Tinggal,Pengeluaran,590636.0,Kartu Kredit
4953,2026-04-04,Shopee,Belanja Bulanan,Pengeluaran,196844.0,Transfer Bank
4954,2025-03-19,THR,Gaji,Pemasukan,7728097.0,E-Wallet
4955,2025-05-05,Kirim uang,Transfer Teman/Keluarga,Pengeluaran,10000.0,E-Wallet
4956,2024-07-20,Patungan,Transfer Teman/Keluarga,Pemasukan,388157.0,Kartu Debit
4957,2024-11-04,Netflix,Hiburan,Pengeluaran,43617.0,Tunai
4958,2025-11-16,Grabb,Transportasi,Pengeluaran,10000.0,Kartu Kredit
4959,2026-05-19,Listrik,Tempat Tinggal,Pengeluaran,1082869.0,Transfer Bank
4960,2025-03-20,Iuran lingkungan,Tempat Tinggal,Pengeluaran,919640.0,Tunai
4961,2025-05-07,Kirim uang,Transfer Teman/Keluarga,Pemasukan,100249.0,Tunai
4962,2024-11-27,Iuran lingkungan,Tempat Tinggal,Pengeluaran,1163222.0,Kartu Debit
4963,2024-10-09,Game online,Hiburan,Pengeluaran,70674.0,E-Wallet
4964,2026-05-03,Subscription,Pembayaran Langganan,Pengeluaran,175055.0,E-Wallet
4965,2025-06-21,Bonus,Gaji,Pemasukan,6449618.0,Transfer Bank
4966,2025-09-15,Pulsa,Pulsa & Internet,Pengeluaran,119318.0,Tunai
4967,2025-12-30,Grab,Transportasi,Pengeluaran,38763.0,Kartu Kredit
4968,2024-12-18,Pulsa,Pulsa & Internet,Pengeluaran,81789.0,Kartu Debit
4969,2025-11-03,Beli pakaian,Belanja Bulanan,Pengeluaran,318273.0,Kartu Debit
4970,2024-07-06,Shopee,Belanja Bulanan,Pengeluaran,255042.0,Kartu Debit
4971,2025-03-25,Pulsa,Pulsa & Internet,Pengeluaran,157510.0,Kartu Kredit
4972,2026-02-13,Listrik,Tempat Tinggal,Pengeluaran,502262.0,Tunai
4973,2026-02-22,Cloud storage,Pembayaran Langganan,Pengeluaran,96077.0,Kartu Kredit
4974,2025-11-05,Air,Tempat Tinggal,Pengeluaran,628932.0,E-Wallet
4975,2024-06-03,Pulsa,Pulsa & Internet,Pengeluaran,293175.0,Tunai
4976,2026-01-09,Gaji,Gaji,Pemasukan,8745104.0,Transfer Bank
4977,2025-04-28,Bayar teman,Transfer Teman/Keluarga,Pemasukan,332128.0,E-Wallet
4978,2025-07-06,Service AC,Tempat Tinggal,Pengeluaran,1292843.0,E-Wallet
4979,2025-05-10,Bioskop,Hiburan,Pengeluaran,46297.0,Transfer Bank
4980,2025-02-19,Supermarket,Belanja Bulanan,Pengeluaran,76792.0,E-Wallet
4981,2025-12-15,Bayar teman,Transfer Teman/Keluarga,Pemasukan,168413.0,Kartu Debit
4982,2024-11-05,Bensin,Transportasi,Pengeluaran,44645.0,Kartu Debit
4983,2026-04-27,Membership,Pembayaran Langganan,Pengeluaran,236296.0,Kartu Debit
4984,2026-01-21,Tokopedia,Belanja Bulanan,Pengeluaran,207515.0,E-Wallet
4985,2026-02-06,Gym membership,Pembayaran Langganan,Pengeluaran,147418.0,Lainnya
4986,2025-01-14,Bayar teman,Transfer Teman/Keluarga,Pengeluaran,426219.0,Kartu Debit
4987,2024-08-12,Membership,Pembayaran Langganan,Pengeluaran,121684.0,E-Wallet
4988,2024-09-15,Konser,Hiburan,Pengeluaran,15291.0,Kartu Kredit
4989,2024-10-31,Iuran lingkungan,Tempat Tinggal,Pengeluaran,954178.0,Kartu Kredit
4990,2024-11-10,Service AC,Tempat Tinggal,Pengeluaran,833979.0,Kartu Debit
4991,2025-04-04,Jajan,Makanan & Minuman,Pengeluaran,45198.0,E-Wallet
4992,2025-05-14,Bayar teman,Transfer Teman/Keluarga,Pengeluaran,251669.0,E-Wallet
4993,2025-09-12,Spotify,Hiburan,Pengeluaran,125326.0,Transfer Bank
4994,2026-04-26,Bioskop,Hiburan,Pengeluaran,102295.0,Lainnya
4995,2024-11-12,Ngopi,Makanan & Minuman,Pengeluaran,77460.0,Transfer Bank
4996,2026-04-20,Cloud storage,Pembayaran Langganan,Pengeluaran,94951.0,Tunai
4997,2025-09-25,Marketplace,Gaji,Pemasukan,6864166.0,Kartu Debit
4998,2024-06-17,Konser,Hiburan,Pengeluaran,111160.0,Kartu Kredit
4999,2025-06-08,Bayar kos,Tempat Tinggal,Pengeluaran,924072.0,E-Wallet
5000,2025-12-22,Service AC,Tempat Tinggal,Pengeluaran,822726.0,Kartu Debit
2920,2026-02-26,Bayar teman,Transfer Teman/Keluarga,Pengeluaran,510725.0,E-Wallet
770,2024-09-18,Grab,Transportasi,Pengeluaran,57993.0,E-Wallet
2392,2024-08-22,Shopee,Belanja Bulanan,Pengeluaran,29082.0,Kartu Kredit
1185,2024-11-21,Paket data,Pulsa & Internet,Pengeluaran,74791.0,Kartu Debit
4118,2025-03-17,Tagihan,Tempat Tinggal,Pemasukan,149105.0,Transfer Bank
2905,2026-03-26,Liburan,Hiburan,Pengeluaran,55220.0,E-Wallet
2048,2025-09-01,Pulsa & Internet,Pulsa & Internet,Pengeluaran,143607.0,Kartu Kredit
1807,2025-12-20,Transfer,Belanja Bulanan,Pemasukan,226254.0,Kartu Kredit
1268,2024-08-15,Transfer,Transfer Teman/Keluarga,Pengeluaran,509944.0,E-Wallet
647,2025-03-18,Bonus,Gaji,Pemasukan,6780504.0,E-Wallet
2889,2026-01-15,Kirim uang,Transfer Teman/Keluarga,Pemasukan,95189.0,Kartu Debit
4015,2025-06-24,Wifi rumah,Pulsa & Internet,Pengeluaran,221637.0,Tunai
1956,2024-11-02,Kirim uang,Transfer Teman/Keluarga,Pemasukan,259173.0,E-Wallet
4298,2025-03-21,Patungan,Transfer Teman/Keluarga,Pengeluaran,197555.0,Transfer Bank
3799,2026-01-08,Trf,Transfer Teman/Keluarga,Pengeluaran,823152.0,E-Wallet
3562,2025-10-11,Marketplace,Belanja Bulanan,Pengeluaran,125828.0,Kartu Debit
4599,2025-01-04,Trf,Pulsa & Internet,Pengeluaran,212150.0,Kartu Debit
2455,2025-10-14,Wifi rumah,Pulsa & Internet,Pengeluaran,150213.0,E-Wallet
3646,2025-05-10,Gojek,Transportasi,Pengeluaran,19527.0,E-Wallet
1571,2025-01-15,Shopee,Belanja Bulanan,Pengeluaran,193884.0,Lainnya
1029,2024-10-09,Konser,Hiburan,Pengeluaran,146388.0,Kartu Kredit
4489,2024-11-04,Transfer,Belanja Bulanan,Pemasukan,196217.0,Kartu Debit
864,2025-10-06,Gaji bulanan,Gaji,Pemasukan,2709658.0,Kartu Debit
564,2024-06-13,Patungan,Transfer Teman/Keluarga,Pemasukan,8830.0,Kartu Kredit
1060,2026-04-19,Marketplace,Transfer Teman/Keluarga,Pemasukan,372122.0,Kartu Debit
2730,2024-11-29,Transfer,Transfer Teman/Keluarga,Pemasukan,227929.0,Tunai
2694,2025-11-21,Supermarket,Belanja Bulanan,Pengeluaran,191055.0,Transfer Bank
3303,2025-04-14,Shopee,Belanja Bulanan,Pengeluaran,45263.0,Kartu Debit
2676,2026-05-24,Patungan,Transfer Teman/Keluarga,Pengeluaran,223507.0,Transfer Bank
4745,2024-09-03,Peralatan rumah,Belanja Bulanan,Pengeluaran,273583.0,E-Wallet
4414,2026-01-24,Subscription,Pembayaran Langganan,Pengeluaran,991395.0,Kartu Kredit
3764,2025-06-02,Tokopedia,Belanja Bulanan,Pengeluaran,197161.0,E-Wallet
4660,2025-04-16,Gym membership,Pembayaran Langganan,Pengeluaran,268060.0,Transfer Bank
1292,2025-07-12,Game online,Hiburan,Pengeluaran,140607.0,Kartu Debit
3582,2025-01-18,Patungan,Transfer Teman/Keluarga,Pengeluaran,2914993.0,Tunai
4932,2026-05-04,Iuran lingkungan,Tempat Tinggal,Pengeluaran,2033825.0,Tunai
4497,2024-07-11,Tokopedia,Belanja Bulanan,Pengeluaran,322891.0,Kartu Debit
4390,2024-10-01,Minimarket,Makanan & Minuman,Pengeluaran,15205.0,Tunai
198,2025-06-16,MRT,Transportasi,Pengeluaran,40739.0,Kartu Debit
609,2026-03-22,Gym membership,Pembayaran Langganan,Pengeluaran,68731.0,Kartu Debit
1148,2024-09-08,Peralatan rumah,Belanja Bulanan,Pengeluaran,288346.0,E-Wallet
1370,2026-03-24,Transfer,Transfer Teman/Keluarga,Pemasukan,182867.0,E-Wallet
1735,2024-08-11,Air,Tempat Tinggal,Pengeluaran,1418485.0,Kartu Debit
2920,2026-02-26,Bayar teman,Transfer Teman/Keluarga,Pengeluaran,225916.0,E-Wallet
4737,2025-12-31,Paket data,Pulsa & Internet,Pengeluaran,134879.0,Kartu Debit
1803,2026-03-15,Bayar kos,Tempat Tinggal,Pengeluaran,835764.0,E-Wallet
4062,2024-09-10,Cafe,Makanan & Minuman,Pengeluaran,79144.0,Kartu Debit
263,2025-06-13,Paket data,Pulsa & Internet,Pengeluaran,73710.0,Transfer Bank
3644,2026-03-01,Netflix,Hiburan,Pengeluaran,72796.0,Kartu Debit
1683,2025-03-14,Subscription,Hiburan,Pengeluaran,183233.0,Kartu Kredit
2256,2024-11-01,Iuran lingkungan,Tempat Tinggal,Pengeluaran,611288.0,Transfer Bank
1697,2024-06-18,Gojekk,Transportasi,Pengeluaran,11162.0,E-Wallet
4724,2025-06-17,Spotify,Hiburan,Pengeluaran,31977.0,Kartu Kredit
1649,2025-03-23,GrabFood,Makanan & Minuman,Pengeluaran,56767.0,E-Wallet
4200,2025-12-12,Bonus,Gaji,Pemasukan,7782494.0,Transfer Bank
3778,2026-04-15,Tokopedia,Belanja Bulanan,Pengeluaran,226168.0,Kartu Kredit
2870,2024-06-06,Tol,Transportasi,Pengeluaran,31646.0,E-Wallet
3235,2024-09-17,Bayar teman,Transfer Teman/Keluarga,Pengeluaran,264917.0,Kartu Kredit
957,2024-07-22,Jajan,Makanan & Minuman,Pengeluaran,162744.0,Kartu Kredit
